<?xml version="1.0" ?>
<cml>
    <MDocument>
        <MChemicalStruct>
            <molecule title="ChEBI" molID="m1">
                <propertyList>
                    <property dictRef="cdk:Title" title="cdk:Title">
                        <scalar>ChEBI</scalar>
                    </property>
                    <property dictRef="ChEBI ID" title="ChEBI ID">
                        <scalar><![CDATA[CHEBI:16292, CHEBI:16392]]></scalar>
                    </property>
                    <property dictRef="ChEBI Name" title="ChEBI Name">
                        <scalar>D-arabinono-1,4-lactone</scalar>
                    </property>
                    <property dictRef="Star" title="Star">
                        <scalar>3</scalar>
                    </property>
                </propertyList>
                <atomArray>
                    <atom id="a1" elementType="C"
                          x2="17.673946065809197" y2="-9.721884569478668" />
                    <atom id="a2" elementType="C"
                          x2="14.080224025761643" y2="-4.4682144126516175" />
                    <atom id="a3" elementType="C"
                          x2="12.156304760686290" y2="-10.759302763085742" />
                    <atom id="a4" elementType="C"
                          x2="13.146197679603558" y2="-9.044757933468372" />
                    <atom id="a5" elementType="C"
                          x2="14.543405923957383" y2="-7.095049491065142" />
                    <atom id="a6" elementType="C"
                          x2="14.016694903235853" y2="-8.542176127075441" />
                    <atom id="a7" elementType="C"
                          x2="16.340266943981160" y2="-12.031884569478670" />
                    <atom id="a8" elementType="C"
                          x2="13.672908700325088" y2="-12.031884569478668" />
                    <atom id="a9" elementType="C"
                          x2="16.340266943981160" y2="-10.491884569478666" />
                    <atom id="a10" elementType="C"
                          x2="13.553513005040113" y2="-5.915341048661917" />
                    <atom id="a11" elementType="C"
                          x2="15.006587822153124" y2="-12.801884569478670" />
                    <atom id="a12" elementType="C"
                          x2="13.672908700325090" y2="-10.491884569478670" />
                    <atom id="a13" elementType="C"
                          x2="15.006587822153124" y2="-9.721884569478668" />
                    <atom id="a14" elementType="O"
                          x2="12.036909065401312" y2="-6.182759242268990" />
                    <atom id="a15" elementType="O"
                          x2="15.006587822153122" y2="-14.341884569478670" />
                    <atom id="a16" elementType="O"
                          x2="15.996480741070394" y2="-8.542176127075441" />
                    <atom id="a17" elementType="H"
                          x2="16.060009863596186" y2="-6.827631297458069" />
                    <atom id="a18" elementType="H"
                          x2="12.500090963597053" y2="-8.809594320682516" />
                    <atom id="a19" elementType="H"
                          x2="15.070116944678913" y2="-5.647922855054844" />
                </atomArray>
                <bondArray>
                    <bond atomRefs2="a6 a5" order="2">
                        <bondStereo>T</bondStereo>
                    </bond>
                    <bond atomRefs2="a9 a1" order="1" />
                    <bond atomRefs2="a9 a7" order="2" />
                    <bond atomRefs2="a10 a2" order="1" />
                    <bond atomRefs2="a10 a5" order="1" />
                    <bond atomRefs2="a11 a7" order="1" />
                    <bond atomRefs2="a11 a8" order="1" />
                    <bond atomRefs2="a12 a3" order="1" />
                    <bond atomRefs2="a12 a4" order="1" />
                    <bond atomRefs2="a12 a8" order="1" />
                    <bond atomRefs2="a13 a6" order="1">
                        <bondStereo dictRef="cml:H">H</bondStereo>
                    </bond>
                    <bond atomRefs2="a13 a9" order="1" />
                    <bond atomRefs2="a13 a12" order="1" />
                    <bond atomRefs2="a14 a10" order="1" />
                    <bond atomRefs2="a15 a11" order="2" />
                    <bond atomRefs2="a13 a16" order="1">
                        <bondStereo dictRef="cml:W">W</bondStereo>
                    </bond>
                    <bond atomRefs2="a17 a5" order="1" />
                    <bond atomRefs2="a18 a6" order="1" />
                    <bond atomRefs2="a19 a10" order="1" />
                </bondArray>
            </molecule>
        </MChemicalStruct>
    </MDocument>
</cml>
