<?xml version="1.0" ?>
<cml>
    <MDocument>
        <MChemicalStruct>
            <molecule molID="m1">
                <atomArray>
                    <atom id="a1" elementType="O"
                          x3="-1.063157486584971" y3="-1.9350603427675637" z3="0.05487591222932247" />
                    <atom id="a2" elementType="C"
                          x3="-2.1803880026351052" y3="-2.5507413895823747" z3="0.5144881128276769" />
                    <atom id="a3" elementType="C"
                          x3="-2.960051480696173" y3="-1.5854585523746478" z3="1.1400336863685787" />
                    <atom id="a4" elementType="C"
                          x3="-2.274726062202252" y3="-0.3875972951046979" z3="1.0373187704349633" />
                    <atom id="a5" elementType="C"
                          x3="-1.0753248533949598" y3="-0.6133738159705623" z3="0.3501440208986521" />
                    <atom id="a6" elementType="C"
                          x3="-0.1456453030137428" y3="0.3962925611578672" z3="0.07635982106329176" />
                    <atom id="a7" elementType="C"
                          x3="1.0647848917259315" y3="0.46326430373417005" z3="-0.5527126568690386" />
                    <atom id="a8" elementType="C"
                          x3="1.7025051726179277" y3="1.752914713730551" z3="-0.610054620372641" />
                    <atom id="a9" elementType="C"
                          x3="1.286586054004186" y3="3.006115085430137" z3="-0.11503619189884252" />
                    <atom id="a10" elementType="C"
                          x3="2.2437113176519135" y3="3.961581258439340" z3="-0.41525911943150035" />
                    <atom id="a11" elementType="C"
                          x3="3.249333107725376" y3="3.3034382999387923" z3="-1.0938570711265208" />
                    <atom id="a12" elementType="O"
                          x3="2.908142096798615" y3="2.0025363773140423" z3="-1.196667775928732" />
                    <atom id="a13" elementType="C"
                          x3="1.7653739085311846" y3="-0.6275662915014476" z3="-1.1636395207033303" />
                    <atom id="a14" elementType="C"
                          x3="1.376773279538357" y3="-2.052327597166071" z3="-1.2683019303527776" />
                    <atom id="a15" elementType="O"
                          x3="2.877999535006529" y3="-0.4480562790196954" z3="-1.7161091952888068" />
                    <atom id="a16" elementType="N" formalCharge="1"
                          x3="-2.4557375845707763" y3="-3.836873974026957" z3="0.3798901706147122" />
                    <atom id="a17" elementType="O" formalCharge="-1"
                          x3="-3.5255113116249723" y3="-4.344715125190258" z3="0.8378286258711417" />
                    <atom id="a18" elementType="O"
                          x3="-1.7119457167432504" y3="-4.547776599923311" z3="-0.1709950898374886" />
                </atomArray>
                <bondArray>
                    <bond atomRefs2="a1 a2" order="1" />
                    <bond atomRefs2="a1 a5" order="1" />
                    <bond atomRefs2="a2 a3" order="2" />
                    <bond atomRefs2="a3 a4" order="1" />
                    <bond atomRefs2="a4 a5" order="2" />
                    <bond atomRefs2="a5 a6" order="1" />
                    <bond atomRefs2="a6 a7" order="2" />
                    <bond atomRefs2="a7 a8" order="1" />
                    <bond atomRefs2="a8 a9" order="2" />
                    <bond atomRefs2="a8 a12" order="1" />
                    <bond atomRefs2="a9 a10" order="1" />
                    <bond atomRefs2="a10 a11" order="2" />
                    <bond atomRefs2="a11 a12" order="1" />
                    <bond atomRefs2="a7 a13" order="1" />
                    <bond atomRefs2="a13 a14" order="1" />
                    <bond atomRefs2="a13 a15" order="2" />
                    <bond atomRefs2="a2 a16" order="1" />
                    <bond atomRefs2="a16 a17" order="1" />
                    <bond atomRefs2="a16 a18" order="2" />
                </bondArray>
            </molecule>
        </MChemicalStruct>
    </MDocument>
</cml>
