<?xml version="1.0" ?>
<cml>
    <MDocument>
        <MChemicalStruct>
            <molecule molID="m1">
                <atomArray>
                    <atom id="a1" elementType="C"
                          x2="-2.1491221112870074" y2="1.743898462049385" />
                    <atom id="a2" elementType="C"
                          x2="-3.6891221112870074" y2="1.743898462049385" />
                    <atom id="a3" elementType="N"
                          x2="-5.229122111287007" y2="1.7438984620493847" />
                    <atom id="a4" elementType="O"
                          x2="-1.3791221112870078" y2="0.4102193402213492" />
                </atomArray>
                <bondArray>
                    <bond atomRefs2="a1 a2" order="2" />
                    <bond atomRefs2="a2 a3" order="2" />
                    <bond atomRefs2="a1 a4" order="1" />
                </bondArray>
            </molecule>
        </MChemicalStruct>
    </MDocument>
</cml>
