<?xml version="1.0" encoding="MacRoman"?>
<cml xmlns="http://www.chemaxon.com"
     xmlns:xsi="http://www.w3.org/2001/XMLSchema-instance"
     version="ChemAxon file format v6.2, generated by v6.2.1">
    <MHead>
        <MarvinGUI>
            <mprop name="saveproperties" dataType="xsd:boolean"
                   value="true"></mprop>
            <mprop name="setColoringEnabled" dataType="xsd:boolean"
                   value="true"></mprop>
            <mprop name="atomNumberingType" dataType="xsd:integer"
                   value="1"></mprop>
            <mprop name="atomPropertiesVisible" dataType="xsd:boolean"
                   value="true"></mprop>
            <mprop name="atomMappingVisible" dataType="xsd:boolean"
                   value="true"></mprop>
            <mprop name="grinvVisible" dataType="xsd:boolean"
                   value="false"></mprop>
            <mprop name="ezVisible" dataType="xsd:boolean" value="true"></mprop>
            <mprop name="bondLengthVisible" dataType="xsd:boolean"
                   value="false"></mprop>
            <mprop name="bondDraggedAlong" dataType="xsd:boolean"
                   value="true"></mprop>
            <mprop name="valenceErrorVisible" dataType="xsd:boolean"
                   value="true"></mprop>
            <mprop name="valenceErrorVisibleInView" dataType="xsd:boolean"
                   value="false"></mprop>
            <mprop name="atomSymbolVisible3D" dataType="xsd:boolean"
                   value="true"></mprop>
            <mprop name="rgroupsVisible" dataType="xsd:boolean"
                   value="true"></mprop>
            <mprop name="lonePairsAutoCalc" dataType="xsd:boolean"
                   value="true"></mprop>
            <mprop name="lonePairsAsLine" dataType="xsd:boolean"
                   value="false"></mprop>
            <mprop name="chargeWithCircle" dataType="xsd:boolean"
                   value="false"></mprop>
            <mprop name="molbg" value="#333333"></mprop>
            <mprop name="dispQuality" dataType="xsd:integer" value="1"></mprop>
            <mprop name="chiralitySupport" dataType="xsd:integer"
                   value="2"></mprop>
            <mprop name="invisibleSets" value="0"></mprop>
            <mprop name="atomsize" dataType="xsd:double"
                   value="0.4000000000000001"></mprop>
            <mprop name="bondSpacing" dataType="xsd:double"
                   value="0.18"></mprop>
            <mprop name="wireThickness" dataType="xsd:double"
                   value="0.064"></mprop>
            <mprop name="stickThickness" dataType="xsd:double"
                   value="0.1"></mprop>
            <mprop name="ballRadius" dataType="xsd:double" value="0.5"></mprop>
            <mprop name="circledChargeSize" dataType="xsd:double"
                   value="0.4000000000000001"></mprop>
            <mprop name="rendering" value="wireframe"></mprop>
            <mprop name="downWedge" value="mdl"></mprop>
            <mprop name="coordinateBondStyle" value="arrow"></mprop>
            <mprop name="coordinateBondStyleAtMulticenter"
                   value="hashed"></mprop>
            <mprop name="anybond" value="auto"></mprop>
            <mprop name="atomFont" dataType="xsd:mfont"
                   value="SansSerif-PLAIN-12"></mprop>
            <mprop name="circledChargeFont" dataType="xsd:mfont"
                   value="PT Sans-PLAIN-12"></mprop>
            <mprop name="sketchImplicitH" value="hetero"></mprop>
            <mprop name="lonePairsVisible" dataType="xsd:boolean"
                   value="false"></mprop>
            <mprop name="viewNavMode2d" value="rot3d"></mprop>
            <mprop name="viewNavMode3d" value="rot3d"></mprop>
            <mprop name="autoscale" dataType="xsd:boolean"
                   value="false"></mprop>
            <mprop name="absLabelVisible" dataType="xsd:boolean"
                   value="false"></mprop>
            <mprop name="sketchColorScheme" value="mono"></mprop>
            <mprop name="viewCarbonVisibility" value="inChain"></mprop>
            <mprop name="sketchCarbonVisibility" value="inChain"></mprop>
            <mprop name="viewLigandOrderVisibility"
                   value="showOnlyWithDefinition"></mprop>
            <mprop name="sketchLigandOrderVisibility" value="on"></mprop>
            <mprop name="rLogicVisible" value="on"></mprop>
        </MarvinGUI>
    </MHead>
    <MDocument>
        <MChemicalStruct>
            <molecule molID="m1">
                <atomArray
                        atomID="a1 a2 a3 a4 a5 a6 a7 a8 a9 a10 a11 a12 a13 a14 a15 a16 a17 a18 a19 a20 a21 a22 a23 a24 a25 a26 a27 a28 a29 a30 a31"
                        elementType="C C C C N C C C C O H H C C C C C C C C C C C C C H C S O O O"
                        formalCharge="0 0 0 0 1 0 0 0 0 0 0 0 0 0 0 0 0 0 0 0 0 0 0 0 0 0 0 0 -1 0 0"
                        x2="9.507493333333334 11.540106666666668 10.564773333333335 8.71024 8.440133333333334 11.124586666666668 7.719226666666668 8.898400000000002 12.823440000000002 11.49904 7.205333333333334 10.27096 14.12786666666667 12.880373333333335 15.487733333333336 16.79122666666667 16.735413333333337 15.364533333333336 14.066640000000003 11.576693333333335 11.632880000000002 12.995360000000002 14.303893333333335 14.241360000000002 7.647360000000001 12.873840000000001 7.055440000000001 8.389173333333336 9.722906666666669 7.619173333333333 9.159173333333333"
                        y2="-10.362800000000002 -11.890853333333334 -11.07904 -11.07904 -9.530266666666668 -10.39658666666667 -12.43032 -11.715946666666667 -14.067760000000002 -13.367013333333334 -10.662213333333336 -9.018053333333334 -13.24904 -15.606826666666668 -13.975173333333336 -13.157573333333335 -11.616826666666668 -10.897226666666667 -11.718933333333334 -16.419573333333336 -17.957333333333334 -18.67917333333334 -17.85186666666667 -16.317093333333336 -8.2096 -11.120853333333335 -15.799840000000001 -15.029840000000002 -15.799840000000001 -13.696106666666669 -13.696106666666669"></atomArray>
                <bondArray>
                    <bond id="b1" atomRefs2="a1 a12" order="1">
                        <bondStereo>H</bondStereo>
                    </bond>
                    <bond id="b2" atomRefs2="a9 a13" order="1"></bond>
                    <bond id="b3" atomRefs2="a4 a5" order="1"></bond>
                    <bond id="b4" atomRefs2="a9 a14" order="1"></bond>
                    <bond id="b5" atomRefs2="a5 a1" order="1"></bond>
                    <bond id="b6" atomRefs2="a13 a15" order="2"></bond>
                    <bond id="b7" atomRefs2="a1 a6" order="1"></bond>
                    <bond id="b8" atomRefs2="a15 a16" order="1"></bond>
                    <bond id="b9" atomRefs2="a6 a2" order="1"></bond>
                    <bond id="b10" atomRefs2="a16 a17" order="2"></bond>
                    <bond id="b11" atomRefs2="a4 a7" order="1"></bond>
                    <bond id="b12" atomRefs2="a17 a18" order="1"></bond>
                    <bond id="b13" atomRefs2="a1 a8" order="1"></bond>
                    <bond id="b14" atomRefs2="a18 a19" order="2"></bond>
                    <bond id="b15" atomRefs2="a19 a13" order="1"></bond>
                    <bond id="b16" atomRefs2="a7 a8" order="1"></bond>
                    <bond id="b17" atomRefs2="a14 a20" order="2"></bond>
                    <bond id="b18" atomRefs2="a10 a9" order="1"></bond>
                    <bond id="b19" atomRefs2="a20 a21" order="1"></bond>
                    <bond id="b20" atomRefs2="a2 a3" order="1"></bond>
                    <bond id="b21" atomRefs2="a21 a22" order="2"></bond>
                    <bond id="b22" atomRefs2="a2 a10" order="1"></bond>
                    <bond id="b23" atomRefs2="a22 a23" order="1"></bond>
                    <bond id="b24" atomRefs2="a3 a4" order="1"></bond>
                    <bond id="b25" atomRefs2="a23 a24" order="2"></bond>
                    <bond id="b26" atomRefs2="a24 a14" order="1"></bond>
                    <bond id="b27" atomRefs2="a4 a11" order="1">
                        <bondStereo>W</bondStereo>
                    </bond>
                    <bond id="b28" atomRefs2="a5 a25" order="1"></bond>
                    <bond id="b29" atomRefs2="a2 a26" order="1">
                        <bondStereo>W</bondStereo>
                    </bond>
                    <bond id="b30" atomRefs2="a27 a28" order="1"></bond>
                    <bond id="b31" atomRefs2="a28 a29" order="1"></bond>
                    <bond id="b32" atomRefs2="a28 a30" order="2"></bond>
                    <bond id="b33" atomRefs2="a28 a31" order="2"></bond>
                </bondArray>
            </molecule>
        </MChemicalStruct>
    </MDocument>
</cml>