<?xml version="1.0" encoding="MacRoman"?>
<cml xmlns="http://www.chemaxon.com"
     xmlns:xsi="http://www.w3.org/2001/XMLSchema-instance"
     version="ChemAxon file format v6.2, generated by v6.2.1">
    <MHead>
        <MarvinGUI>
            <mprop name="saveproperties" dataType="xsd:boolean"
                   value="true"></mprop>
            <mprop name="setColoringEnabled" dataType="xsd:boolean"
                   value="true"></mprop>
            <mprop name="atomNumberingType" dataType="xsd:integer"
                   value="1"></mprop>
            <mprop name="atomPropertiesVisible" dataType="xsd:boolean"
                   value="true"></mprop>
            <mprop name="atomMappingVisible" dataType="xsd:boolean"
                   value="true"></mprop>
            <mprop name="grinvVisible" dataType="xsd:boolean"
                   value="false"></mprop>
            <mprop name="ezVisible" dataType="xsd:boolean" value="true"></mprop>
            <mprop name="bondLengthVisible" dataType="xsd:boolean"
                   value="false"></mprop>
            <mprop name="bondDraggedAlong" dataType="xsd:boolean"
                   value="true"></mprop>
            <mprop name="valenceErrorVisible" dataType="xsd:boolean"
                   value="true"></mprop>
            <mprop name="valenceErrorVisibleInView" dataType="xsd:boolean"
                   value="false"></mprop>
            <mprop name="atomSymbolVisible3D" dataType="xsd:boolean"
                   value="true"></mprop>
            <mprop name="rgroupsVisible" dataType="xsd:boolean"
                   value="true"></mprop>
            <mprop name="lonePairsAutoCalc" dataType="xsd:boolean"
                   value="true"></mprop>
            <mprop name="lonePairsAsLine" dataType="xsd:boolean"
                   value="false"></mprop>
            <mprop name="chargeWithCircle" dataType="xsd:boolean"
                   value="false"></mprop>
            <mprop name="molbg" value="#333333"></mprop>
            <mprop name="dispQuality" dataType="xsd:integer" value="1"></mprop>
            <mprop name="chiralitySupport" dataType="xsd:integer"
                   value="2"></mprop>
            <mprop name="invisibleSets" value="0"></mprop>
            <mprop name="atomsize" dataType="xsd:double"
                   value="0.4000000000000001"></mprop>
            <mprop name="bondSpacing" dataType="xsd:double"
                   value="0.18"></mprop>
            <mprop name="wireThickness" dataType="xsd:double"
                   value="0.064"></mprop>
            <mprop name="stickThickness" dataType="xsd:double"
                   value="0.1"></mprop>
            <mprop name="ballRadius" dataType="xsd:double" value="0.5"></mprop>
            <mprop name="circledChargeSize" dataType="xsd:double"
                   value="0.4000000000000001"></mprop>
            <mprop name="rendering" value="wireframe"></mprop>
            <mprop name="downWedge" value="mdl"></mprop>
            <mprop name="coordinateBondStyle" value="arrow"></mprop>
            <mprop name="coordinateBondStyleAtMulticenter"
                   value="hashed"></mprop>
            <mprop name="anybond" value="auto"></mprop>
            <mprop name="atomFont" dataType="xsd:mfont"
                   value="SansSerif-PLAIN-12"></mprop>
            <mprop name="circledChargeFont" dataType="xsd:mfont"
                   value="PT Sans-PLAIN-12"></mprop>
            <mprop name="sketchImplicitH" value="hetero"></mprop>
            <mprop name="lonePairsVisible" dataType="xsd:boolean"
                   value="false"></mprop>
            <mprop name="viewNavMode2d" value="rot3d"></mprop>
            <mprop name="viewNavMode3d" value="rot3d"></mprop>
            <mprop name="autoscale" dataType="xsd:boolean"
                   value="false"></mprop>
            <mprop name="absLabelVisible" dataType="xsd:boolean"
                   value="false"></mprop>
            <mprop name="sketchColorScheme" value="mono"></mprop>
            <mprop name="viewCarbonVisibility" value="inChain"></mprop>
            <mprop name="sketchCarbonVisibility" value="inChain"></mprop>
            <mprop name="viewLigandOrderVisibility"
                   value="showOnlyWithDefinition"></mprop>
            <mprop name="sketchLigandOrderVisibility" value="on"></mprop>
            <mprop name="rLogicVisible" value="on"></mprop>
        </MarvinGUI>
    </MHead>
    <MDocument>
        <MChemicalStruct>
            <molecule molID="m1">
                <atomArray
                        atomID="a1 a2 a3 a4 a5 a6 a7 a8 a9 a10 a11 a12 a13 a14 a15 a16 a17 a18 a19 a20 a21 a22 a23 a24 a25 a26 a27 a28 a29 a30 a31 a32 a33 a34 a35 a36 a37 a38 a39 a40 a41 a42 a43 a44 a45 a46 a47 a48 a49 a50 a51 a52"
                        elementType="N C C C C C C C C C C O C C C C C O O C O C C C C O O O C C C C O C C C C O C C C O C C C N O O C C C C"
                        x2="-6.095973333333334 -3.3000800000000003 -6.865973333333334 -2.5300800000000003 -3.3000800000000003 -2.211066666666667 -2.211066666666667 -3.3000800000000003 -3.3000800000000003 -4.633626666666667 -5.967360000000001 -5.967360000000001 -7.301093333333335 -7.301093333333335 -6.212080000000001 -6.095973333333334 -8.353520000000001 -4.724533333333334 -8.634826666666667 -4.633626666666667 -0.72352 -1.0425333333333335 -0.8773333333333334 -8.634826666666667 -8.634826666666667 -1.1935466666666668 1.0475733333333335 -7.301093333333335 -10.174826666666668 -1.1935466666666668 3.3575733333333337 1.8175733333333337 1.0475733333333335 1.817386666666667 3.357386666666667 4.127573333333333 0.34645333333333334 -1.963546666666667 -1.1937333333333333 0.3462666666666667 1.1164533333333335 4.446400000000001 -2.2825600000000006 2.20528 1.047386666666667 5.667573333333334 2.20528 1.1162666666666667 3.745280000000001 6.756400000000001 6.437573333333335 -4.633813333333334"
                        y2="5.092266666666668 5.0599733333333345 3.758533333333334 3.7262400000000007 2.392693333333334 1.3036800000000002 -0.23632 -1.3253333333333335 -2.8653333333333335 -3.635333333333334 -2.8653333333333335 -1.3253333333333335 -0.5553333333333333 0.9846666666666667 2.0736800000000004 6.632266666666667 4.157066666666667 1.6751466666666668 1.7546666666666668 -5.175333333333334 1.7022133333333336 4.1247733333333345 0.53368 0.2146666666666667 -1.3253333333333335 -5.9860266666666675 -1.2788533333333336 -3.635333333333334 -1.3253333333333335 -7.526026666666667 -2.612586666666667 -2.612586666666667 -3.9463200000000005 -5.280053333333334 -5.280053333333334 -3.9463200000000005 -7.526026666666667 -8.859760000000001 -10.193493333333334 -10.193493333333334 -8.859760000000001 -1.5235733333333337 -11.282320000000002 -9.948586666666667 -6.613600000000001 -3.9463200000000005 -7.770746666666667 -11.527040000000001 -7.770746666666667 -2.857306666666667 -5.280053333333334 -0.5553333333333333"></atomArray>
                <bondArray>
                    <bond id="b1" atomRefs2="a1 a2" order="1"></bond>
                    <bond id="b2" atomRefs2="a1 a3" order="1"></bond>
                    <bond id="b3" atomRefs2="a2 a4" order="1"></bond>
                    <bond id="b4" atomRefs2="a4 a5" order="1"></bond>
                    <bond id="b5" atomRefs2="a5 a6" order="1"></bond>
                    <bond id="b6" atomRefs2="a6 a7" order="1"></bond>
                    <bond id="b7" atomRefs2="a7 a8" order="1"></bond>
                    <bond id="b8" atomRefs2="a8 a9" order="1"></bond>
                    <bond id="b9" atomRefs2="a9 a10" order="1"></bond>
                    <bond id="b10" atomRefs2="a10 a11" order="1"></bond>
                    <bond id="b11" atomRefs2="a11 a12" order="1"></bond>
                    <bond id="b12" atomRefs2="a12 a13" order="1"></bond>
                    <bond id="b13" atomRefs2="a13 a14" order="1"></bond>
                    <bond id="b14" atomRefs2="a14 a15" order="1"></bond>
                    <bond id="b15" atomRefs2="a15 a3" order="1"></bond>
                    <bond id="b16" atomRefs2="a1 a16" order="1"></bond>
                    <bond id="b17" atomRefs2="a3 a17" order="1">
                        <bondStereo>W</bondStereo>
                    </bond>
                    <bond id="b18" atomRefs2="a15 a18" order="1">
                        <bondStereo>W</bondStereo>
                    </bond>
                    <bond id="b19" atomRefs2="a14 a19" order="1">
                        <bondStereo>W</bondStereo>
                    </bond>
                    <bond id="b20" atomRefs2="a10 a20" order="1">
                        <bondStereo>W</bondStereo>
                    </bond>
                    <bond id="b21" atomRefs2="a6 a21" order="1">
                        <bondStereo>W</bondStereo>
                    </bond>
                    <bond id="b22" atomRefs2="a4 a22" order="1">
                        <bondStereo>H</bondStereo>
                    </bond>
                    <bond id="b23" atomRefs2="a6 a23" order="1">
                        <bondStereo>H</bondStereo>
                    </bond>
                    <bond id="b24" atomRefs2="a14 a24" order="1">
                        <bondStereo>H</bondStereo>
                    </bond>
                    <bond id="b25" atomRefs2="a13 a25" order="1">
                        <bondStereo>H</bondStereo>
                    </bond>
                    <bond id="b26" atomRefs2="a9 a26" order="1">
                        <bondStereo>H</bondStereo>
                    </bond>
                    <bond id="b27" atomRefs2="a7 a27" order="1">
                        <bondStereo>H</bondStereo>
                    </bond>
                    <bond id="b28" atomRefs2="a11 a28" order="2"></bond>
                    <bond id="b29" atomRefs2="a25 a29" order="1"></bond>
                    <bond id="b30" atomRefs2="a32 a27" order="1">
                        <bondStereo>W</bondStereo>
                    </bond>
                    <bond id="b31" atomRefs2="a30 a26" order="1">
                        <bondStereo>W</bondStereo>
                    </bond>
                    <bond id="b32" atomRefs2="a31 a32" order="1"></bond>
                    <bond id="b33" atomRefs2="a32 a33" order="1"></bond>
                    <bond id="b34" atomRefs2="a33 a34" order="1"></bond>
                    <bond id="b35" atomRefs2="a34 a35" order="1"></bond>
                    <bond id="b36" atomRefs2="a35 a36" order="1"></bond>
                    <bond id="b37" atomRefs2="a31 a36" order="1"></bond>
                    <bond id="b38" atomRefs2="a37 a30" order="1"></bond>
                    <bond id="b39" atomRefs2="a30 a38" order="1"></bond>
                    <bond id="b40" atomRefs2="a38 a39" order="1"></bond>
                    <bond id="b41" atomRefs2="a39 a40" order="1"></bond>
                    <bond id="b42" atomRefs2="a40 a41" order="1"></bond>
                    <bond id="b43" atomRefs2="a37 a41" order="1"></bond>
                    <bond id="b44" atomRefs2="a31 a42" order="1">
                        <bondStereo>H</bondStereo>
                    </bond>
                    <bond id="b45" atomRefs2="a39 a43" order="1">
                        <bondStereo>H</bondStereo>
                    </bond>
                    <bond id="b46" atomRefs2="a41 a44" order="1">
                        <bondStereo>H</bondStereo>
                    </bond>
                    <bond id="b47" atomRefs2="a34 a45" order="1">
                        <bondStereo>W</bondStereo>
                    </bond>
                    <bond id="b48" atomRefs2="a36 a46" order="1">
                        <bondStereo>W</bondStereo>
                    </bond>
                    <bond id="b49" atomRefs2="a41 a47" order="1">
                        <bondStereo>W</bondStereo>
                    </bond>
                    <bond id="b50" atomRefs2="a40 a48" order="1">
                        <bondStereo>W</bondStereo>
                    </bond>
                    <bond id="b51" atomRefs2="a47 a49" order="1"></bond>
                    <bond id="b52" atomRefs2="a46 a50" order="1"></bond>
                    <bond id="b53" atomRefs2="a46 a51" order="1"></bond>
                    <bond id="b54" atomRefs2="a8 a52" order="1">
                        <bondStereo>H</bondStereo>
                    </bond>
                </bondArray>
            </molecule>
        </MChemicalStruct>
    </MDocument>
</cml>