<?xml version="1.0" encoding="MacRoman"?>
<cml xmlns="http://www.chemaxon.com"
     xmlns:xsi="http://www.w3.org/2001/XMLSchema-instance"
     version="ChemAxon file format v6.2, generated by v6.2.1">
    <MHead>
        <MarvinGUI>
            <mprop name="saveproperties" dataType="xsd:boolean"
                   value="true"></mprop>
            <mprop name="setColoringEnabled" dataType="xsd:boolean"
                   value="true"></mprop>
            <mprop name="atomNumberingType" dataType="xsd:integer"
                   value="0"></mprop>
            <mprop name="atomPropertiesVisible" dataType="xsd:boolean"
                   value="true"></mprop>
            <mprop name="atomMappingVisible" dataType="xsd:boolean"
                   value="true"></mprop>
            <mprop name="grinvVisible" dataType="xsd:boolean"
                   value="false"></mprop>
            <mprop name="ezVisible" dataType="xsd:boolean" value="true"></mprop>
            <mprop name="bondLengthVisible" dataType="xsd:boolean"
                   value="false"></mprop>
            <mprop name="bondDraggedAlong" dataType="xsd:boolean"
                   value="true"></mprop>
            <mprop name="valenceErrorVisible" dataType="xsd:boolean"
                   value="true"></mprop>
            <mprop name="valenceErrorVisibleInView" dataType="xsd:boolean"
                   value="false"></mprop>
            <mprop name="atomSymbolVisible3D" dataType="xsd:boolean"
                   value="true"></mprop>
            <mprop name="rgroupsVisible" dataType="xsd:boolean"
                   value="true"></mprop>
            <mprop name="lonePairsAutoCalc" dataType="xsd:boolean"
                   value="true"></mprop>
            <mprop name="lonePairsAsLine" dataType="xsd:boolean"
                   value="false"></mprop>
            <mprop name="chargeWithCircle" dataType="xsd:boolean"
                   value="false"></mprop>
            <mprop name="molbg" value="#333333"></mprop>
            <mprop name="dispQuality" dataType="xsd:integer" value="1"></mprop>
            <mprop name="chiralitySupport" dataType="xsd:integer"
                   value="2"></mprop>
            <mprop name="invisibleSets" value="0"></mprop>
            <mprop name="atomsize" dataType="xsd:double"
                   value="0.4000000000000001"></mprop>
            <mprop name="bondSpacing" dataType="xsd:double"
                   value="0.18"></mprop>
            <mprop name="wireThickness" dataType="xsd:double"
                   value="0.064"></mprop>
            <mprop name="stickThickness" dataType="xsd:double"
                   value="0.1"></mprop>
            <mprop name="ballRadius" dataType="xsd:double" value="0.5"></mprop>
            <mprop name="circledChargeSize" dataType="xsd:double"
                   value="0.4000000000000001"></mprop>
            <mprop name="rendering" value="wireframe"></mprop>
            <mprop name="downWedge" value="mdl"></mprop>
            <mprop name="coordinateBondStyle" value="arrow"></mprop>
            <mprop name="coordinateBondStyleAtMulticenter"
                   value="hashed"></mprop>
            <mprop name="anybond" value="auto"></mprop>
            <mprop name="atomFont" dataType="xsd:mfont"
                   value="SansSerif-PLAIN-12"></mprop>
            <mprop name="circledChargeFont" dataType="xsd:mfont"
                   value="PT Sans-PLAIN-12"></mprop>
            <mprop name="sketchImplicitH" value="hetero"></mprop>
            <mprop name="lonePairsVisible" dataType="xsd:boolean"
                   value="false"></mprop>
            <mprop name="viewNavMode2d" value="rot3d"></mprop>
            <mprop name="viewNavMode3d" value="rot3d"></mprop>
            <mprop name="autoscale" dataType="xsd:boolean"
                   value="false"></mprop>
            <mprop name="absLabelVisible" dataType="xsd:boolean"
                   value="false"></mprop>
            <mprop name="sketchColorScheme" value="mono"></mprop>
            <mprop name="viewCarbonVisibility" value="inChain"></mprop>
            <mprop name="sketchCarbonVisibility" value="inChain"></mprop>
            <mprop name="viewLigandOrderVisibility"
                   value="showOnlyWithDefinition"></mprop>
            <mprop name="sketchLigandOrderVisibility" value="on"></mprop>
            <mprop name="rLogicVisible" value="on"></mprop>
        </MarvinGUI>
    </MHead>
    <MDocument>
        <MChemicalStruct>
            <molecule molID="m1" absStereo="true">
                <atomArray
                        atomID="a1 a2 a3 a4 a5 a6 a7 a8 a9 a10 a11 a12 a13 a14 a15 a16 a17 a18 a19 a20 a21 a22 a23 a24 a25 a26 a27 a28 a29 a30 a31 a32 a33 a34 a35 a36 a37"
                        elementType="C C C C C N C O C C O O O C C C O C C C C C O O C C C C C C C C C C C C C"
                        x2="23.03138234765157 17.70378234766265 21.71334816452419 19.053195540157287 20.379335002457026 24.37303763008124 29.652700693250807 16.393853443707624 15.043629723295748 28.350066540550902 23.015750737819168 17.711540257727616 31.009871795810415 26.99393754531345 28.350298119955827 25.714692912510916 29.644711203780915 25.691187602911082 27.033074464745678 19.06315345456904 20.461661480907658 22.972561178800767 17.723466597081224 13.722932377011736 15.057177118483827 16.389221855609133 12.398877129356322 20.928293981830382 22.46737070695813 15.043629723295748 13.709848140633506 13.709848140633506 12.376182347673726 12.376182347673726 10.911558401229184 10.006430297082058 10.911442611526724"
                        y2="-15.02440863268702 -15.039924452816958 -15.808304918356209 -15.80888386686852 -15.03853497638741 -15.780283810360352 -12.621540727191158 -15.832852335278197 -15.040503401329268 -13.404510695240647 -13.484405589939577 -13.499574040962125 -13.376721166649718 -12.672719775679456 -14.945208476202865 -14.995461207071466 -11.081190315336327 -13.455921323133872 -15.75249428176942 -17.347960591996266 -16.69455930100199 -16.69455930100199 -18.126183182244805 -17.38258171303247 -18.143551637614138 -17.3653290473656 -18.160804303281008 -18.1635832561401 -18.1635832561401 -13.500500358581823 -12.730498837208103 -15.810504922702991 -13.500500358581823 -15.040503401329268 -13.024604681462124 -14.270501879955546 -15.516399078448966"></atomArray>
                <bondArray>
                    <bond id="b1" atomRefs2="a2 a4" order="1"></bond>
                    <bond id="b2" atomRefs2="a3 a1" order="1"></bond>
                    <bond id="b3" atomRefs2="a4 a5" order="1"></bond>
                    <bond id="b4" atomRefs2="a5 a3" order="1"></bond>
                    <bond id="b5" atomRefs2="a6 a1" order="1"></bond>
                    <bond id="b6" atomRefs2="a10 a7" order="1">
                        <bondStereo>W</bondStereo>
                    </bond>
                    <bond id="b7" atomRefs2="a8 a2" order="1"></bond>
                    <bond id="b8" atomRefs2="a9 a8" order="1"></bond>
                    <bond id="b9" atomRefs2="a10 a15" order="1"></bond>
                    <bond id="b10" atomRefs2="a11 a1" order="2"></bond>
                    <bond id="b11" atomRefs2="a12 a2" order="2"></bond>
                    <bond id="b12" atomRefs2="a13 a7" order="1"></bond>
                    <bond id="b13" atomRefs2="a14 a18" order="1"></bond>
                    <bond id="b14" atomRefs2="a15 a19" order="1"></bond>
                    <bond id="b15" atomRefs2="a16 a6" order="1">
                        <bondStereo>W</bondStereo>
                    </bond>
                    <bond id="b16" atomRefs2="a17 a7" order="2"></bond>
                    <bond id="b17" atomRefs2="a18 a16" order="1"></bond>
                    <bond id="b18" atomRefs2="a19 a16" order="1"></bond>
                    <bond id="b19" atomRefs2="a4 a20" order="1">
                        <bondStereo>W</bondStereo>
                    </bond>
                    <bond id="b20" atomRefs2="a21 a3" order="1"></bond>
                    <bond id="b21" atomRefs2="a22 a3" order="1"></bond>
                    <bond id="b22" atomRefs2="a23 a20" order="1"></bond>
                    <bond id="b23" atomRefs2="a24 a25" order="1"></bond>
                    <bond id="b24" atomRefs2="a25 a26" order="1"></bond>
                    <bond id="b25" atomRefs2="a26 a23" order="1"></bond>
                    <bond id="b26" atomRefs2="a27 a24" order="1"></bond>
                    <bond id="b27" atomRefs2="a28 a21" order="1"></bond>
                    <bond id="b28" atomRefs2="a29 a22" order="1"></bond>
                    <bond id="b29" atomRefs2="a28 a29" order="1"></bond>
                    <bond id="b30" atomRefs2="a10 a14" order="1"></bond>
                    <bond id="b31" atomRefs2="a9 a30" order="1"></bond>
                    <bond id="b32" atomRefs2="a31 a30" order="2"></bond>
                    <bond id="b33" atomRefs2="a32 a9" order="2"></bond>
                    <bond id="b34" atomRefs2="a33 a31" order="1"></bond>
                    <bond id="b35" atomRefs2="a34 a32" order="1"></bond>
                    <bond id="b36" atomRefs2="a34 a33" order="2"></bond>
                    <bond id="b37" atomRefs2="a35 a33" order="1"></bond>
                    <bond id="b38" atomRefs2="a36 a35" order="1"></bond>
                    <bond id="b39" atomRefs2="a37 a34" order="1"></bond>
                    <bond id="b40" atomRefs2="a37 a36" order="1"></bond>
                </bondArray>
            </molecule>
        </MChemicalStruct>
    </MDocument>
</cml>