<?xml version="1.0" encoding="MacRoman"?>
<cml xmlns="http://www.chemaxon.com"
     xmlns:xsi="http://www.w3.org/2001/XMLSchema-instance"
     version="ChemAxon file format v6.2, generated by v6.2.1">
    <MHead>
        <MarvinGUI>
            <mprop name="saveproperties" dataType="xsd:boolean"
                   value="true"></mprop>
            <mprop name="setColoringEnabled" dataType="xsd:boolean"
                   value="true"></mprop>
            <mprop name="atomNumberingType" dataType="xsd:integer"
                   value="1"></mprop>
            <mprop name="atomPropertiesVisible" dataType="xsd:boolean"
                   value="true"></mprop>
            <mprop name="atomMappingVisible" dataType="xsd:boolean"
                   value="true"></mprop>
            <mprop name="grinvVisible" dataType="xsd:boolean"
                   value="false"></mprop>
            <mprop name="ezVisible" dataType="xsd:boolean" value="true"></mprop>
            <mprop name="bondLengthVisible" dataType="xsd:boolean"
                   value="false"></mprop>
            <mprop name="bondDraggedAlong" dataType="xsd:boolean"
                   value="true"></mprop>
            <mprop name="valenceErrorVisible" dataType="xsd:boolean"
                   value="true"></mprop>
            <mprop name="valenceErrorVisibleInView" dataType="xsd:boolean"
                   value="false"></mprop>
            <mprop name="atomSymbolVisible3D" dataType="xsd:boolean"
                   value="true"></mprop>
            <mprop name="rgroupsVisible" dataType="xsd:boolean"
                   value="true"></mprop>
            <mprop name="lonePairsAutoCalc" dataType="xsd:boolean"
                   value="true"></mprop>
            <mprop name="lonePairsAsLine" dataType="xsd:boolean"
                   value="false"></mprop>
            <mprop name="chargeWithCircle" dataType="xsd:boolean"
                   value="false"></mprop>
            <mprop name="molbg" value="#333333"></mprop>
            <mprop name="dispQuality" dataType="xsd:integer" value="1"></mprop>
            <mprop name="chiralitySupport" dataType="xsd:integer"
                   value="2"></mprop>
            <mprop name="invisibleSets" value="0"></mprop>
            <mprop name="atomsize" dataType="xsd:double"
                   value="0.4000000000000001"></mprop>
            <mprop name="bondSpacing" dataType="xsd:double"
                   value="0.18"></mprop>
            <mprop name="wireThickness" dataType="xsd:double"
                   value="0.064"></mprop>
            <mprop name="stickThickness" dataType="xsd:double"
                   value="0.1"></mprop>
            <mprop name="ballRadius" dataType="xsd:double" value="0.5"></mprop>
            <mprop name="circledChargeSize" dataType="xsd:double"
                   value="0.4000000000000001"></mprop>
            <mprop name="rendering" value="wireframe"></mprop>
            <mprop name="downWedge" value="mdl"></mprop>
            <mprop name="coordinateBondStyle" value="arrow"></mprop>
            <mprop name="coordinateBondStyleAtMulticenter"
                   value="hashed"></mprop>
            <mprop name="anybond" value="auto"></mprop>
            <mprop name="atomFont" dataType="xsd:mfont"
                   value="SansSerif-PLAIN-12"></mprop>
            <mprop name="circledChargeFont" dataType="xsd:mfont"
                   value="PT Sans-PLAIN-12"></mprop>
            <mprop name="sketchImplicitH" value="hetero"></mprop>
            <mprop name="lonePairsVisible" dataType="xsd:boolean"
                   value="false"></mprop>
            <mprop name="viewNavMode2d" value="rot3d"></mprop>
            <mprop name="viewNavMode3d" value="rot3d"></mprop>
            <mprop name="autoscale" dataType="xsd:boolean"
                   value="false"></mprop>
            <mprop name="absLabelVisible" dataType="xsd:boolean"
                   value="false"></mprop>
            <mprop name="sketchColorScheme" value="mono"></mprop>
            <mprop name="viewCarbonVisibility" value="inChain"></mprop>
            <mprop name="sketchCarbonVisibility" value="inChain"></mprop>
            <mprop name="viewLigandOrderVisibility"
                   value="showOnlyWithDefinition"></mprop>
            <mprop name="sketchLigandOrderVisibility" value="on"></mprop>
            <mprop name="rLogicVisible" value="on"></mprop>
        </MarvinGUI>
    </MHead>
    <MDocument>
        <MChemicalStruct>
            <molecule title="ChEBI" molID="m1" absStereo="true">
                <atomArray
                        atomID="a1 a2 a3 a4 a5 a6 a7 a8 a9 a10 a11 a12 a13 a14 a15 a16 a17 a18 a19 a20 a21 a22 a23 a24 a25 a26 a27 a28 a29 a30 a31 a32 a33 a34 a35 a36 a37 a38 a39"
                        elementType="C C C C O C C C C C C C C C C O O O C O C C C C C C O C O C O C C C O O H H H"
                        x2="39.00841670826279 37.67770716496972 40.36045498030656 39.00841670826279 38.980587795511894 36.339888045426406 37.67770716496972 37.705739208470625 41.866263230105304 37.65658156696903 40.353345404056334 38.86135004525803 35.02299139313377 36.36771695817731 36.339888045426406 38.994400686512336 42.94509064339023 43.008061175892266 40.34643895855611 41.55120743684511 35.02299139313377 33.54501205608593 36.09470923016847 39.44981982802708 41.80329269760327 33.62910818658865 32.64148648005668 33.12473453432232 35.66041568665441 40.36045498030656 41.79638625210305 33.62910818658865 32.333134001546696 34.049385708352254 33.76906527334319 35.387204827895566 36.36771695817731 35.02299139313377 32.0180782082865"
                        y2="-15.603082300255108 -16.394479702280726 -16.380463680530273 -14.061929299955217 -17.431259050314292 -15.630911213006009 -17.92852312633039 -14.748511234977444 -15.967295735016897 -13.298563941430505 -13.2705318979296 -12.254878147896719 -16.394479702280726 -13.956910702201817 -18.713014082855786 -18.6918884848551 -14.874452299981522 -17.136922593554765 -11.750504495630391 -13.900846615200003 -17.92852312633039 -16.00934380026826 -15.280713799994672 -10.510797528340259 -11.2812724631152 -18.530805800099884 -17.255957213058615 -14.524254886970184 -13.802734462946827 -9.284903452050573 -9.761245060815993 -20.42215621341111 -19.112166006618704 -13.34751845218209 -11.96765126738742 -12.619091582658509 -17.368085387062244 -19.455456974129817 -15.995327778517805"></atomArray>
                <bondArray>
                    <bond id="b1" atomRefs2="a1 a2" order="1"></bond>
                    <bond id="b2" atomRefs2="a1 a3" order="1"></bond>
                    <bond id="b3" atomRefs2="a1 a4" order="1"></bond>
                    <bond id="b4" atomRefs2="a1 a5" order="1">
                        <!--<bondStereo>W</bondStereo>-->
                    </bond>
                    <bond id="b5" atomRefs2="a2 a6" order="1"></bond>
                    <bond id="b6" atomRefs2="a2 a7" order="1"></bond>
                    <bond id="b7" atomRefs2="a2 a8" order="1">
                        <!--<bondStereo>W</bondStereo>-->
                    </bond>
                    <bond id="b8" atomRefs2="a3 a9" order="1"></bond>
                    <bond id="b9" atomRefs2="a4 a10" order="1"></bond>
                    <bond id="b10" atomRefs2="a4 a11" order="1"></bond>
                    <bond id="b11" atomRefs2="a4 a12" order="1">
                        <!--<bondStereo>H</bondStereo>-->
                    </bond>
                    <bond id="b12" atomRefs2="a6 a13" order="1"></bond>
                    <bond id="b13" atomRefs2="a6 a14" order="1"></bond>
                    <bond id="b14" atomRefs2="a7 a15" order="1"></bond>
                    <bond id="b15" atomRefs2="a7 a16" order="2"></bond>
                    <bond id="b16" atomRefs2="a9 a17" order="1"></bond>
                    <bond id="b17" atomRefs2="a9 a18" order="2"></bond>
                    <bond id="b18" atomRefs2="a11 a19" order="1">
                        <bondStereo>H</bondStereo>
                    </bond>
                    <bond id="b19" atomRefs2="a11 a20" order="1"></bond>
                    <bond id="b20" atomRefs2="a13 a21" order="1"></bond>
                    <bond id="b21" atomRefs2="a13 a22" order="1"></bond>
                    <bond id="b22" atomRefs2="a13 a23" order="1">
                        <!--<bondStereo>W</bondStereo>-->
                    </bond>
                    <bond id="b23" atomRefs2="a19 a24" order="1"></bond>
                    <bond id="b24" atomRefs2="a19 a25" order="2"></bond>
                    <bond id="b25" atomRefs2="a21 a26" order="1"></bond>
                    <bond id="b26" atomRefs2="a22 a27" order="1"></bond>
                    <bond id="b27" atomRefs2="a22 a28" order="1"></bond>
                    <bond id="b28" atomRefs2="a23 a29" order="1"></bond>
                    <bond id="b29" atomRefs2="a24 a30" order="2"></bond>
                    <bond id="b30" atomRefs2="a25 a31" order="1"></bond>
                    <bond id="b31" atomRefs2="a26 a32" order="1"></bond>
                    <bond id="b32" atomRefs2="a26 a33" order="1"></bond>
                    <bond id="b33" atomRefs2="a28 a34" order="1"></bond>
                    <bond id="b34" atomRefs2="a34 a35" order="1"></bond>
                    <bond id="b35" atomRefs2="a34 a36" order="2"></bond>
                    <bond id="b36" atomRefs2="a3 a5" order="1">
                        <!--<bondStereo>W</bondStereo>-->
                    </bond>
                    <bond id="b37" atomRefs2="a10 a14" order="1"></bond>
                    <bond id="b38" atomRefs2="a15 a21" order="1"></bond>
                    <bond id="b39" atomRefs2="a26 a27" order="1"></bond>
                    <bond id="b40" atomRefs2="a30 a31" order="1"></bond>
                    <bond id="b41" atomRefs2="a6 a37" order="1">
                        <!--<bondStereo>H</bondStereo>-->
                    </bond>
                    <bond id="b42" atomRefs2="a21 a38" order="1">
                        <!--<bondStereo>H</bondStereo>-->
                    </bond>
                    <bond id="b43" atomRefs2="a22 a39" order="1">
                        <!--<bondStereo>H</bondStereo>-->
                    </bond>
                </bondArray>
            </molecule>
        </MChemicalStruct>
    </MDocument>
</cml>