<?xml version="1.0" encoding="MacRoman"?>
<cml xmlns="http://www.chemaxon.com" xmlns:xsi="http://www.w3.org/2001/XMLSchema-instance" xsi:schemaLocation="http://www.chemaxon.com/marvin/help/formats/schema/mrvSchema_6_2_0.xsd" version="ChemAxon file format v6.2, generated by v6.2.1">
    <MHead><MarvinGUI><mprop name="saveproperties" dataType="xsd:boolean" value="true"></mprop><mprop name="setColoringEnabled" dataType="xsd:boolean" value="true"></mprop><mprop name="atomNumberingType" dataType="xsd:integer" value="0"></mprop><mprop name="atomPropertiesVisible" dataType="xsd:boolean" value="true"></mprop><mprop name="atomMappingVisible" dataType="xsd:boolean" value="true"></mprop><mprop name="grinvVisible" dataType="xsd:boolean" value="false"></mprop><mprop name="ezVisible" dataType="xsd:boolean" value="true"></mprop><mprop name="bondLengthVisible" dataType="xsd:boolean" value="false"></mprop><mprop name="bondDraggedAlong" dataType="xsd:boolean" value="true"></mprop><mprop name="valenceErrorVisible" dataType="xsd:boolean" value="true"></mprop><mprop name="valenceErrorVisibleInView" dataType="xsd:boolean" value="false"></mprop><mprop name="atomSymbolVisible3D" dataType="xsd:boolean" value="true"></mprop><mprop name="rgroupsVisible" dataType="xsd:boolean" value="true"></mprop><mprop name="lonePairsAutoCalc" dataType="xsd:boolean" value="true"></mprop><mprop name="lonePairsAsLine" dataType="xsd:boolean" value="false"></mprop><mprop name="chargeWithCircle" dataType="xsd:boolean" value="false"></mprop><mprop name="molbg" value="#333333"></mprop><mprop name="dispQuality" dataType="xsd:integer" value="1"></mprop><mprop name="chiralitySupport" dataType="xsd:integer" value="2"></mprop><mprop name="invisibleSets" value="0"></mprop><mprop name="atomsize" dataType="xsd:double" value="0.4000000000000001"></mprop><mprop name="bondSpacing" dataType="xsd:double" value="0.18"></mprop><mprop name="wireThickness" dataType="xsd:double" value="0.064"></mprop><mprop name="stickThickness" dataType="xsd:double" value="0.1"></mprop><mprop name="ballRadius" dataType="xsd:double" value="0.5"></mprop><mprop name="circledChargeSize" dataType="xsd:double" value="0.4000000000000001"></mprop><mprop name="rendering" value="wireframe"></mprop><mprop name="downWedge" value="mdl"></mprop><mprop name="coordinateBondStyle" value="arrow"></mprop><mprop name="coordinateBondStyleAtMulticenter" value="hashed"></mprop><mprop name="anybond" value="auto"></mprop><mprop name="atomFont" dataType="xsd:mfont" value="SansSerif-PLAIN-12"></mprop><mprop name="circledChargeFont" dataType="xsd:mfont" value="PT Sans-PLAIN-12"></mprop><mprop name="sketchImplicitH" value="hetero"></mprop><mprop name="lonePairsVisible" dataType="xsd:boolean" value="false"></mprop><mprop name="viewNavMode2d" value="rot3d"></mprop><mprop name="viewNavMode3d" value="rot3d"></mprop><mprop name="autoscale" dataType="xsd:boolean" value="false"></mprop><mprop name="absLabelVisible" dataType="xsd:boolean" value="false"></mprop><mprop name="sketchColorScheme" value="mono"></mprop><mprop name="viewCarbonVisibility" value="inChain"></mprop><mprop name="sketchCarbonVisibility" value="inChain"></mprop><mprop name="viewLigandOrderVisibility" value="showOnlyWithDefinition"></mprop><mprop name="sketchLigandOrderVisibility" value="on"></mprop><mprop name="rLogicVisible" value="on"></mprop></MarvinGUI></MHead>
    <MDocument><MChemicalStruct><molecule molID="m1" absStereo="true"><atomArray atomID="a1 a2 a3 a4 a5 a6 a7 a8 a9 a10 a11 a12" elementType="C C C C C C O O O O O O" x2="0.0 1.3337333333333337 1.3337333333333337 0.0 -1.3337333333333337 -1.3337333333333337 -2.6672800000000003 -2.6672800000000003 2.6672800000000003 2.6672800000000003 0.0 0.0" y2="1.54 0.77 -0.77 -1.54 -0.77 0.77 -1.54 1.54 1.54 -1.54 3.08 -3.08"></atomArray><bondArray><bond id="b1" atomRefs2="a1 a2" order="1"></bond><bond id="b2" atomRefs2="a1 a6" order="1"></bond><bond id="b3" atomRefs2="a2 a3" order="1"></bond><bond id="b4" atomRefs2="a3 a4" order="1"></bond><bond id="b5" atomRefs2="a4 a5" order="1"></bond><bond id="b6" atomRefs2="a5 a6" order="1"></bond><bond id="b7" atomRefs2="a5 a7" order="1"><bondStereo>W</bondStereo></bond><bond id="b8" atomRefs2="a6 a8" order="1"><bondStereo>H</bondStereo></bond><bond id="b9" atomRefs2="a2 a9" order="1"><bondStereo>W</bondStereo></bond><bond id="b10" atomRefs2="a3 a10" order="1"><bondStereo>W</bondStereo></bond><bond id="b11" atomRefs2="a1 a11" order="1"><bondStereo>W</bondStereo></bond><bond id="b12" atomRefs2="a4 a12" order="1"><bondStereo>H</bondStereo></bond></bondArray></molecule></MChemicalStruct></MDocument>
</cml>