<?xml version="1.0" encoding="MacRoman"?>
<cml xmlns="http://www.chemaxon.com"
     xmlns:xsi="http://www.w3.org/2001/XMLSchema-instance"
     version="ChemAxon file format v6.2, generated by v6.2.1">
    <MHead>
        <MarvinGUI>
            <mprop name="saveproperties" dataType="xsd:boolean"
                   value="true"></mprop>
            <mprop name="setColoringEnabled" dataType="xsd:boolean"
                   value="true"></mprop>
            <mprop name="atomNumberingType" dataType="xsd:integer"
                   value="0"></mprop>
            <mprop name="atomPropertiesVisible" dataType="xsd:boolean"
                   value="true"></mprop>
            <mprop name="atomMappingVisible" dataType="xsd:boolean"
                   value="true"></mprop>
            <mprop name="grinvVisible" dataType="xsd:boolean"
                   value="false"></mprop>
            <mprop name="ezVisible" dataType="xsd:boolean" value="true"></mprop>
            <mprop name="bondLengthVisible" dataType="xsd:boolean"
                   value="false"></mprop>
            <mprop name="bondDraggedAlong" dataType="xsd:boolean"
                   value="true"></mprop>
            <mprop name="valenceErrorVisible" dataType="xsd:boolean"
                   value="true"></mprop>
            <mprop name="valenceErrorVisibleInView" dataType="xsd:boolean"
                   value="false"></mprop>
            <mprop name="atomSymbolVisible3D" dataType="xsd:boolean"
                   value="true"></mprop>
            <mprop name="rgroupsVisible" dataType="xsd:boolean"
                   value="true"></mprop>
            <mprop name="lonePairsAutoCalc" dataType="xsd:boolean"
                   value="true"></mprop>
            <mprop name="lonePairsAsLine" dataType="xsd:boolean"
                   value="false"></mprop>
            <mprop name="chargeWithCircle" dataType="xsd:boolean"
                   value="false"></mprop>
            <mprop name="molbg" value="#333333"></mprop>
            <mprop name="dispQuality" dataType="xsd:integer" value="1"></mprop>
            <mprop name="chiralitySupport" dataType="xsd:integer"
                   value="2"></mprop>
            <mprop name="invisibleSets" value="0"></mprop>
            <mprop name="atomsize" dataType="xsd:double"
                   value="0.4000000000000001"></mprop>
            <mprop name="bondSpacing" dataType="xsd:double"
                   value="0.18"></mprop>
            <mprop name="wireThickness" dataType="xsd:double"
                   value="0.064"></mprop>
            <mprop name="stickThickness" dataType="xsd:double"
                   value="0.1"></mprop>
            <mprop name="ballRadius" dataType="xsd:double" value="0.5"></mprop>
            <mprop name="circledChargeSize" dataType="xsd:double"
                   value="0.4000000000000001"></mprop>
            <mprop name="rendering" value="wireframe"></mprop>
            <mprop name="downWedge" value="mdl"></mprop>
            <mprop name="coordinateBondStyle" value="arrow"></mprop>
            <mprop name="coordinateBondStyleAtMulticenter"
                   value="hashed"></mprop>
            <mprop name="anybond" value="auto"></mprop>
            <mprop name="atomFont" dataType="xsd:mfont"
                   value="SansSerif-PLAIN-12"></mprop>
            <mprop name="circledChargeFont" dataType="xsd:mfont"
                   value="PT Sans-PLAIN-12"></mprop>
            <mprop name="sketchImplicitH" value="hetero"></mprop>
            <mprop name="lonePairsVisible" dataType="xsd:boolean"
                   value="false"></mprop>
            <mprop name="viewNavMode2d" value="rot3d"></mprop>
            <mprop name="viewNavMode3d" value="rot3d"></mprop>
            <mprop name="autoscale" dataType="xsd:boolean"
                   value="false"></mprop>
            <mprop name="absLabelVisible" dataType="xsd:boolean"
                   value="false"></mprop>
            <mprop name="sketchColorScheme" value="mono"></mprop>
            <mprop name="viewCarbonVisibility" value="inChain"></mprop>
            <mprop name="sketchCarbonVisibility" value="inChain"></mprop>
            <mprop name="viewLigandOrderVisibility"
                   value="showOnlyWithDefinition"></mprop>
            <mprop name="sketchLigandOrderVisibility" value="on"></mprop>
            <mprop name="rLogicVisible" value="on"></mprop>
        </MarvinGUI>
    </MHead>
    <MDocument>
        <MChemicalStruct>
            <molecule molID="m1" absStereo="true">
                <atomArray
                        atomID="a1 a2 a3 a4 a5 a6 a7 a8 a9 a10 a11 a12 a13 a14 a15 a16 a17 a18 a19 a20 a21 a22 a23 a24 a25 a26 a27 a28 a29 a30 a31 a32 a33 a34 a35 a36 a37 a38 a39 a40 a41 a42 a43 a44 a45 a46 a47 a48 a49 a50 a51 a52 a53 a54 a55 a56 a57 a58 a59 a60 a61 a62 a63 a64 a65 a66 a67 a68 a69 a70 a71 a72 a73 a74 a75 a76 a77 a78"
                        elementType="C C C C C N C O C C O O O C C C O C C C C C O O C C C C C C C C C C C C C H H H H H H H H H H H H H H H H H H H H H H H H H H H H H H H H H H H H H H H H H"
                        x2="23.03138234765157 17.70378234766265 21.71334816452419 19.053195540157287 20.379335002457026 24.37303763008124 29.652700693250807 16.393853443707624 15.043629723295748 28.350066540550902 23.015750737819168 17.711540257727616 31.009871795810415 26.99393754531345 28.350298119955827 25.714692912510916 29.644711203780915 25.691187602911082 27.033074464745678 19.06315345456904 20.461661480907658 22.972561178800767 17.723466597081224 13.722932377011736 15.057177118483827 16.389221855609133 12.398877129356322 20.928293981830382 22.46737070695813 15.043629723295748 13.709848140633506 13.709848140633506 12.376182347673726 12.376182347673726 10.911558401229184 10.006430297082058 10.911442611526724 20.655631970638687 19.98678635411249 21.078478226027364 24.36312391626767 30.001868962269256 32.290675005260624 26.573699661823394 27.905833117831122 29.95695824745146 29.191087627682013 24.064407108215946 25.353420467032006 24.241881806805136 28.092244051111432 26.995251307202892 20.171021283395977 19.929190854443824 19.466829048398637 18.743212470948958 23.798759060054614 24.69675136818502 14.254489195389489 15.732263636432002 15.06516876105024 17.28710251620373 11.688201900794606 11.102894262073393 12.640989652936355 19.503671560306174 20.58687919513929 23.75800470437523 22.69920033519956 15.587097570863861 13.64256240310419 12.816280888790043 11.301057508235598 9.747022870429415 8.630228817855858 8.411744244436415 10.2802440751759 9.345100976733212"
                        y2="-15.02440863268702 -15.039924452816958 -15.808304918356209 -15.80888386686852 -15.03853497638741 -15.780283810360352 -12.621540727191158 -15.832852335278197 -15.040503401329268 -13.404510695240647 -13.484405589939577 -13.499574040962125 -13.376721166649718 -12.672719775679456 -14.945208476202865 -14.995461207071466 -11.081190315336327 -13.455921323133872 -15.75249428176942 -17.347960591996266 -16.69455930100199 -16.69455930100199 -18.126183182244805 -17.38258171303247 -18.143551637614138 -17.3653290473656 -18.160804303281008 -18.1635832561401 -18.1635832561401 -13.500500358581823 -12.730498837208103 -15.810504922702991 -13.500500358581823 -15.040503401329268 -13.024604681462124 -14.270501879955546 -15.516399078448966 -15.844993677622435 -13.306850640825985 -13.450528046049431 -17.675451038191675 -13.940065194725122 -12.312206299347547 -11.023271429064094 -11.29602511762386 -15.476830015853912 -16.41285933193996 -14.118491353532407 -11.797362318789805 -12.620995143452754 -17.070496751653998 -17.4189143822583 -17.72977993050005 -18.7734090764537 -14.959455280341423 -16.575497174210884 -15.265648457283117 -16.77473031884158 -19.826815711140398 -19.732000058296542 -16.26514895078611 -15.995096615394743 -16.543205309040918 -19.27427602328331 -19.962769493324394 -19.619421834029733 -20.0828710036687 -19.29366703168955 -19.926954038352143 -11.960070228898074 -11.107418182651205 -17.00631872969967 -11.424080607244239 -11.847022068025794 -13.322547694985689 -14.81010565616188 -17.123850495580218 -16.152790105416116"></atomArray>
                <bondArray>
                    <bond id="b1" atomRefs2="a2 a4" order="1"></bond>
                    <bond id="b2" atomRefs2="a3 a1" order="1"></bond>
                    <bond id="b3" atomRefs2="a4 a5" order="1"></bond>
                    <bond id="b4" atomRefs2="a5 a3" order="1"></bond>
                    <bond id="b5" atomRefs2="a6 a1" order="1"></bond>
                    <bond id="b6" atomRefs2="a10 a7" order="1">
                        <bondStereo>W</bondStereo>
                    </bond>
                    <bond id="b7" atomRefs2="a8 a2" order="1"></bond>
                    <bond id="b8" atomRefs2="a9 a8" order="1"></bond>
                    <bond id="b9" atomRefs2="a10 a15" order="1"></bond>
                    <bond id="b10" atomRefs2="a11 a1" order="2"></bond>
                    <bond id="b11" atomRefs2="a12 a2" order="2"></bond>
                    <bond id="b12" atomRefs2="a13 a7" order="1"></bond>
                    <bond id="b13" atomRefs2="a14 a18" order="1"></bond>
                    <bond id="b14" atomRefs2="a15 a19" order="1"></bond>
                    <bond id="b15" atomRefs2="a16 a6" order="1">
                        <bondStereo>W</bondStereo>
                    </bond>
                    <bond id="b16" atomRefs2="a17 a7" order="2"></bond>
                    <bond id="b17" atomRefs2="a18 a16" order="1"></bond>
                    <bond id="b18" atomRefs2="a19 a16" order="1"></bond>
                    <bond id="b19" atomRefs2="a4 a20" order="1">
                        <bondStereo>W</bondStereo>
                    </bond>
                    <bond id="b20" atomRefs2="a21 a3" order="1"></bond>
                    <bond id="b21" atomRefs2="a22 a3" order="1"></bond>
                    <bond id="b22" atomRefs2="a23 a20" order="1"></bond>
                    <bond id="b23" atomRefs2="a24 a25" order="1"></bond>
                    <bond id="b24" atomRefs2="a25 a26" order="1"></bond>
                    <bond id="b25" atomRefs2="a26 a23" order="1"></bond>
                    <bond id="b26" atomRefs2="a27 a24" order="1"></bond>
                    <bond id="b27" atomRefs2="a28 a21" order="1"></bond>
                    <bond id="b28" atomRefs2="a29 a22" order="1"></bond>
                    <bond id="b29" atomRefs2="a28 a29" order="1"></bond>
                    <bond id="b30" atomRefs2="a10 a14" order="1"></bond>
                    <bond id="b31" atomRefs2="a9 a30" order="1"></bond>
                    <bond id="b32" atomRefs2="a31 a30" order="2"></bond>
                    <bond id="b33" atomRefs2="a32 a9" order="2"></bond>
                    <bond id="b34" atomRefs2="a33 a31" order="1"></bond>
                    <bond id="b35" atomRefs2="a34 a32" order="1"></bond>
                    <bond id="b36" atomRefs2="a34 a33" order="2"></bond>
                    <bond id="b37" atomRefs2="a35 a33" order="1"></bond>
                    <bond id="b38" atomRefs2="a36 a35" order="1"></bond>
                    <bond id="b39" atomRefs2="a37 a34" order="1"></bond>
                    <bond id="b40" atomRefs2="a37 a36" order="1"></bond>
                    <bond id="b41" atomRefs2="a4 a38" order="1">
                        <bondStereo>H</bondStereo>
                    </bond>
                    <bond id="b42" atomRefs2="a5 a39" order="1"></bond>
                    <bond id="b43" atomRefs2="a5 a40" order="1"></bond>
                    <bond id="b44" atomRefs2="a6 a41" order="1"></bond>
                    <bond id="b45" atomRefs2="a10 a42" order="1">
                        <bondStereo>H</bondStereo>
                    </bond>
                    <bond id="b46" atomRefs2="a13 a43" order="1"></bond>
                    <bond id="b47" atomRefs2="a14 a44" order="1"></bond>
                    <bond id="b48" atomRefs2="a14 a45" order="1"></bond>
                    <bond id="b49" atomRefs2="a15 a46" order="1"></bond>
                    <bond id="b50" atomRefs2="a15 a47" order="1"></bond>
                    <bond id="b51" atomRefs2="a16 a48" order="1">
                        <bondStereo>H</bondStereo>
                    </bond>
                    <bond id="b52" atomRefs2="a18 a49" order="1"></bond>
                    <bond id="b53" atomRefs2="a18 a50" order="1"></bond>
                    <bond id="b54" atomRefs2="a19 a51" order="1"></bond>
                    <bond id="b55" atomRefs2="a19 a52" order="1"></bond>
                    <bond id="b56" atomRefs2="a20 a53" order="1"></bond>
                    <bond id="b57" atomRefs2="a20 a54" order="1"></bond>
                    <bond id="b58" atomRefs2="a21 a55" order="1"></bond>
                    <bond id="b59" atomRefs2="a21 a56" order="1"></bond>
                    <bond id="b60" atomRefs2="a22 a57" order="1"></bond>
                    <bond id="b61" atomRefs2="a22 a58" order="1"></bond>
                    <bond id="b62" atomRefs2="a25 a59" order="1"></bond>
                    <bond id="b63" atomRefs2="a25 a60" order="1"></bond>
                    <bond id="b64" atomRefs2="a26 a61" order="1"></bond>
                    <bond id="b65" atomRefs2="a26 a62" order="1"></bond>
                    <bond id="b66" atomRefs2="a27 a63" order="1"></bond>
                    <bond id="b67" atomRefs2="a27 a64" order="1"></bond>
                    <bond id="b68" atomRefs2="a27 a65" order="1"></bond>
                    <bond id="b69" atomRefs2="a28 a66" order="1"></bond>
                    <bond id="b70" atomRefs2="a28 a67" order="1"></bond>
                    <bond id="b71" atomRefs2="a29 a68" order="1"></bond>
                    <bond id="b72" atomRefs2="a29 a69" order="1"></bond>
                    <bond id="b73" atomRefs2="a30 a70" order="1"></bond>
                    <bond id="b74" atomRefs2="a31 a71" order="1"></bond>
                    <bond id="b75" atomRefs2="a32 a72" order="1"></bond>
                    <bond id="b76" atomRefs2="a35 a73" order="1"></bond>
                    <bond id="b77" atomRefs2="a35 a74" order="1"></bond>
                    <bond id="b78" atomRefs2="a36 a75" order="1"></bond>
                    <bond id="b79" atomRefs2="a36 a76" order="1"></bond>
                    <bond id="b80" atomRefs2="a37 a77" order="1"></bond>
                    <bond id="b81" atomRefs2="a37 a78" order="1"></bond>
                </bondArray>
            </molecule>
        </MChemicalStruct>
    </MDocument>
</cml>