<?xml version="1.0" encoding="MacRoman"?><!--
  ~ Copyright (c) 2014. John May
  ~
  ~ This library is free software; you can redistribute it and/or
  ~ modify it under the terms of the GNU Lesser General Public
  ~ License as published by the Free Software Foundation; either
  ~ version 2.1 of the License, or (at your option) any later version.
  ~
  ~ This library is distributed in the hope that it will be useful,
  ~ but WITHOUT ANY WARRANTY; without even the implied warranty of
  ~ MERCHANTABILITY or FITNESS FOR A PARTICULAR PURPOSE.  See the GNU
  ~ Lesser General Public License for more details.
  ~
  ~ You should have received a copy of the GNU Lesser General Public
  ~ License along with this library; if not, write to the Free Software
  ~ Foundation, Inc., 51 Franklin Street, Fifth Floor, Boston, MA  02110-1301 USA
  -->

<cml xmlns="http://www.chemaxon.com"
     xmlns:xsi="http://www.w3.org/2001/XMLSchema-instance"
     version="ChemAxon file format v6.2, generated by v6.2.1">
    <MHead>
        <MarvinGUI>
            <mprop name="saveproperties" dataType="xsd:boolean"
                   value="true"></mprop>
            <mprop name="setColoringEnabled" dataType="xsd:boolean"
                   value="true"></mprop>
            <mprop name="atomNumberingType" dataType="xsd:integer"
                   value="1"></mprop>
            <mprop name="atomPropertiesVisible" dataType="xsd:boolean"
                   value="true"></mprop>
            <mprop name="atomMappingVisible" dataType="xsd:boolean"
                   value="true"></mprop>
            <mprop name="grinvVisible" dataType="xsd:boolean"
                   value="false"></mprop>
            <mprop name="ezVisible" dataType="xsd:boolean" value="true"></mprop>
            <mprop name="bondLengthVisible" dataType="xsd:boolean"
                   value="false"></mprop>
            <mprop name="bondDraggedAlong" dataType="xsd:boolean"
                   value="true"></mprop>
            <mprop name="valenceErrorVisible" dataType="xsd:boolean"
                   value="true"></mprop>
            <mprop name="valenceErrorVisibleInView" dataType="xsd:boolean"
                   value="false"></mprop>
            <mprop name="atomSymbolVisible3D" dataType="xsd:boolean"
                   value="true"></mprop>
            <mprop name="rgroupsVisible" dataType="xsd:boolean"
                   value="true"></mprop>
            <mprop name="lonePairsAutoCalc" dataType="xsd:boolean"
                   value="true"></mprop>
            <mprop name="lonePairsAsLine" dataType="xsd:boolean"
                   value="false"></mprop>
            <mprop name="chargeWithCircle" dataType="xsd:boolean"
                   value="false"></mprop>
            <mprop name="molbg" value="#333333"></mprop>
            <mprop name="dispQuality" dataType="xsd:integer" value="1"></mprop>
            <mprop name="chiralitySupport" dataType="xsd:integer"
                   value="2"></mprop>
            <mprop name="invisibleSets" value="0"></mprop>
            <mprop name="atomsize" dataType="xsd:double"
                   value="0.4000000000000001"></mprop>
            <mprop name="bondSpacing" dataType="xsd:double"
                   value="0.18"></mprop>
            <mprop name="wireThickness" dataType="xsd:double"
                   value="0.064"></mprop>
            <mprop name="stickThickness" dataType="xsd:double"
                   value="0.1"></mprop>
            <mprop name="ballRadius" dataType="xsd:double" value="0.5"></mprop>
            <mprop name="circledChargeSize" dataType="xsd:double"
                   value="0.4000000000000001"></mprop>
            <mprop name="rendering" value="wireframe"></mprop>
            <mprop name="downWedge" value="mdl"></mprop>
            <mprop name="coordinateBondStyle" value="arrow"></mprop>
            <mprop name="coordinateBondStyleAtMulticenter"
                   value="hashed"></mprop>
            <mprop name="anybond" value="auto"></mprop>
            <mprop name="atomFont" dataType="xsd:mfont"
                   value="SansSerif-PLAIN-12"></mprop>
            <mprop name="circledChargeFont" dataType="xsd:mfont"
                   value="PT Sans-PLAIN-12"></mprop>
            <mprop name="sketchImplicitH" value="hetero"></mprop>
            <mprop name="lonePairsVisible" dataType="xsd:boolean"
                   value="false"></mprop>
            <mprop name="viewNavMode2d" value="rot3d"></mprop>
            <mprop name="viewNavMode3d" value="rot3d"></mprop>
            <mprop name="autoscale" dataType="xsd:boolean"
                   value="false"></mprop>
            <mprop name="absLabelVisible" dataType="xsd:boolean"
                   value="false"></mprop>
            <mprop name="sketchColorScheme" value="mono"></mprop>
            <mprop name="viewCarbonVisibility" value="inChain"></mprop>
            <mprop name="sketchCarbonVisibility" value="inChain"></mprop>
            <mprop name="viewLigandOrderVisibility"
                   value="showOnlyWithDefinition"></mprop>
            <mprop name="sketchLigandOrderVisibility" value="on"></mprop>
            <mprop name="rLogicVisible" value="on"></mprop>
        </MarvinGUI>
    </MHead>
    <MDocument>
        <MChemicalStruct>
            <molecule title="ChEBI" molID="m1" absStereo="true">
                <atomArray
                        atomID="a1 a2 a3 a4 a5 a6 a7 a8 a9 a10 a11 a12 a13 a14 a15 a16 a17 a18 a19 a20 a21 a22"
                        elementType="C C C O O O C C C C C C C C C C C C C N O C"
                        x2="10.977493333333335 12.320186666666668 13.662693333333335 10.977493333333335 9.634800000000002 15.00538666666667 12.320186666666668 10.977493333333335 13.702266666666668 10.977493333333335 13.702266666666668 12.359573333333335 7.344586666666668 8.371253333333335 8.292293333333335 7.067946666666668 5.6858666666666675 5.133146666666667 5.8833600000000015 5.6858666666666675 3.593146666666667 4.303973333333333"
                        y2="-6.5693600000000005 -7.359146666666668 -6.5693600000000005 -5.0293600000000005 -7.359146666666668 -7.359146666666668 -8.899146666666669 -9.68912 -9.68912 -11.229120000000002 -11.229120000000002 -12.018720000000002 -4.121040000000001 -5.108320000000001 -6.5693600000000005 -7.398720000000001 -6.964346666666668 -5.6216533333333345 -4.357920000000001 -5.068746666666667 -5.503120000000001 -4.318533333333334"></atomArray>
                <bondArray>
                    <bond id="b1" atomRefs2="a2 a1" order="1"></bond>
                    <bond id="b2" atomRefs2="a5 a1" order="1"></bond>
                    <bond id="b3" atomRefs2="a4 a1" order="2"></bond>
                    <bond id="b4" atomRefs2="a3 a2" order="1"></bond>
                    <bond id="b5" atomRefs2="a7 a2" order="1"></bond>
                    <bond id="b6" atomRefs2="a6 a3" order="1"></bond>
                    <bond id="b7" atomRefs2="a15 a5" order="1">
                        <bondStereo>H</bondStereo>
                    </bond>
                    <bond id="b8" atomRefs2="a8 a7" order="2"></bond>
                    <bond id="b9" atomRefs2="a9 a7" order="1"></bond>
                    <bond id="b10" atomRefs2="a10 a8" order="1"></bond>
                    <bond id="b11" atomRefs2="a11 a9" order="2"></bond>
                    <bond id="b12" atomRefs2="a12 a10" order="2"></bond>
                    <bond id="b13" atomRefs2="a12 a11" order="1"></bond>
                    <bond id="b14" atomRefs2="a14 a13" order="1"></bond>
                    <bond id="b15" atomRefs2="a19 a13" order="1"></bond>
                    <bond id="b16" atomRefs2="a13 a20" order="1">
                        <!--<bondStereo>W</bondStereo>-->
                    </bond>
                    <bond id="b17" atomRefs2="a15 a14" order="1"></bond>
                    <bond id="b18" atomRefs2="a16 a15" order="1"></bond>
                    <bond id="b19" atomRefs2="a17 a16" order="1"></bond>
                    <bond id="b20" atomRefs2="a18 a17" order="1"></bond>
                    <bond id="b21" atomRefs2="a17 a20" order="1">
                        <!--<bondStereo>W</bondStereo>-->
                    </bond>
                    <bond id="b22" atomRefs2="a19 a18" order="1"></bond>
                    <bond id="b23" atomRefs2="a18 a21" order="1">
                        <!--<bondStereo>W</bondStereo>-->
                    </bond>
                    <bond id="b24" atomRefs2="a22 a20" order="1"></bond>
                </bondArray>
            </molecule>
        </MChemicalStruct>
    </MDocument>
</cml>