<?xml version="1.0" encoding="MacRoman"?><cml xmlns="http://www.chemaxon.com" xmlns:xsi="http://www.w3.org/2001/XMLSchema-instance" xsi:schemaLocation="http://www.chemaxon.com/marvin/help/formats/schema/mrvSchema_6_2_0.xsd" version="ChemAxon file format v6.2, generated by v6.2.1">
    <MHead><MarvinGUI><mprop name="saveproperties" dataType="xsd:boolean" value="true"></mprop><mprop name="setColoringEnabled" dataType="xsd:boolean" value="true"></mprop><mprop name="atomNumberingType" dataType="xsd:integer" value="1"></mprop><mprop name="atomPropertiesVisible" dataType="xsd:boolean" value="true"></mprop><mprop name="atomMappingVisible" dataType="xsd:boolean" value="true"></mprop><mprop name="grinvVisible" dataType="xsd:boolean" value="false"></mprop><mprop name="ezVisible" dataType="xsd:boolean" value="true"></mprop><mprop name="bondLengthVisible" dataType="xsd:boolean" value="false"></mprop><mprop name="bondDraggedAlong" dataType="xsd:boolean" value="true"></mprop><mprop name="valenceErrorVisible" dataType="xsd:boolean" value="true"></mprop><mprop name="valenceErrorVisibleInView" dataType="xsd:boolean" value="false"></mprop><mprop name="atomSymbolVisible3D" dataType="xsd:boolean" value="true"></mprop><mprop name="rgroupsVisible" dataType="xsd:boolean" value="true"></mprop><mprop name="lonePairsAutoCalc" dataType="xsd:boolean" value="true"></mprop><mprop name="lonePairsAsLine" dataType="xsd:boolean" value="false"></mprop><mprop name="chargeWithCircle" dataType="xsd:boolean" value="false"></mprop><mprop name="molbg" value="#333333"></mprop><mprop name="dispQuality" dataType="xsd:integer" value="1"></mprop><mprop name="chiralitySupport" dataType="xsd:integer" value="2"></mprop><mprop name="invisibleSets" value="0"></mprop><mprop name="atomsize" dataType="xsd:double" value="0.4000000000000001"></mprop><mprop name="bondSpacing" dataType="xsd:double" value="0.18"></mprop><mprop name="wireThickness" dataType="xsd:double" value="0.064"></mprop><mprop name="stickThickness" dataType="xsd:double" value="0.1"></mprop><mprop name="ballRadius" dataType="xsd:double" value="0.5"></mprop><mprop name="circledChargeSize" dataType="xsd:double" value="0.4000000000000001"></mprop><mprop name="rendering" value="wireframe"></mprop><mprop name="downWedge" value="mdl"></mprop><mprop name="coordinateBondStyle" value="arrow"></mprop><mprop name="coordinateBondStyleAtMulticenter" value="hashed"></mprop><mprop name="anybond" value="auto"></mprop><mprop name="atomFont" dataType="xsd:mfont" value="SansSerif-PLAIN-12"></mprop><mprop name="circledChargeFont" dataType="xsd:mfont" value="PT Sans-PLAIN-12"></mprop><mprop name="sketchImplicitH" value="hetero"></mprop><mprop name="lonePairsVisible" dataType="xsd:boolean" value="false"></mprop><mprop name="viewNavMode2d" value="rot3d"></mprop><mprop name="viewNavMode3d" value="rot3d"></mprop><mprop name="autoscale" dataType="xsd:boolean" value="false"></mprop><mprop name="absLabelVisible" dataType="xsd:boolean" value="false"></mprop><mprop name="sketchColorScheme" value="mono"></mprop><mprop name="viewCarbonVisibility" value="inChain"></mprop><mprop name="sketchCarbonVisibility" value="inChain"></mprop><mprop name="viewLigandOrderVisibility" value="showOnlyWithDefinition"></mprop><mprop name="sketchLigandOrderVisibility" value="on"></mprop><mprop name="rLogicVisible" value="on"></mprop></MarvinGUI></MHead>
    <MDocument><MChemicalStruct><molecule molID="m1"><atomArray atomID="a1 a2 a3 a4 a5 a6 a7 a8 a9 a10 a11 a12 a13 a14 a15 a16 a17 a18 a19 a20 a21 a22 a23 a24 a25 a26 a27 a28 a29 a30 a31 a32 a33 a34 a35 a36 a37 a38 a39 a40 a41 a42" elementType="C C C C C C C C C C C C C C C C C C C C H H H H C C C C C C C C C C C C C C H H H H" x2="-0.042576379195746306 1.2911027426322912 1.2911027426322885 -0.04257637919574808 -1.376255501023783 -1.3762555010237811 -3.6024952791948817 -2.0858913395560776 -1.5591803188345512 -2.5490732377518217 -4.065677177390624 -4.592388198112152 -0.042576379195750746 1.474027560443055 2.463920479360322 1.9372094586387885 0.420605518999988 -0.5692873999172816 -0.04257637919574453 -6.108992137750951 -5.119099218833684 1.2911027426322912 -0.569287399917279 1.2911027426322859 6.5459553708391764 5.684798299494223 4.148549662094093 3.473458096038918 4.33461516738387 5.8708638047839985 1.4331344351222928 1.112950431262945 2.2573934624981344 3.72202049759267 4.042204501452017 2.897761470216829 8.082204008239305 3.2179454740761773 1.7533184389816414 7.2210469368943535 3.100898376815426 0.7173934624981344" y2="9.677228986795537 8.907228986795534 7.367228986795535 6.597228986795537 7.3672289867955385 8.907228986795538 7.0391920100199865 6.77177381641291 5.324647180402611 4.144938737999386 4.41235693160646 5.859483567616758 5.057228986795536 5.324647180402607 4.144938737999378 2.6978121019890797 2.430393908382011 3.610102350785238 11.217228986795536 6.126901761223831 7.3066102036270575 10.447228986795537 6.504355622805836 5.827228986795536 2.375537193291214 1.0988193315564487 1.2062443011224047 2.590387132423124 3.867104994157886 3.759680024591932 -1.3453436420636864 0.16100366306637914 1.1914647968590186 0.715578625521597 -0.7907686796084645 -1.8212298134011053 2.2681122237252582 -3.327577118531166 -2.851690947193746 0.9913943619904959 1.0961317139580897 1.1914647968590188"></atomArray><bondArray><bond id="b1" atomRefs2="a1 a2" order="1"></bond><bond id="b2" atomRefs2="a1 a6" order="1"></bond><bond id="b3" atomRefs2="a2 a3" order="1"></bond><bond id="b4" atomRefs2="a3 a4" order="1"></bond><bond id="b5" atomRefs2="a4 a5" order="1"></bond><bond id="b6" atomRefs2="a5 a6" order="1"></bond><bond id="b7" atomRefs2="a7 a8" order="1"></bond><bond id="b8" atomRefs2="a7 a12" order="1"></bond><bond id="b9" atomRefs2="a9 a8" order="1"></bond><bond id="b10" atomRefs2="a9 a10" order="1"></bond><bond id="b11" atomRefs2="a10 a11" order="1"></bond><bond id="b12" atomRefs2="a11 a12" order="1"></bond><bond id="b13" atomRefs2="a13 a4" order="1"><bondStereo>H</bondStereo></bond><bond id="b14" atomRefs2="a9 a13" order="1"><bondStereo>W</bondStereo></bond><bond id="b15" atomRefs2="a13 a14" order="1"></bond><bond id="b16" atomRefs2="a13 a18" order="1"></bond><bond id="b17" atomRefs2="a14 a15" order="1"></bond><bond id="b18" atomRefs2="a15 a16" order="1"></bond><bond id="b19" atomRefs2="a16 a17" order="1"></bond><bond id="b20" atomRefs2="a17 a18" order="1"></bond><bond id="b21" atomRefs2="a1 a19" order="1"><bondStereo>W</bondStereo></bond><bond id="b22" atomRefs2="a12 a20" order="1"><bondStereo>W</bondStereo></bond><bond id="b23" atomRefs2="a12 a21" order="1"><bondStereo>H</bondStereo></bond><bond id="b24" atomRefs2="a1 a22" order="1"><bondStereo>H</bondStereo></bond><bond id="b25" atomRefs2="a9 a23" order="1"><bondStereo>H</bondStereo></bond><bond id="b26" atomRefs2="a4 a24" order="1"><bondStereo>W</bondStereo></bond><bond id="b27" atomRefs2="a25 a26" order="1"></bond><bond id="b28" atomRefs2="a25 a30" order="1"></bond><bond id="b29" atomRefs2="a26 a27" order="1"></bond><bond id="b30" atomRefs2="a27 a28" order="1"></bond><bond id="b31" atomRefs2="a28 a29" order="1"></bond><bond id="b32" atomRefs2="a29 a30" order="1"></bond><bond id="b33" atomRefs2="a31 a32" order="1"></bond><bond id="b34" atomRefs2="a31 a36" order="1"></bond><bond id="b35" atomRefs2="a33 a32" order="1"></bond><bond id="b36" atomRefs2="a33 a34" order="1"></bond><bond id="b37" atomRefs2="a34 a35" order="1"></bond><bond id="b38" atomRefs2="a35 a36" order="1"></bond><bond id="b39" atomRefs2="a25 a37" order="1"><bondStereo>W</bondStereo></bond><bond id="b40" atomRefs2="a36 a38" order="1"><bondStereo>W</bondStereo></bond><bond id="b41" atomRefs2="a36 a39" order="1"><bondStereo>H</bondStereo></bond><bond id="b42" atomRefs2="a25 a40" order="1"><bondStereo>H</bondStereo></bond><bond id="b43" atomRefs2="a28 a41" order="1"><bondStereo>W</bondStereo></bond><bond id="b44" atomRefs2="a16 a28" order="1"><bondStereo>W</bondStereo></bond><bond id="b45" atomRefs2="a33 a16" order="1"><bondStereo>H</bondStereo></bond><bond id="b46" atomRefs2="a33 a42" order="1"><bondStereo>W</bondStereo></bond></bondArray></molecule></MChemicalStruct></MDocument>
</cml>