<?xml version="1.0" encoding="MacRoman"?>
<cml version="ChemAxon file format v6.0, generated by v6.0.0">
    <MDocument>
        <MChemicalStruct>
            <molecule molID="m1">
                <atomArray
                        atomID="a1 a2 a3 a4 a5 a6 a7 a8 a9 a10 a11 a12 a13 a14 a15 a16 a17 a18 a19 a20 a21 a22 a23 a24 a25 a26"
                        elementType="C C C C C C C C C C C C C C C C C C C C C H H H H H"
                        x2="1.7761404159658325 3.1098195377938698 3.1098195377938675 1.7761404159658303 0.44246129413779567 0.442461294137797 -1.783778484033307 -0.2671745443945026 0.2595364763270269 -0.7303564425902436 -2.246960382229044 -2.773671402950575 1.7761404159658276 3.2927443556046323 4.2826372745219 3.7559262538003675 2.2393223141615666 1.249429395244297 4.745819172717635 1.776140415965835 -4.290275342589375 3.1098195377938644 1.2494293952442983 -3.7635643218678454 3.1098195377938693 5.272530193439168"
                        y2="8.115400942067293 7.34540094206729 5.805400942067289 5.035400942067291 5.805400942067293 7.345400942067293 5.477363965291737 5.209945771684665 3.7628191356743654 2.5831106932711387 2.8505288868782124 4.29765552288851 3.495400942067291 3.762819135674362 2.5831106932711334 1.1359840572608348 0.8685658636537656 2.0482743060569923 -0.04372438514239363 9.655400942067292 4.565073716495582 4.265400942067289 4.942527578077591 3.1179470804852834 8.885400942067292 1.4034022508679058"/>
                <bondArray>
                    <bond atomRefs2="a1 a2" order="1"></bond>
                    <bond atomRefs2="a1 a6" order="1"></bond>
                    <bond atomRefs2="a2 a3" order="1"></bond>
                    <bond atomRefs2="a3 a4" order="1"></bond>
                    <bond atomRefs2="a4 a5" order="1"></bond>
                    <bond atomRefs2="a5 a6" order="1"></bond>
                    <bond atomRefs2="a7 a8" order="1"></bond>
                    <bond atomRefs2="a7 a12" order="1"></bond>
                    <bond atomRefs2="a9 a8" order="1"></bond>
                    <bond atomRefs2="a9 a10" order="1"></bond>
                    <bond atomRefs2="a10 a11" order="1"></bond>
                    <bond atomRefs2="a11 a12" order="1"></bond>
                    <bond atomRefs2="a4 a13" order="1"></bond>
                    <bond atomRefs2="a13 a9" order="1">
                        <bondStereo>W</bondStereo>
                    </bond>
                    <bond atomRefs2="a13 a14" order="1"></bond>
                    <bond atomRefs2="a13 a18" order="1"></bond>
                    <bond atomRefs2="a14 a15" order="1"></bond>
                    <bond atomRefs2="a15 a16" order="1"></bond>
                    <bond atomRefs2="a16 a17" order="1"></bond>
                    <bond atomRefs2="a17 a18" order="1"></bond>
                    <bond atomRefs2="a16 a19" order="1">
                        <bondStereo>W</bondStereo>
                    </bond>
                    <bond atomRefs2="a1 a20" order="1">
                        <bondStereo>W</bondStereo>
                    </bond>
                    <bond atomRefs2="a12 a21" order="1">
                        <bondStereo>W</bondStereo>
                    </bond>
                    <bond atomRefs2="a4 a22" order="1">
                        <bondStereo>H</bondStereo>
                    </bond>
                    <bond atomRefs2="a9 a23" order="1">
                        <bondStereo>W</bondStereo>
                    </bond>
                    <bond atomRefs2="a12 a24" order="1">
                        <bondStereo>H</bondStereo>
                    </bond>
                    <bond atomRefs2="a1 a25" order="1">
                        <bondStereo>H</bondStereo>
                    </bond>
                    <bond atomRefs2="a16 a26" order="1">
                        <bondStereo>H</bondStereo>
                    </bond>
                </bondArray>
            </molecule>
        </MChemicalStruct>
    </MDocument>
</cml>