<?xml version="1.0" ?>
<cml>
    <MDocument>
        <MChemicalStruct>
            <molecule molID="m1">
                <atomArray>
                    <atom id="a1" elementType="C"
                          x2="-3.886666774749756" y2="1.9433672172329646" />
                    <atom id="a2" elementType="C"
                          x2="-5.220336115798014" y2="1.1733502766739239" />
                    <atom id="a3" elementType="C"
                          x2="-5.220336115798014" y2="-0.3666836044441572" />
                    <atom id="a4" elementType="C"
                          x2="-3.886666774749756" y2="-1.1367005450031977" />
                    <atom id="a5" elementType="C"
                          x2="-2.5529974337014973" y2="-0.3666836044441572" />
                    <atom id="a6" elementType="C"
                          x2="-2.5529974337014973" y2="1.1733502766739239" />
                    <atom id="a7" elementType="O"
                          x2="-3.886666774749756" y2="3.4833672172329644" />
                    <atom id="a8" elementType="O"
                          x2="-6.554020127935246" y2="1.9433418063478147" />
                    <atom id="a9" elementType="O"
                          x2="-1.2193134215642667" y2="1.9433418063478152" />
                    <atom id="a10" elementType="O"
                          x2="-1.2193134215642667" y2="-1.1366751341180485" />
                    <atom id="a11" elementType="O"
                          x2="-3.886666774749756" y2="-2.6767005450031975" />
                    <atom id="a12" elementType="O"
                          x2="-6.554020127935245" y2="-1.1366751341180483" />
                </atomArray>
                <bondArray>
                    <bond atomRefs2="a1 a2" order="1" />
                    <bond atomRefs2="a2 a3" order="1" />
                    <bond atomRefs2="a3 a4" order="1" />
                    <bond atomRefs2="a4 a5" order="1" />
                    <bond atomRefs2="a5 a6" order="1" />
                    <bond atomRefs2="a1 a6" order="1" />
                    <bond atomRefs2="a1 a7" order="1">
                        <bondStereo dictRef="cml:W">W</bondStereo>
                    </bond>
                    <bond atomRefs2="a2 a8" order="1">
                        <bondStereo dictRef="cml:H">H</bondStereo>
                    </bond>
                    <bond atomRefs2="a6 a9" order="1">
                        <bondStereo dictRef="cml:H">H</bondStereo>
                    </bond>
                    <bond atomRefs2="a5 a10" order="1">
                        <bondStereo dictRef="cml:W">W</bondStereo>
                    </bond>
                    <bond atomRefs2="a4 a11" order="1">
                        <bondStereo dictRef="cml:W">W</bondStereo>
                    </bond>
                    <bond atomRefs2="a3 a12" order="1">
                        <bondStereo dictRef="cml:W">W</bondStereo>
                    </bond>
                </bondArray>
            </molecule>
        </MChemicalStruct>
    </MDocument>
</cml>
