<?xml version="1.0" encoding="MacRoman"?>
<cml version="ChemAxon file format v6.0, generated by v6.0.0">
    <MHead>
        <MarvinGUI>
            <mprop name="saveproperties" dataType="xsd:boolean"
                   value="true"></mprop>
            <mprop name="setColoringEnabled" dataType="xsd:boolean"
                   value="true"></mprop>
            <mprop name="atomNumbersVisible" dataType="xsd:boolean"
                   value="false"></mprop>
            <mprop name="atomPropertiesVisible" dataType="xsd:boolean"
                   value="true"></mprop>
            <mprop name="atomMappingVisible" dataType="xsd:boolean"
                   value="true"></mprop>
            <mprop name="grinvVisible" dataType="xsd:boolean"
                   value="false"></mprop>
            <mprop name="ezVisible" dataType="xsd:boolean" value="true"></mprop>
            <mprop name="bondLengthVisible" dataType="xsd:boolean"
                   value="false"></mprop>
            <mprop name="bondDraggedAlong" dataType="xsd:boolean"
                   value="true"></mprop>
            <mprop name="valenceErrorVisible" dataType="xsd:boolean"
                   value="true"></mprop>
            <mprop name="valenceErrorVisibleInView" dataType="xsd:boolean"
                   value="false"></mprop>
            <mprop name="atomSymbolVisible3D" dataType="xsd:boolean"
                   value="true"></mprop>
            <mprop name="rgroupsVisible" dataType="xsd:boolean"
                   value="true"></mprop>
            <mprop name="lonePairsAutoCalc" dataType="xsd:boolean"
                   value="true"></mprop>
            <mprop name="lonePairsAsLine" dataType="xsd:boolean"
                   value="false"></mprop>
            <mprop name="chargeWithCircle" dataType="xsd:boolean"
                   value="false"></mprop>
            <mprop name="molbg" value="#ffffff"></mprop>
            <mprop name="dispQuality" dataType="xsd:integer" value="1"></mprop>
            <mprop name="chiralitySupport" dataType="xsd:integer"
                   value="2"></mprop>
            <mprop name="invisibleSets" value="0"></mprop>
            <mprop name="atomsize" dataType="xsd:double"
                   value="0.4000000000000001"></mprop>
            <mprop name="bondSpacing" dataType="xsd:double"
                   value="0.18"></mprop>
            <mprop name="wireThickness" dataType="xsd:double"
                   value="0.064"></mprop>
            <mprop name="stickThickness" dataType="xsd:double"
                   value="0.1"></mprop>
            <mprop name="ballRadius" dataType="xsd:double" value="0.5"></mprop>
            <mprop name="circledChargeSize" dataType="xsd:double"
                   value="0.4000000000000001"></mprop>
            <mprop name="rendering" value="wireframe"></mprop>
            <mprop name="downWedge" value="mdl"></mprop>
            <mprop name="coordinateBondStyle" value="arrow"></mprop>
            <mprop name="coordinateBondStyleAtMulticenter"
                   value="hashed"></mprop>
            <mprop name="anybond" value="auto"></mprop>
            <mprop name="atomFont" dataType="xsd:mfont"
                   value="SansSerif-PLAIN-12"></mprop>
            <mprop name="circledChargeFont" dataType="xsd:mfont"
                   value="PT Sans-PLAIN-12"></mprop>
            <mprop name="sketchImplicitH" value="hetero"></mprop>
            <mprop name="lonePairsVisible" dataType="xsd:boolean"
                   value="false"></mprop>
            <mprop name="viewNavMode2d" value="rot3d"></mprop>
            <mprop name="viewNavMode3d" value="rot3d"></mprop>
            <mprop name="autoscale" dataType="xsd:boolean"
                   value="false"></mprop>
            <mprop name="absLabelVisible" dataType="xsd:boolean"
                   value="false"></mprop>
            <mprop name="sketchColorScheme" value="mono"></mprop>
            <mprop name="viewCarbonVisibility" value="inChain"></mprop>
            <mprop name="sketchCarbonVisibility" value="inChain"></mprop>
            <mprop name="viewLigandOrderVisibility"
                   value="showOnlyWithDefinition"></mprop>
            <mprop name="sketchLigandOrderVisibility" value="on"></mprop>
            <mprop name="rLogicVisible" value="on"></mprop>
        </MarvinGUI>
    </MHead>
    <MDocument>
        <MChemicalStruct>
            <molecule molID="m1">
                <atomArray
                        atomID="a1 a2 a3 a4 a5 a6 a7 a8 a9 a10 a11 a12 a13 a14 a15 a16 a17 a18 a19 a20 a21 a22 a23 a24"
                        elementType="C C C C C C C C C C C C C C O O O O O O O O C C"
                        x2="-42.086921795647044 -43.42060091747507 -44.75428003930311 -43.42060091747507 -40.753242673819 -44.75428003930311 -46.087959161131145 -42.086921795647044 -47.42163828295918 -46.087959161131145 -40.753242673819 -39.41956355199097 -38.085884430162935 -39.41956355199097 -40.753242673819 -38.51437426346056 -43.42060091747507 -40.753242673819 -46.087959161131145 -48.75531740478722 -46.087959161131145 -44.12790560896637 -47.42163828295918 -48.32682757148959"
                        y2="-1.194262974608097 -1.9642629746080984 -1.194262974608098 -3.5042629746080975 -1.9642629746080975 0.3457370253919021 -1.9642629746080984 0.34573702539190254 -1.1942629746080988 1.1157370253919021 1.1157370253919021 -1.194262974608097 -1.9642629746080966 0.3457370253919012 2.655737025391902 0.05162319672932281 1.115737025391903 -3.5042629746080975 -3.5042629746080984 -1.9642629746080993 2.6557370253919017 1.7525970301615064 0.3457370253919003 0.051623196729319254"></atomArray>
                <bondArray>
                    <bond atomRefs2="a1 a2" order="1"></bond>
                    <bond atomRefs2="a2 a3" order="1"></bond>
                    <bond atomRefs2="a2 a4" order="1">
                        <bondStereo>W</bondStereo>
                    </bond>
                    <bond atomRefs2="a1 a5" order="1"></bond>
                    <bond atomRefs2="a6 a3" order="1"></bond>
                    <bond atomRefs2="a3 a7" order="1"></bond>
                    <bond atomRefs2="a8 a1" order="1"></bond>
                    <bond atomRefs2="a7 a9" order="1"></bond>
                    <bond atomRefs2="a6 a10" order="1"></bond>
                    <bond atomRefs2="a8 a11" order="1"></bond>
                    <bond atomRefs2="a5 a12" order="1"></bond>
                    <bond atomRefs2="a12 a13" order="1"></bond>
                    <bond atomRefs2="a11 a14" order="1"></bond>
                    <bond atomRefs2="a11 a15" order="1">
                        <bondStereo>W</bondStereo>
                    </bond>
                    <bond atomRefs2="a12 a16" order="1">
                        <bondStereo>H</bondStereo>
                    </bond>
                    <bond atomRefs2="a8 a17" order="1">
                        <bondStereo>W</bondStereo>
                    </bond>
                    <bond atomRefs2="a5 a18" order="1">
                        <bondStereo>W</bondStereo>
                    </bond>
                    <bond atomRefs2="a7 a19" order="1">
                        <bondStereo>W</bondStereo>
                    </bond>
                    <bond atomRefs2="a9 a20" order="1">
                        <bondStereo>W</bondStereo>
                    </bond>
                    <bond atomRefs2="a10 a21" order="1">
                        <bondStereo>W</bondStereo>
                    </bond>
                    <bond atomRefs2="a6 a22" order="1">
                        <bondStereo>W</bondStereo>
                    </bond>
                    <bond atomRefs2="a10 a23" order="1"></bond>
                    <bond atomRefs2="a9 a24" order="1"></bond>
                </bondArray>
            </molecule>
        </MChemicalStruct>
    </MDocument>
</cml>
