<?xml version="1.0" encoding="MacRoman"?>
<cml version="ChemAxon file format v6.0, generated by v6.0.0">
    <MHead>
        <MarvinGUI>
            <mprop name="saveproperties" dataType="xsd:boolean"
                   value="true"></mprop>
            <mprop name="setColoringEnabled" dataType="xsd:boolean"
                   value="true"></mprop>
            <mprop name="atomNumbersVisible" dataType="xsd:boolean"
                   value="true"></mprop>
            <mprop name="atomPropertiesVisible" dataType="xsd:boolean"
                   value="true"></mprop>
            <mprop name="atomMappingVisible" dataType="xsd:boolean"
                   value="true"></mprop>
            <mprop name="grinvVisible" dataType="xsd:boolean"
                   value="false"></mprop>
            <mprop name="ezVisible" dataType="xsd:boolean" value="true"></mprop>
            <mprop name="bondLengthVisible" dataType="xsd:boolean"
                   value="false"></mprop>
            <mprop name="bondDraggedAlong" dataType="xsd:boolean"
                   value="true"></mprop>
            <mprop name="valenceErrorVisible" dataType="xsd:boolean"
                   value="true"></mprop>
            <mprop name="valenceErrorVisibleInView" dataType="xsd:boolean"
                   value="false"></mprop>
            <mprop name="atomSymbolVisible3D" dataType="xsd:boolean"
                   value="true"></mprop>
            <mprop name="rgroupsVisible" dataType="xsd:boolean"
                   value="true"></mprop>
            <mprop name="lonePairsAutoCalc" dataType="xsd:boolean"
                   value="true"></mprop>
            <mprop name="lonePairsAsLine" dataType="xsd:boolean"
                   value="false"></mprop>
            <mprop name="chargeWithCircle" dataType="xsd:boolean"
                   value="false"></mprop>
            <mprop name="molbg" value="#ffffff"></mprop>
            <mprop name="dispQuality" dataType="xsd:integer" value="1"></mprop>
            <mprop name="chiralitySupport" dataType="xsd:integer"
                   value="2"></mprop>
            <mprop name="invisibleSets" value="0"></mprop>
            <mprop name="atomsize" dataType="xsd:double"
                   value="0.4000000000000001"></mprop>
            <mprop name="bondSpacing" dataType="xsd:double"
                   value="0.18"></mprop>
            <mprop name="wireThickness" dataType="xsd:double"
                   value="0.064"></mprop>
            <mprop name="stickThickness" dataType="xsd:double"
                   value="0.1"></mprop>
            <mprop name="ballRadius" dataType="xsd:double" value="0.5"></mprop>
            <mprop name="circledChargeSize" dataType="xsd:double"
                   value="0.4000000000000001"></mprop>
            <mprop name="rendering" value="wireframe"></mprop>
            <mprop name="downWedge" value="mdl"></mprop>
            <mprop name="coordinateBondStyle" value="arrow"></mprop>
            <mprop name="coordinateBondStyleAtMulticenter"
                   value="hashed"></mprop>
            <mprop name="anybond" value="auto"></mprop>
            <mprop name="atomFont" dataType="xsd:mfont"
                   value="SansSerif-PLAIN-12"></mprop>
            <mprop name="circledChargeFont" dataType="xsd:mfont"
                   value="PT Sans-PLAIN-12"></mprop>
            <mprop name="sketchImplicitH" value="hetero"></mprop>
            <mprop name="lonePairsVisible" dataType="xsd:boolean"
                   value="false"></mprop>
            <mprop name="viewNavMode2d" value="rot3d"></mprop>
            <mprop name="viewNavMode3d" value="rot3d"></mprop>
            <mprop name="autoscale" dataType="xsd:boolean"
                   value="false"></mprop>
            <mprop name="absLabelVisible" dataType="xsd:boolean"
                   value="false"></mprop>
            <mprop name="sketchColorScheme" value="mono"></mprop>
            <mprop name="viewCarbonVisibility" value="inChain"></mprop>
            <mprop name="sketchCarbonVisibility" value="inChain"></mprop>
            <mprop name="viewLigandOrderVisibility"
                   value="showOnlyWithDefinition"></mprop>
            <mprop name="sketchLigandOrderVisibility" value="on"></mprop>
            <mprop name="rLogicVisible" value="on"></mprop>
        </MarvinGUI>
    </MHead>
    <MDocument>
        <MChemicalStruct>
            <molecule molID="m1">
                <atomArray atomID="a1 a2 a3 a4 a5 a6 a7 a8 a9 a10 a11 a12 a13"
                           elementType="C C C C C C C C C O N C C"
                           x2="1.730902842140044 2.8198472851673273 1.7309028421400443 0.6419583991127606 -0.8980416008872394 0.1909028421400445 -0.8980416008872394 -1.9869860439145224 1.7309028421400445 3.2709028421400443 1.730902842140045 1.730902842140044 -3.5269860439145226"
                           y2="7.395864978796657 6.306920535769374 5.21797609274209 6.306920535769374 2.589031649714806 3.6779760927420897 4.766920535769373 3.677976092742089 3.6779760927420897 3.6779760927420906 2.1379760927420897 8.935864978796655 3.677976092742089"></atomArray>
                <bondArray>
                    <bond atomRefs2="a1 a2" order="1"></bond>
                    <bond atomRefs2="a1 a4" order="1"></bond>
                    <bond atomRefs2="a3 a2" order="1"></bond>
                    <bond atomRefs2="a3 a4" order="1"></bond>
                    <bond atomRefs2="a8 a5" order="1"></bond>
                    <bond atomRefs2="a6 a5" order="1"></bond>
                    <bond atomRefs2="a6 a7" order="1"></bond>
                    <bond atomRefs2="a8 a7" order="1"></bond>
                    <bond atomRefs2="a3 a9" order="1">
                        <bondStereo>W</bondStereo>
                    </bond>
                    <bond atomRefs2="a6 a9" order="1">
                        <bondStereo>W</bondStereo>
                    </bond>
                    <bond atomRefs2="a9 a10" order="1">
                        <bondStereo>W</bondStereo>
                    </bond>
                    <bond atomRefs2="a9 a11" order="1"></bond>
                    <bond atomRefs2="a1 a12" order="1">
                        <bondStereo>W</bondStereo>
                    </bond>
                    <bond atomRefs2="a8 a13" order="1">
                        <bondStereo>H</bondStereo>
                    </bond>
                </bondArray>
            </molecule>
        </MChemicalStruct>
    </MDocument>
</cml>
