{ "HM": "P1","created": "Tue Apr 09 11:03:43 CDT 2024","nSettings": 20,"nSubgroups": 2,"sg": 1,"subgroups": [ { "det": 2.0,"i": 1,"subgroup": 1,"subgroupHM": "P1","subgroupIndex": 2,"trSubtype": "eu","trType": "k","trm": [ "a:2a,a+b,a+c","b:2a,a+b,c","c:2a,b,a+c","d:a,2b,b+c","e:a,b,2c","f:a,2b,c","g:2a,b,c" ] },{ "det": 3.0,"i": 2,"subgroup": 1,"subgroupHM": "P1","subgroupIndex": 3,"trSubtype": "eu","trType": "k","trm": [ "a:3a,2a+b,c","b:3a,a+b,c","c:3a,b,c","d:a,b,3c","e:a,3b,2b+c","f:a,3b,b+c","g:a,3b,c","h:3a,2a+b,2a+c","i:3a,a+b,2a+c","j:3a,2a+b,a+c","k:3a,a+b,a+c","l:3a,b,2a+c","m:3a,b,a+c" ] } ] }