{ "HM": "P42/nbc","created": "Tue Apr 09 11:04:31 CDT 2024","nSettings": 10,"nSubgroups": 8,"sg": 133,"subgroups": [ { "det": 1.0,"i": 1,"subgroup": 50,"subgroupHM": "Pban","subgroupIndex": 2,"trSubtype": "","trType": "t","trm": [ "a:a,b,c" ] },{ "det": 2.0,"i": 2,"subgroup": 68,"subgroupHM": "Ccce","subgroupIndex": 2,"trSubtype": "","trType": "t","trm": [ "a:a-b,a+b,c" ] },{ "det": 1.0,"i": 3,"subgroup": 86,"subgroupHM": "P42/n","subgroupIndex": 2,"trSubtype": "","trType": "t","trm": [ "a:a,b,c;0,1/2,0" ] },{ "det": 1.0,"i": 4,"subgroup": 93,"subgroupHM": "P4222","subgroupIndex": 2,"trSubtype": "","trType": "t","trm": [ "a:a,b,c;1/4,1/4,0" ] },{ "det": 1.0,"i": 5,"subgroup": 106,"subgroupHM": "P42bc","subgroupIndex": 2,"trSubtype": "","trType": "t","trm": [ "a:a,b,c;1/4,1/4,0" ] },{ "det": 1.0,"i": 6,"subgroup": 112,"subgroupHM": "P-42c","subgroupIndex": 2,"trSubtype": "","trType": "t","trm": [ "a:a,b,c;1/4,3/4,1/4" ] },{ "det": 1.0,"i": 7,"subgroup": 117,"subgroupHM": "P-4b2","subgroupIndex": 2,"trSubtype": "","trType": "t","trm": [ "a:a,b,c;1/4,3/4,1/4" ] },{ "det": 3.0,"i": 8,"subgroup": 133,"subgroupHM": "P42/nbc","subgroupIndex": 3,"trSubtype": "eu","trType": "k","trm": [ "a:a,b,3c","a:a,b,3c;0,0,1","a:a,b,3c;0,0,2" ] } ] }