{ "created": "Thu Oct 10 11:54:09 CDT 2024","hm": "Pm-3","nSettings": 24,"nSubgroups": 6,"sg": 200,"subgroups": [ { "det": 1.0,"hm": "Pmmm","i": 1,"n": 1,"sg": 47,"subgroupIndex": 3,"trSubtype": "","trType": "t","trms": [ { "conjClass": "a","trm": "a,b,c" } ] },{ "det": 3.0,"hm": "R-3","i": 2,"n": 4,"sg": 148,"subgroupIndex": 4,"trSubtype": "","trType": "t","trms": [ { "conjClass": "a","trm": "a-b,b-c,a+b+c" },{ "conjClass": "a","trm": "-a-b,b+c,-a+b-c" },{ "conjClass": "a","trm": "a+b,-b+c,a-b-c" },{ "conjClass": "a","trm": "-a+b,-b-c,-a-b+c" } ] },{ "det": 1.0,"hm": "P23","i": 3,"n": 1,"sg": 195,"subgroupIndex": 2,"trSubtype": "","trType": "t","trms": [ { "conjClass": "a","trm": "a,b,c" } ] },{ "det": 1.0,"hm": "Fm-3","i": 4,"n": 2,"sg": 202,"subgroupIndex": 2,"trSubtype": "eu","trType": "k","trms": [ { "conjClass": "a","trm": "a,b,c;1/2,1/2,1/2" },{ "conjClass": "b","trm": "a,b,c" } ] },{ "det": 1.0,"hm": "Im-3","i": 5,"n": 8,"sg": 204,"subgroupIndex": 4,"trSubtype": "eu","trType": "k","trms": [ { "conjClass": "a","trm": "a,b,c;1/2,1/2,1/2" },{ "conjClass": "a","trm": "a,b,c;3/2,1/2,1/2" },{ "conjClass": "a","trm": "a,b,c;1/2,3/2,1/2" },{ "conjClass": "a","trm": "a,b,c;3/2,3/2,1/2" },{ "conjClass": "b","trm": "a,b,c" },{ "conjClass": "b","trm": "a,b,c;1,0,0" },{ "conjClass": "b","trm": "a,b,c;0,1,0" },{ "conjClass": "b","trm": "a,b,c;0,0,1" } ] },{ "det": 1.0,"hm": "Ia-3","i": 6,"n": 8,"sg": 206,"subgroupIndex": 4,"trSubtype": "eu","trType": "k","trms": [ { "conjClass": "a","trm": "a,b,c;1/2,1/2,1/2" },{ "conjClass": "a","trm": "a,b,c;3/2,1/2,1/2" },{ "conjClass": "a","trm": "a,b,c;1/2,3/2,1/2" },{ "conjClass": "a","trm": "a,b,c;3/2,3/2,1/2" },{ "conjClass": "b","trm": "a,b,c" },{ "conjClass": "b","trm": "a,b,c;1,0,0" },{ "conjClass": "b","trm": "a,b,c;0,1,0" },{ "conjClass": "b","trm": "a,b,c;1,1,0" } ] } ] }