{ "created": "Thu Oct 10 11:53:27 CDT 2024","hm": "I212121","nSettings": 16,"nSubgroups": 4,"sg": 24,"subgroups": [ { "det": 1.0,"hm": "C2","i": 1,"n": 3,"sg": 5,"subgroupIndex": 2,"trSubtype": "","trType": "t","trms": [ { "conjClass": "a","trm": "-b-c,a,c;0,0,1/4" },{ "conjClass": "b","trm": "-a-c,b,a;1/4,0,0" },{ "conjClass": "c","trm": "-a-b,c,b;0,1/4,0" } ] },{ "det": 1.0,"hm": "P2221","i": 2,"n": 3,"sg": 17,"subgroupIndex": 2,"trSubtype": "ct","trType": "k","trms": [ { "conjClass": "a","trm": "b,c,a;1/4,1/4,0" },{ "conjClass": "b","trm": "c,a,b;0,1/4,1/4" },{ "conjClass": "c","trm": "a,b,c;1/4,0,1/4" } ] },{ "det": 1.0,"hm": "P212121","i": 3,"n": 1,"sg": 19,"subgroupIndex": 2,"trSubtype": "ct","trType": "k","trms": [ { "conjClass": "a","trm": "a,b,c" } ] },{ "det": 1.0,"hm": "I212121","i": 4,"n": 9,"sg": 24,"subgroupIndex": 3,"trSubtype": "eu","trType": "k","trms": [ { "conjClass": "a","trm": "a,b,c" },{ "conjClass": "a","trm": "a,b,c;0,0,1" },{ "conjClass": "a","trm": "a,b,c;0,0,2" },{ "conjClass": "b","trm": "a,b,c" },{ "conjClass": "b","trm": "a,b,c;0,1,0" },{ "conjClass": "b","trm": "a,b,c;0,2,0" },{ "conjClass": "c","trm": "a,b,c" },{ "conjClass": "c","trm": "a,b,c;1,0,0" },{ "conjClass": "c","trm": "a,b,c;2,0,0" } ] } ] }