{ "HM": "Cmce","created": "Tue Apr 09 11:04:05 CDT 2024","nSettings": 24,"nSubgroups": 16,"sg": 64,"subgroups": [ { "det": 1.0,"i": 1,"subgroup": 12,"subgroupHM": "C2/m","subgroupIndex": 2,"trSubtype": "","trType": "t","trm": [ "a:-b,a,c" ] },{ "det": 0.5,"i": 2,"subgroup": 14,"subgroupHM": "P21/c","subgroupIndex": 2,"trSubtype": "","trType": "t","trm": [ "a:-1/2a+1/2b,c,a" ] },{ "det": 1.0,"i": 3,"subgroup": 15,"subgroupHM": "C2/c","subgroupIndex": 2,"trSubtype": "","trType": "t","trm": [ "a:a,b,c;1/4,1/4,0" ] },{ "det": 1.0,"i": 4,"subgroup": 20,"subgroupHM": "C2221","subgroupIndex": 2,"trSubtype": "","trType": "t","trm": [ "a:a,b,c;1/4,0,0" ] },{ "det": 1.0,"i": 5,"subgroup": 36,"subgroupHM": "Cmc21","subgroupIndex": 2,"trSubtype": "","trType": "t","trm": [ "a:a,b,c;0,1/4,0" ] },{ "det": 1.0,"i": 6,"subgroup": 39,"subgroupHM": "Aem2","subgroupIndex": 2,"trSubtype": "","trType": "t","trm": [ "a:c,a,b;1/4,0,1/4" ] },{ "det": 1.0,"i": 7,"subgroup": 41,"subgroupHM": "Aea2","subgroupIndex": 2,"trSubtype": "","trType": "t","trm": [ "a:c,b,-a" ] },{ "det": 1.0,"i": 8,"subgroup": 53,"subgroupHM": "Pmna","subgroupIndex": 2,"trSubtype": "ct","trType": "k","trm": [ "a:a,b,c" ] },{ "det": 1.0,"i": 9,"subgroup": 54,"subgroupHM": "Pcca","subgroupIndex": 2,"trSubtype": "ct","trType": "k","trm": [ "a:c,a,b;1/4,1/4,0" ] },{ "det": 1.0,"i": 10,"subgroup": 55,"subgroupHM": "Pbam","subgroupIndex": 2,"trSubtype": "ct","trType": "k","trm": [ "a:b,c,a" ] },{ "det": 1.0,"i": 11,"subgroup": 56,"subgroupHM": "Pccn","subgroupIndex": 2,"trSubtype": "ct","trType": "k","trm": [ "a:c,a,b" ] },{ "det": 1.0,"i": 12,"subgroup": 57,"subgroupHM": "Pbcm","subgroupIndex": 2,"trSubtype": "ct","trType": "k","trm": [ "a:b,c,a;1/4,1/4,0" ] },{ "det": 1.0,"i": 13,"subgroup": 60,"subgroupHM": "Pbcn","subgroupIndex": 2,"trSubtype": "ct","trType": "k","trm": [ "a:c,a,b;1/4,1/4,0" ] },{ "det": 1.0,"i": 14,"subgroup": 61,"subgroupHM": "Pbca","subgroupIndex": 2,"trSubtype": "ct","trType": "k","trm": [ "a:a,b,c" ] },{ "det": 1.0,"i": 15,"subgroup": 62,"subgroupHM": "Pnma","subgroupIndex": 2,"trSubtype": "ct","trType": "k","trm": [ "a:-b,a,c;1/4,1/4,0" ] },{ "det": 3.0,"i": 16,"subgroup": 64,"subgroupHM": "Cmce","subgroupIndex": 3,"trSubtype": "eu","trType": "k","trm": [ "a:a,b,3c","a:a,b,3c;0,0,1","a:a,b,3c;0,0,2","b:a,3b,c","b:a,3b,c;0,1,0","b:a,3b,c;0,2,0","c:3a,b,c","c:3a,b,c;1,0,0","c:3a,b,c;2,0,0" ] } ] }