{ "created": "Thu Oct 10 11:53:58 CDT 2024","hm": "P31c","nSettings": 12,"nSubgroups": 6,"sg": 159,"subgroups": [ { "det": 1.0,"hm": "Cc","i": 1,"n": 3,"sg": 9,"subgroupIndex": 3,"trSubtype": "","trType": "t","trms": [ { "conjClass": "a","trm": "-a-b,a-b,c" },{ "conjClass": "a","trm": "a,a+b,c" },{ "conjClass": "a","trm": "b,-a-b,c" } ] },{ "det": 1.0,"hm": "P3","i": 2,"n": 1,"sg": 143,"subgroupIndex": 2,"trSubtype": "","trType": "t","trms": [ { "conjClass": "a","trm": "a,b,c" } ] },{ "det": 2.0,"hm": "P3c1","i": 3,"n": 1,"sg": 158,"subgroupIndex": 3,"trSubtype": "eu","trType": "k","trms": [ { "conjClass": "a","trm": "a-b,a+b,c" } ] },{ "det": 1.0,"hm": "P31c","i": 4,"n": 1,"sg": 159,"subgroupIndex": 3,"trSubtype": "eu","trType": "k","trms": [ { "conjClass": "a","trm": "a,b,c" } ] },{ "det": 1.0,"hm": "P31c","i": 5,"n": 4,"sg": 159,"subgroupIndex": 4,"trSubtype": "eu","trType": "k","trms": [ { "conjClass": "a","trm": "a,b,c" },{ "conjClass": "a","trm": "a,b,c;1,0,0" },{ "conjClass": "a","trm": "a,b,c;0,1,0" },{ "conjClass": "a","trm": "a,b,c;1,1,0" } ] },{ "det": 2.0,"hm": "R3c","i": 6,"n": 2,"sg": 161,"subgroupIndex": 3,"trSubtype": "eu","trType": "k","trms": [ { "conjClass": "a","trm": "a+b,-a+b,c" },{ "conjClass": "b","trm": "a-b,a+b,c" } ] } ] }