{ "created": "Thu Oct 10 11:54:13 CDT 2024","hm": "Pn-3n","nSettings": 10,"nSubgroups": 5,"sg": 222,"subgroups": [ { "det": 1.0,"hm": "P4/nnc","i": 1,"n": 3,"sg": 126,"subgroupIndex": 3,"trSubtype": "","trType": "t","trms": [ { "conjClass": "a","trm": "a,b,c" },{ "conjClass": "a","trm": "b,c,a" },{ "conjClass": "a","trm": "c,a,b" } ] },{ "det": 3.0,"hm": "R-3c","i": 2,"n": 4,"sg": 167,"subgroupIndex": 4,"trSubtype": "","trType": "t","trms": [ { "conjClass": "a","trm": "a-b,b-c,a+b+c" },{ "conjClass": "a","trm": "-a-b,b+c,-a+b-c;1/2,0,1/2" },{ "conjClass": "a","trm": "a+b,-b+c,a-b-c;0,1/2,1/2" },{ "conjClass": "a","trm": "-a+b,-b-c,-a-b+c;1/2,1/2,0" } ] },{ "det": 1.0,"hm": "Pn-3","i": 3,"n": 1,"sg": 201,"subgroupIndex": 2,"trSubtype": "","trType": "t","trms": [ { "conjClass": "a","trm": "a,b,c" } ] },{ "det": 1.0,"hm": "P432","i": 4,"n": 1,"sg": 207,"subgroupIndex": 2,"trSubtype": "","trType": "t","trms": [ { "conjClass": "a","trm": "a,b,c;1/4,1/4,1/4" } ] },{ "det": 1.0,"hm": "P-43n","i": 5,"n": 1,"sg": 218,"subgroupIndex": 2,"trSubtype": "","trType": "t","trms": [ { "conjClass": "a","trm": "a,b,c;1/4,1/4,1/4" } ] } ] }