{ "created": "Thu Oct 10 11:54:05 CDT 2024","hm": "P6cc","nSettings": 14,"nSubgroups": 6,"sg": 184,"subgroups": [ { "det": 1.0,"hm": "Ccc2","i": 1,"n": 3,"sg": 37,"subgroupIndex": 3,"trSubtype": "","trType": "t","trms": [ { "conjClass": "a","trm": "-a+b,-a-b,c" },{ "conjClass": "a","trm": "-a-b,a,c" },{ "conjClass": "a","trm": "a+b,b,c" } ] },{ "det": 1.0,"hm": "P3c1","i": 2,"n": 1,"sg": 158,"subgroupIndex": 2,"trSubtype": "","trType": "t","trms": [ { "conjClass": "a","trm": "a,b,c" } ] },{ "det": 1.0,"hm": "P31c","i": 3,"n": 1,"sg": 159,"subgroupIndex": 2,"trSubtype": "","trType": "t","trms": [ { "conjClass": "a","trm": "a,b,c" } ] },{ "det": 1.0,"hm": "P6","i": 4,"n": 1,"sg": 168,"subgroupIndex": 2,"trSubtype": "","trType": "t","trms": [ { "conjClass": "a","trm": "a,b,c" } ] },{ "det": 1.0,"hm": "P6cc","i": 5,"n": 4,"sg": 184,"subgroupIndex": 3,"trSubtype": "eu","trType": "k","trms": [ { "conjClass": "a","trm": "a-b,a+b,c" },{ "conjClass": "a","trm": "a-b,a+b,c;1,0,0" },{ "conjClass": "a","trm": "a-b,a+b,c;2,0,0" },{ "conjClass": "b","trm": "a,b,c" } ] },{ "det": 1.0,"hm": "P6cc","i": 6,"n": 4,"sg": 184,"subgroupIndex": 4,"trSubtype": "eu","trType": "k","trms": [ { "conjClass": "a","trm": "a,b,c" },{ "conjClass": "a","trm": "a,b,c;1,0,0" },{ "conjClass": "a","trm": "a,b,c;0,1,0" },{ "conjClass": "a","trm": "a,b,c;1,1,0" } ] } ] }