{ "HM": "P-6m2","created": "Tue Apr 09 11:04:56 CDT 2024","nSettings": 26,"nSubgroups": 9,"sg": 187,"subgroups": [ { "det": 2.0,"i": 1,"subgroup": 38,"subgroupHM": "Amm2","subgroupIndex": 3,"trSubtype": "","trType": "t","trm": [ "a:c,-a-b,a-b","a:c,a,a+2b","a:c,b,-2a-b" ] },{ "det": 1.0,"i": 2,"subgroup": 149,"subgroupHM": "P312","subgroupIndex": 2,"trSubtype": "","trType": "t","trm": [ "a:a,b,c" ] },{ "det": 1.0,"i": 3,"subgroup": 156,"subgroupHM": "P3m1","subgroupIndex": 2,"trSubtype": "","trType": "t","trm": [ "a:a,b,c" ] },{ "det": 1.0,"i": 4,"subgroup": 174,"subgroupHM": "P-6","subgroupIndex": 2,"trSubtype": "","trType": "t","trm": [ "a:a,b,c" ] },{ "det": 2.0,"i": 5,"subgroup": 187,"subgroupHM": "P-6m2","subgroupIndex": 2,"trSubtype": "eu","trType": "k","trm": [ "a:a,b,2c;0,0,1/2","b:a,b,2c" ] },{ "det": 3.0,"i": 6,"subgroup": 187,"subgroupHM": "P-6m2","subgroupIndex": 3,"trSubtype": "eu","trType": "k","trm": [ "a:a,b,3c","a:a,b,3c;0,0,1","a:a,b,3c;0,0,2" ] },{ "det": 4.0,"i": 7,"subgroup": 187,"subgroupHM": "P-6m2","subgroupIndex": 4,"trSubtype": "eu","trType": "k","trm": [ "a:2a,2b,c","a:2a,2b,c;1,0,0","a:2a,2b,c;0,1,0","a:2a,2b,c;1,1,0" ] },{ "det": 2.0,"i": 8,"subgroup": 188,"subgroupHM": "P-6c2","subgroupIndex": 2,"trSubtype": "eu","trType": "k","trm": [ "a:a,b,2c;0,0,1/2","b:a,b,2c" ] },{ "det": 3.0,"i": 9,"subgroup": 189,"subgroupHM": "P-62m","subgroupIndex": 3,"trSubtype": "eu","trType": "k","trm": [ "a:a-b,a+2b,c;1/3,2/3,0","a:a-b,a+2b,c;4/3,2/3,0","a:a-b,a+2b,c;7/3,2/3,0","b:a-b,a+2b,c;2/3,1/3,0","b:a-b,a+2b,c;2/3,4/3,0","b:a-b,a+2b,c;2/3,7/3,0","c:a-b,a+2b,c","c:a-b,a+2b,c;1,0,0","c:a-b,a+2b,c;1,1,0" ] } ] }