{ "HM": "Pnma","created": "Tue Apr 09 11:04:04 CDT 2024","nSettings": 16,"nSubgroups": 7,"sg": 62,"subgroups": [ { "det": 1.0,"i": 1,"subgroup": 11,"subgroupHM": "P21/m","subgroupIndex": 2,"trSubtype": "","trType": "t","trm": [ "a:a,b,c" ] },{ "det": 1.0,"i": 2,"subgroup": 14,"subgroupHM": "P21/c","subgroupIndex": 2,"trSubtype": "","trType": "t","trm": [ "a:-b,a,b+c","b:b,c,a" ] },{ "det": 1.0,"i": 3,"subgroup": 19,"subgroupHM": "P212121","subgroupIndex": 2,"trSubtype": "","trType": "t","trm": [ "a:a,b,c;0,0,1/4" ] },{ "det": 1.0,"i": 4,"subgroup": 26,"subgroupHM": "Pmc21","subgroupIndex": 2,"trSubtype": "","trType": "t","trm": [ "a:b,c,a;0,1/4,1/4" ] },{ "det": 1.0,"i": 5,"subgroup": 31,"subgroupHM": "Pmn21","subgroupIndex": 2,"trSubtype": "","trType": "t","trm": [ "a:-b,a,c;1/4,1/4,0" ] },{ "det": 1.0,"i": 6,"subgroup": 33,"subgroupHM": "Pna21","subgroupIndex": 2,"trSubtype": "","trType": "t","trm": [ "a:a,-c,b" ] },{ "det": 3.0,"i": 7,"subgroup": 62,"subgroupHM": "Pnma","subgroupIndex": 3,"trSubtype": "eu","trType": "k","trm": [ "a:a,b,3c","a:a,b,3c;0,0,1","a:a,b,3c;0,0,2","b:a,3b,c","b:a,3b,c;0,1,0","b:a,3b,c;0,2,0","c:3a,b,c","c:3a,b,c;1,0,0","c:3a,b,c;2,0,0" ] } ] }