{ "created": "Thu Oct 10 11:53:37 CDT 2024","hm": "Imma","nSettings": 24,"nSubgroups": 10,"sg": 74,"subgroups": [ { "det": 1.0,"hm": "C2/m","i": 1,"n": 2,"sg": 12,"subgroupIndex": 2,"trSubtype": "","trType": "t","trms": [ { "conjClass": "a","trm": "-b-c,a,c" },{ "conjClass": "b","trm": "-a-c,b,a;1/4,1/4,1/4" } ] },{ "det": 1.0,"hm": "C2/c","i": 2,"n": 1,"sg": 15,"subgroupIndex": 2,"trSubtype": "","trType": "t","trms": [ { "conjClass": "a","trm": "-a-b,c,b" } ] },{ "det": 1.0,"hm": "I212121","i": 3,"n": 1,"sg": 24,"subgroupIndex": 2,"trSubtype": "","trType": "t","trms": [ { "conjClass": "a","trm": "a,b,c;0,0,1/4" } ] },{ "det": 1.0,"hm": "Imm2","i": 4,"n": 1,"sg": 44,"subgroupIndex": 2,"trSubtype": "","trType": "t","trms": [ { "conjClass": "a","trm": "a,b,c;0,1/4,0" } ] },{ "det": 1.0,"hm": "Ima2","i": 5,"n": 2,"sg": 46,"subgroupIndex": 2,"trSubtype": "","trType": "t","trms": [ { "conjClass": "a","trm": "b,c,a" },{ "conjClass": "b","trm": "-a,c,b;1/4,0,1/4" } ] },{ "det": 1.0,"hm": "Pmma","i": 6,"n": 2,"sg": 51,"subgroupIndex": 2,"trSubtype": "ct","trType": "k","trms": [ { "conjClass": "a","trm": "-b,a,c" },{ "conjClass": "b","trm": "a,b,c;1/4,1/4,1/4" } ] },{ "det": 1.0,"hm": "Pnna","i": 7,"n": 2,"sg": 52,"subgroupIndex": 2,"trSubtype": "ct","trType": "k","trms": [ { "conjClass": "a","trm": "-b,a,c" },{ "conjClass": "b","trm": "a,b,c;1/4,1/4,1/4" } ] },{ "det": 1.0,"hm": "Pmna","i": 8,"n": 2,"sg": 53,"subgroupIndex": 2,"trSubtype": "ct","trType": "k","trms": [ { "conjClass": "a","trm": "a,b,c" },{ "conjClass": "b","trm": "-b,a,c;1/4,1/4,1/4" } ] },{ "det": 1.0,"hm": "Pnma","i": 9,"n": 2,"sg": 62,"subgroupIndex": 2,"trSubtype": "ct","trType": "k","trms": [ { "conjClass": "a","trm": "-b,a,c;1/4,1/4,1/4" },{ "conjClass": "b","trm": "a,b,c" } ] },{ "det": 1.0,"hm": "Imma","i": 10,"n": 9,"sg": 74,"subgroupIndex": 3,"trSubtype": "eu","trType": "k","trms": [ { "conjClass": "a","trm": "a,b,c" },{ "conjClass": "a","trm": "a,b,c;0,0,1" },{ "conjClass": "a","trm": "a,b,c;0,0,2" },{ "conjClass": "b","trm": "a,b,c" },{ "conjClass": "b","trm": "a,b,c;0,1,0" },{ "conjClass": "b","trm": "a,b,c;0,2,0" },{ "conjClass": "c","trm": "a,b,c" },{ "conjClass": "c","trm": "a,b,c;1,0,0" },{ "conjClass": "c","trm": "a,b,c;2,0,0" } ] } ] }