{ "created": "Thu Oct 10 11:53:36 CDT 2024","hm": "Ibam","nSettings": 24,"nSubgroups": 12,"sg": 72,"subgroups": [ { "det": 1.0,"hm": "C2/m","i": 1,"n": 1,"sg": 12,"subgroupIndex": 2,"trSubtype": "","trType": "t","trms": [ { "conjClass": "a","trm": "-a-b,c,b" } ] },{ "det": 1.0,"hm": "C2/c","i": 2,"n": 2,"sg": 15,"subgroupIndex": 2,"trSubtype": "","trType": "t","trms": [ { "conjClass": "a","trm": "-b-c,a,c" },{ "conjClass": "b","trm": "a-c,b,c" } ] },{ "det": 1.0,"hm": "I222","i": 3,"n": 1,"sg": 23,"subgroupIndex": 2,"trSubtype": "","trType": "t","trms": [ { "conjClass": "a","trm": "a,b,c;0,0,1/4" } ] },{ "det": 1.0,"hm": "Iba2","i": 4,"n": 1,"sg": 45,"subgroupIndex": 2,"trSubtype": "","trType": "t","trms": [ { "conjClass": "a","trm": "a,b,c" } ] },{ "det": 1.0,"hm": "Ima2","i": 5,"n": 2,"sg": 46,"subgroupIndex": 2,"trSubtype": "","trType": "t","trms": [ { "conjClass": "a","trm": "c,b,-a;0,0,1/4" },{ "conjClass": "b","trm": "c,a,b;0,0,1/4" } ] },{ "det": 1.0,"hm": "Pccm","i": 6,"n": 1,"sg": 49,"subgroupIndex": 2,"trSubtype": "ct","trType": "k","trms": [ { "conjClass": "a","trm": "a,b,c" } ] },{ "det": 1.0,"hm": "Pban","i": 7,"n": 1,"sg": 50,"subgroupIndex": 2,"trSubtype": "ct","trType": "k","trms": [ { "conjClass": "a","trm": "a,b,c;1/4,1/4,1/4" } ] },{ "det": 1.0,"hm": "Pbam","i": 8,"n": 1,"sg": 55,"subgroupIndex": 2,"trSubtype": "ct","trType": "k","trms": [ { "conjClass": "a","trm": "a,b,c" } ] },{ "det": 1.0,"hm": "Pccn","i": 9,"n": 1,"sg": 56,"subgroupIndex": 2,"trSubtype": "ct","trType": "k","trms": [ { "conjClass": "a","trm": "a,b,c;1/4,1/4,1/4" } ] },{ "det": 1.0,"hm": "Pbcm","i": 10,"n": 2,"sg": 57,"subgroupIndex": 2,"trSubtype": "ct","trType": "k","trms": [ { "conjClass": "a","trm": "-b,a,c;1/4,1/4,1/4" },{ "conjClass": "b","trm": "a,b,c;1/4,1/4,1/4" } ] },{ "det": 1.0,"hm": "Pbcn","i": 11,"n": 2,"sg": 60,"subgroupIndex": 2,"trSubtype": "ct","trType": "k","trms": [ { "conjClass": "a","trm": "a,b,c" },{ "conjClass": "b","trm": "-b,a,c" } ] },{ "det": 1.0,"hm": "Ibam","i": 12,"n": 9,"sg": 72,"subgroupIndex": 3,"trSubtype": "eu","trType": "k","trms": [ { "conjClass": "a","trm": "a,b,c" },{ "conjClass": "a","trm": "a,b,c;0,0,1" },{ "conjClass": "a","trm": "a,b,c;0,0,2" },{ "conjClass": "b","trm": "a,b,c" },{ "conjClass": "b","trm": "a,b,c;0,1,0" },{ "conjClass": "b","trm": "a,b,c;0,2,0" },{ "conjClass": "c","trm": "a,b,c" },{ "conjClass": "c","trm": "a,b,c;1,0,0" },{ "conjClass": "c","trm": "a,b,c;2,0,0" } ] } ] }