{ "HM": "F-43c","created": "Tue Apr 09 11:05:08 CDT 2024","nSettings": 16,"nSubgroups": 4,"sg": 219,"subgroups": [ { "det": 0.5,"i": 1,"subgroup": 120,"subgroupHM": "I-4c2","subgroupIndex": 3,"trSubtype": "","trType": "t","trm": [ "a:1/2a-1/2b,1/2a+1/2b,c;0,0,1/4","a:1/2b-1/2c,1/2b+1/2c,a;1/4,0,0","a:-1/2a+1/2c,1/2a+1/2c,b;0,1/4,0" ] },{ "det": 0.75,"i": 2,"subgroup": 161,"subgroupHM": "R3c","subgroupIndex": 4,"trSubtype": "","trType": "t","trm": [ "a:-1/2a+1/2b,-1/2b+1/2c,a+b+c","a:1/2a+1/2b,-1/2b-1/2c,-a+b-c","a:-1/2a-1/2b,1/2b-1/2c,a-b-c","a:1/2a-1/2b,1/2b+1/2c,-a-b+c" ] },{ "det": 1.0,"i": 3,"subgroup": 196,"subgroupHM": "F23","subgroupIndex": 2,"trSubtype": "","trType": "t","trm": [ "a:a,b,c" ] },{ "det": 1.0,"i": 4,"subgroup": 218,"subgroupHM": "P-43n","subgroupIndex": 4,"trSubtype": "ct","trType": "k","trm": [ "a:a,b,c;1/4,1/4,1/4","a:a,b,c;3/4,1/4,3/4","a:a,b,c;1/4,3/4,3/4","a:a,b,c;3/4,3/4,1/4","b:a,b,c","b:a,b,c;1/2,1/2,0","b:a,b,c;0,1/2,1/2","b:a,b,c;1/2,0,1/2" ] } ] }