{ "HM": "I4mm","created": "Tue Apr 09 11:04:19 CDT 2024","nSettings": 8,"nSubgroups": 8,"sg": 107,"subgroups": [ { "det": 2.0,"i": 1,"subgroup": 42,"subgroupHM": "Fmm2","subgroupIndex": 2,"trSubtype": "","trType": "t","trm": [ "a:a-b,a+b,c" ] },{ "det": 1.0,"i": 2,"subgroup": 44,"subgroupHM": "Imm2","subgroupIndex": 2,"trSubtype": "","trType": "t","trm": [ "a:a,b,c" ] },{ "det": 1.0,"i": 3,"subgroup": 79,"subgroupHM": "I4","subgroupIndex": 2,"trSubtype": "","trType": "t","trm": [ "a:a,b,c" ] },{ "det": 1.0,"i": 4,"subgroup": 99,"subgroupHM": "P4mm","subgroupIndex": 2,"trSubtype": "ct","trType": "k","trm": [ "a:a,b,c" ] },{ "det": 1.0,"i": 5,"subgroup": 102,"subgroupHM": "P42nm","subgroupIndex": 2,"trSubtype": "ct","trType": "k","trm": [ "a:a,b,c" ] },{ "det": 1.0,"i": 6,"subgroup": 104,"subgroupHM": "P4nc","subgroupIndex": 2,"trSubtype": "ct","trType": "k","trm": [ "a:a,b,c" ] },{ "det": 1.0,"i": 7,"subgroup": 105,"subgroupHM": "P42mc","subgroupIndex": 2,"trSubtype": "ct","trType": "k","trm": [ "a:a,b,c;0,1/2,0" ] },{ "det": 3.0,"i": 8,"subgroup": 107,"subgroupHM": "I4mm","subgroupIndex": 3,"trSubtype": "eu","trType": "k","trm": [ "a:a,b,3c" ] } ] }