{ "created": "Thu Oct 10 11:53:51 CDT 2024","hm": "P42/nnm","nSettings": 18,"nSubgroups": 10,"sg": 134,"subgroups": [ { "det": 1.0,"hm": "Pnnn","i": 1,"n": 1,"sg": 48,"subgroupIndex": 2,"trSubtype": "","trType": "t","trms": [ { "conjClass": "a","trm": "a,b,c" } ] },{ "det": 2.0,"hm": "Cmme","i": 2,"n": 1,"sg": 67,"subgroupIndex": 2,"trSubtype": "","trType": "t","trms": [ { "conjClass": "a","trm": "a-b,a+b,c;0,1/2,0" } ] },{ "det": 1.0,"hm": "P42/n","i": 3,"n": 1,"sg": 86,"subgroupIndex": 2,"trSubtype": "","trType": "t","trms": [ { "conjClass": "a","trm": "a,b,c;0,1/2,0" } ] },{ "det": 1.0,"hm": "P4222","i": 4,"n": 1,"sg": 93,"subgroupIndex": 2,"trSubtype": "","trType": "t","trms": [ { "conjClass": "a","trm": "a,b,c;1/4,1/4,1/4" } ] },{ "det": 1.0,"hm": "P42nm","i": 5,"n": 1,"sg": 102,"subgroupIndex": 2,"trSubtype": "","trType": "t","trms": [ { "conjClass": "a","trm": "a,b,c;1/4,3/4,0" } ] },{ "det": 1.0,"hm": "P-42m","i": 6,"n": 1,"sg": 111,"subgroupIndex": 2,"trSubtype": "","trType": "t","trms": [ { "conjClass": "a","trm": "a,b,c;1/4,3/4,1/4" } ] },{ "det": 1.0,"hm": "P-4n2","i": 7,"n": 1,"sg": 118,"subgroupIndex": 2,"trSubtype": "","trType": "t","trms": [ { "conjClass": "a","trm": "a,b,c;1/4,3/4,1/4" } ] },{ "det": 1.0,"hm": "P42/nnm","i": 8,"n": 3,"sg": 134,"subgroupIndex": 3,"trSubtype": "eu","trType": "k","trms": [ { "conjClass": "a","trm": "a,b,c" },{ "conjClass": "a","trm": "a,b,c;0,0,1" },{ "conjClass": "a","trm": "a,b,c;0,0,2" } ] },{ "det": 2.0,"hm": "I41/amd","i": 9,"n": 4,"sg": 141,"subgroupIndex": 2,"trSubtype": "eu","trType": "k","trms": [ { "conjClass": "a","trm": "a-b,a+b,c;1/2,0,1/2" },{ "conjClass": "b","trm": "a-b,a+b,c;1/2,0,0" },{ "conjClass": "c","trm": "a-b,a+b,c;0,1/2,1/2" },{ "conjClass": "d","trm": "a-b,a+b,c;0,1/2,0" } ] },{ "det": 2.0,"hm": "I41/acd","i": 10,"n": 4,"sg": 142,"subgroupIndex": 2,"trSubtype": "eu","trType": "k","trms": [ { "conjClass": "a","trm": "a-b,a+b,c;1/2,0,1/2" },{ "conjClass": "b","trm": "a-b,a+b,c;1/2,0,0" },{ "conjClass": "c","trm": "a-b,a+b,c;0,1/2,1/2" },{ "conjClass": "d","trm": "a-b,a+b,c;0,1/2,0" } ] } ] }