{ "created": "Thu Oct 10 11:53:55 CDT 2024","hm": "P-3","nSettings": 20,"nSubgroups": 6,"sg": 147,"subgroups": [ { "det": 1.0,"hm": "P-1","i": 1,"n": 1,"sg": 2,"subgroupIndex": 3,"trSubtype": "","trType": "t","trms": [ { "conjClass": "a","trm": "a,b,c" } ] },{ "det": 1.0,"hm": "P3","i": 2,"n": 1,"sg": 143,"subgroupIndex": 2,"trSubtype": "","trType": "t","trms": [ { "conjClass": "a","trm": "a,b,c" } ] },{ "det": 1.0,"hm": "P-3","i": 3,"n": 2,"sg": 147,"subgroupIndex": 2,"trSubtype": "eu","trType": "k","trms": [ { "conjClass": "a","trm": "a,b,c;0,0,1/2" },{ "conjClass": "b","trm": "a,b,c" } ] },{ "det": 1.0,"hm": "P-3","i": 4,"n": 6,"sg": 147,"subgroupIndex": 3,"trSubtype": "eu","trType": "k","trms": [ { "conjClass": "a","trm": "a-b,a+b,c" },{ "conjClass": "a","trm": "a-b,a+b,c;1,0,0" },{ "conjClass": "a","trm": "a-b,a+b,c;2,0,0" },{ "conjClass": "b","trm": "a,b,c" },{ "conjClass": "b","trm": "a,b,c;0,0,1" },{ "conjClass": "b","trm": "a,b,c;0,0,2" } ] },{ "det": 1.0,"hm": "P-3","i": 5,"n": 4,"sg": 147,"subgroupIndex": 4,"trSubtype": "eu","trType": "k","trms": [ { "conjClass": "a","trm": "a,b,c" },{ "conjClass": "a","trm": "a,b,c;1,0,0" },{ "conjClass": "a","trm": "a,b,c;0,1,0" },{ "conjClass": "a","trm": "a,b,c;1,1,0" } ] },{ "det": 2.0,"hm": "R-3","i": 6,"n": 6,"sg": 148,"subgroupIndex": 3,"trSubtype": "eu","trType": "k","trms": [ { "conjClass": "a","trm": "a+b,-a+b,c" },{ "conjClass": "a","trm": "a+b,-a+b,c;0,0,1" },{ "conjClass": "a","trm": "a+b,-a+b,c;0,0,2" },{ "conjClass": "b","trm": "a-b,a+b,c" },{ "conjClass": "b","trm": "a-b,a+b,c;0,0,1" },{ "conjClass": "b","trm": "a-b,a+b,c;0,0,2" } ] } ] }