{ "created": "Thu Oct 10 11:53:59 CDT 2024","hm": "P-3m1","nSettings": 20,"nSubgroups": 9,"sg": 164,"subgroups": [ { "det": 1.0,"hm": "C2/m","i": 1,"n": 3,"sg": 12,"subgroupIndex": 3,"trSubtype": "","trType": "t","trms": [ { "conjClass": "a","trm": "-a+b,-a-b,c" },{ "conjClass": "a","trm": "-a-b,a,c" },{ "conjClass": "a","trm": "a+b,b,c" } ] },{ "det": 1.0,"hm": "P-3","i": 2,"n": 1,"sg": 147,"subgroupIndex": 2,"trSubtype": "","trType": "t","trms": [ { "conjClass": "a","trm": "a,b,c" } ] },{ "det": 1.0,"hm": "P321","i": 3,"n": 1,"sg": 150,"subgroupIndex": 2,"trSubtype": "","trType": "t","trms": [ { "conjClass": "a","trm": "a,b,c" } ] },{ "det": 1.0,"hm": "P3m1","i": 4,"n": 1,"sg": 156,"subgroupIndex": 2,"trSubtype": "","trType": "t","trms": [ { "conjClass": "a","trm": "a,b,c" } ] },{ "det": 2.0,"hm": "P-31m","i": 5,"n": 3,"sg": 162,"subgroupIndex": 3,"trSubtype": "eu","trType": "k","trms": [ { "conjClass": "a","trm": "a-b,a+b,c" },{ "conjClass": "a","trm": "a-b,a+b,c;1,0,0" },{ "conjClass": "a","trm": "a-b,a+b,c;1,1,0" } ] },{ "det": 1.0,"hm": "P-3m1","i": 6,"n": 2,"sg": 164,"subgroupIndex": 2,"trSubtype": "eu","trType": "k","trms": [ { "conjClass": "a","trm": "a,b,c;0,0,1/2" },{ "conjClass": "b","trm": "a,b,c" } ] },{ "det": 1.0,"hm": "P-3m1","i": 7,"n": 3,"sg": 164,"subgroupIndex": 3,"trSubtype": "eu","trType": "k","trms": [ { "conjClass": "a","trm": "a,b,c" },{ "conjClass": "a","trm": "a,b,c;0,0,1" },{ "conjClass": "a","trm": "a,b,c;0,0,2" } ] },{ "det": 1.0,"hm": "P-3m1","i": 8,"n": 4,"sg": 164,"subgroupIndex": 4,"trSubtype": "eu","trType": "k","trms": [ { "conjClass": "a","trm": "a,b,c" },{ "conjClass": "a","trm": "a,b,c;1,0,0" },{ "conjClass": "a","trm": "a,b,c;0,1,0" },{ "conjClass": "a","trm": "a,b,c;1,1,0" } ] },{ "det": 1.0,"hm": "P-3c1","i": 9,"n": 2,"sg": 165,"subgroupIndex": 2,"trSubtype": "eu","trType": "k","trms": [ { "conjClass": "a","trm": "a,b,c;0,0,1/2" },{ "conjClass": "b","trm": "a,b,c" } ] } ] }