{ "created": "Thu Oct 10 11:53:29 CDT 2024","hm": "Ccc2","nSettings": 14,"nSubgroups": 6,"sg": 37,"subgroups": [ { "det": 0.5,"hm": "P2","i": 1,"n": 1,"sg": 3,"subgroupIndex": 2,"trSubtype": "","trType": "t","trms": [ { "conjClass": "a","trm": "1/2a+1/2b,c,1/2a-1/2b" } ] },{ "det": 1.0,"hm": "Cc","i": 2,"n": 2,"sg": 9,"subgroupIndex": 2,"trSubtype": "","trType": "t","trms": [ { "conjClass": "a","trm": "-b,a,c" },{ "conjClass": "b","trm": "a,b,c" } ] },{ "det": 1.0,"hm": "Pcc2","i": 3,"n": 1,"sg": 27,"subgroupIndex": 2,"trSubtype": "ct","trType": "k","trms": [ { "conjClass": "a","trm": "a,b,c" } ] },{ "det": 1.0,"hm": "Pnc2","i": 4,"n": 2,"sg": 30,"subgroupIndex": 2,"trSubtype": "ct","trType": "k","trms": [ { "conjClass": "a","trm": "-b,a,c;1/4,1/4,0" },{ "conjClass": "b","trm": "a,b,c;1/4,1/4,0" } ] },{ "det": 1.0,"hm": "Pnn2","i": 5,"n": 1,"sg": 34,"subgroupIndex": 2,"trSubtype": "ct","trType": "k","trms": [ { "conjClass": "a","trm": "a,b,c" } ] },{ "det": 1.0,"hm": "Ccc2","i": 6,"n": 7,"sg": 37,"subgroupIndex": 3,"trSubtype": "eu","trType": "k","trms": [ { "conjClass": "a","trm": "a,b,c" },{ "conjClass": "a","trm": "a,b,c;0,1,0" },{ "conjClass": "a","trm": "a,b,c;0,2,0" },{ "conjClass": "b","trm": "a,b,c" },{ "conjClass": "b","trm": "a,b,c;1,0,0" },{ "conjClass": "b","trm": "a,b,c;2,0,0" },{ "conjClass": "c","trm": "a,b,c" } ] } ] }