{ "created": "Thu Oct 10 11:54:03 CDT 2024","hm": "P6222","nSettings": 17,"nSubgroups": 8,"sg": 180,"subgroups": [ { "det": 1.0,"hm": "C222","i": 1,"n": 3,"sg": 21,"subgroupIndex": 3,"trSubtype": "","trType": "t","trms": [ { "conjClass": "a","trm": "-a+b,-a-b,c;0,0,1/3" },{ "conjClass": "a","trm": "-a-b,a,c" },{ "conjClass": "a","trm": "a+b,b,c;0,0,2/3" } ] },{ "det": 1.0,"hm": "P3212","i": 2,"n": 1,"sg": 153,"subgroupIndex": 2,"trSubtype": "","trType": "t","trms": [ { "conjClass": "a","trm": "a,b,c;0,0,1/6" } ] },{ "det": 1.0,"hm": "P3221","i": 3,"n": 1,"sg": 154,"subgroupIndex": 2,"trSubtype": "","trType": "t","trms": [ { "conjClass": "a","trm": "a,b,c;0,0,1/3" } ] },{ "det": 1.0,"hm": "P62","i": 4,"n": 1,"sg": 171,"subgroupIndex": 2,"trSubtype": "","trType": "t","trms": [ { "conjClass": "a","trm": "a,b,c" } ] },{ "det": 1.0,"hm": "P6122","i": 5,"n": 2,"sg": 178,"subgroupIndex": 2,"trSubtype": "eu","trType": "k","trms": [ { "conjClass": "a","trm": "a,b,c;0,0,1/2" },{ "conjClass": "b","trm": "a,b,c" } ] },{ "det": 2.0,"hm": "P6222","i": 6,"n": 3,"sg": 180,"subgroupIndex": 3,"trSubtype": "eu","trType": "k","trms": [ { "conjClass": "a","trm": "a-b,a+b,c;0,0,1/3" },{ "conjClass": "a","trm": "a-b,a+b,c;1,0,1/3" },{ "conjClass": "a","trm": "a-b,a+b,c;2,0,1/3" } ] },{ "det": 1.0,"hm": "P6222","i": 7,"n": 4,"sg": 180,"subgroupIndex": 4,"trSubtype": "eu","trType": "k","trms": [ { "conjClass": "a","trm": "a,b,c" },{ "conjClass": "a","trm": "a,b,c;1,0,0" },{ "conjClass": "a","trm": "a,b,c;0,1,0" },{ "conjClass": "a","trm": "a,b,c;1,1,0" } ] },{ "det": 1.0,"hm": "P6422","i": 8,"n": 2,"sg": 181,"subgroupIndex": 2,"trSubtype": "eu","trType": "k","trms": [ { "conjClass": "a","trm": "a,b,c;0,0,1/2" },{ "conjClass": "b","trm": "a,b,c" } ] } ] }