{ "created": "Thu Oct 10 11:53:40 CDT 2024","hm": "I41/a","nSettings": 6,"nSubgroups": 4,"sg": 88,"subgroups": [ { "det": 1.0,"hm": "C2/c","i": 1,"n": 1,"sg": 15,"subgroupIndex": 2,"trSubtype": "","trType": "t","trms": [ { "conjClass": "a","trm": "-a-b,c,b" } ] },{ "det": 1.0,"hm": "I41","i": 2,"n": 1,"sg": 80,"subgroupIndex": 2,"trSubtype": "","trType": "t","trms": [ { "conjClass": "a","trm": "a,b,c;1/2,1/4,0" } ] },{ "det": 1.0,"hm": "I-4","i": 3,"n": 1,"sg": 82,"subgroupIndex": 2,"trSubtype": "","trType": "t","trms": [ { "conjClass": "a","trm": "a,b,c;0,1/4,5/8" } ] },{ "det": 1.0,"hm": "I41/a","i": 4,"n": 3,"sg": 88,"subgroupIndex": 3,"trSubtype": "eu","trType": "k","trms": [ { "conjClass": "a","trm": "a,b,c;1/2,0,0" },{ "conjClass": "a","trm": "a,b,c;1/2,0,1" },{ "conjClass": "a","trm": "a,b,c;1/2,0,2" } ] } ] }