{ "created": "Thu Oct 10 11:54:00 CDT 2024","hm": "R-3c","nSettings": 13,"nSubgroups": 6,"sg": 167,"subgroups": [ { "det": 0.6666666666666666,"hm": "C2/c","i": 1,"n": 3,"sg": 15,"subgroupIndex": 3,"trSubtype": "","trType": "t","trms": [ { "conjClass": "a","trm": "-1/3a+1/3b-2/3c,-a-b,c" },{ "conjClass": "a","trm": "-1/3a-2/3b-2/3c,a,c" },{ "conjClass": "a","trm": "2/3a+1/3b-2/3c,b,c" } ] },{ "det": 1.0,"hm": "R-3","i": 2,"n": 1,"sg": 148,"subgroupIndex": 2,"trSubtype": "","trType": "t","trms": [ { "conjClass": "a","trm": "a,b,c" } ] },{ "det": 1.0,"hm": "R32","i": 3,"n": 1,"sg": 155,"subgroupIndex": 2,"trSubtype": "","trType": "t","trms": [ { "conjClass": "a","trm": "a,b,c;0,0,1/4" } ] },{ "det": 1.0,"hm": "R3c","i": 4,"n": 1,"sg": 161,"subgroupIndex": 2,"trSubtype": "","trType": "t","trms": [ { "conjClass": "a","trm": "a,b,c" } ] },{ "det": 1.0,"hm": "P-3c1","i": 5,"n": 3,"sg": 165,"subgroupIndex": 3,"trSubtype": "ct","trType": "k","trms": [ { "conjClass": "a","trm": "a,b,c" },{ "conjClass": "a","trm": "a,b,c;1/3,2/3,2/3" },{ "conjClass": "a","trm": "a,b,c;2/3,1/3,1/3" } ] },{ "det": 1.0,"hm": "R-3c","i": 6,"n": 4,"sg": 167,"subgroupIndex": 4,"trSubtype": "eu","trType": "k","trms": [ { "conjClass": "a","trm": "-b,a+b,c" },{ "conjClass": "a","trm": "-b,a+b,c;1,0,0" },{ "conjClass": "a","trm": "-b,a+b,c;0,1,0" },{ "conjClass": "a","trm": "-b,a+b,c;1,1,0" } ] } ] }