{ "created": "Thu Oct 10 11:54:10 CDT 2024","hm": "F432","nSettings": 16,"nSubgroups": 5,"sg": 209,"subgroups": [ { "det": 0.5,"hm": "I422","i": 1,"n": 3,"sg": 97,"subgroupIndex": 3,"trSubtype": "","trType": "t","trms": [ { "conjClass": "a","trm": "1/2a-1/2b,1/2a+1/2b,c" },{ "conjClass": "a","trm": "1/2b-1/2c,1/2b+1/2c,a" },{ "conjClass": "a","trm": "-1/2a+1/2c,1/2a+1/2c,b" } ] },{ "det": 0.75,"hm": "R32","i": 2,"n": 4,"sg": 155,"subgroupIndex": 4,"trSubtype": "","trType": "t","trms": [ { "conjClass": "a","trm": "-1/2a+1/2b,-1/2b+1/2c,a+b+c" },{ "conjClass": "a","trm": "1/2a+1/2b,-1/2b-1/2c,-a+b-c" },{ "conjClass": "a","trm": "-1/2a-1/2b,1/2b-1/2c,a-b-c" },{ "conjClass": "a","trm": "1/2a-1/2b,1/2b+1/2c,-a-b+c" } ] },{ "det": 1.0,"hm": "F23","i": 3,"n": 1,"sg": 196,"subgroupIndex": 2,"trSubtype": "","trType": "t","trms": [ { "conjClass": "a","trm": "a,b,c" } ] },{ "det": 1.0,"hm": "P432","i": 4,"n": 4,"sg": 207,"subgroupIndex": 4,"trSubtype": "ct","trType": "k","trms": [ { "conjClass": "a","trm": "a,b,c" },{ "conjClass": "a","trm": "a,b,c;1/2,1/2,0" },{ "conjClass": "a","trm": "a,b,c;0,1/2,1/2" },{ "conjClass": "a","trm": "a,b,c;1/2,0,1/2" } ] },{ "det": 1.0,"hm": "P4232","i": 5,"n": 4,"sg": 208,"subgroupIndex": 4,"trSubtype": "ct","trType": "k","trms": [ { "conjClass": "a","trm": "a,b,c;1/4,1/4,1/4" },{ "conjClass": "a","trm": "a,b,c;3/4,1/4,3/4" },{ "conjClass": "a","trm": "a,b,c;1/4,3/4,3/4" },{ "conjClass": "a","trm": "a,b,c;3/4,3/4,1/4" } ] } ] }