{ "HM": "P222","created": "Tue Apr 09 11:03:48 CDT 2024","nSettings": 40,"nSubgroups": 6,"sg": 16,"subgroups": [ { "det": 1.0,"i": 1,"subgroup": 3,"subgroupHM": "P2","subgroupIndex": 2,"trSubtype": "","trType": "t","trm": [ "a:c,a,b","b:a,b,c","c:b,c,a" ] },{ "det": 2.0,"i": 2,"subgroup": 16,"subgroupHM": "P222","subgroupIndex": 2,"trSubtype": "eu","trType": "k","trm": [ "a:a,b,2c;0,0,1/2","b:a,b,2c","c:a,2b,c;0,1/2,0","d:a,2b,c","e:2a,b,c;1/2,0,0","f:2a,b,c" ] },{ "det": 3.0,"i": 3,"subgroup": 16,"subgroupHM": "P222","subgroupIndex": 3,"trSubtype": "eu","trType": "k","trm": [ "a:a,b,3c","a:a,b,3c;0,0,1","a:a,b,3c;0,0,2","b:a,3b,c","b:a,3b,c;0,1,0","b:a,3b,c;0,2,0","c:3a,b,c","c:3a,b,c;1,0,0","c:3a,b,c;2,0,0" ] },{ "det": 2.0,"i": 4,"subgroup": 17,"subgroupHM": "P2221","subgroupIndex": 2,"trSubtype": "eu","trType": "k","trm": [ "a:a,b,2c","b:a,b,2c;0,0,1/2","c:c,a,2b;0,1/2,0","d:c,a,2b","e:b,c,2a;1/2,0,0","f:b,c,2a" ] },{ "det": 4.0,"i": 5,"subgroup": 21,"subgroupHM": "C222","subgroupIndex": 2,"trSubtype": "eu","trType": "k","trm": [ "a:2a,2b,c;1/2,0,0","b:2a,2b,c","c:2c,2a,b;1/2,0,1/2","d:2c,2a,b;1/2,0,0","e:2c,2a,b;0,0,1/2","f:2c,2a,b","g:2b,2c,a;0,1/2,1/2","h:2b,2c,a;0,0,1/2","i:2a,2b,c;1/2,1/2,0","j:2a,2b,c;0,1/2,0","k:2b,2c,a;0,1/2,0","l:2b,2c,a" ] },{ "det": 8.0,"i": 6,"subgroup": 22,"subgroupHM": "F222","subgroupIndex": 2,"trSubtype": "eu","trType": "k","trm": [ "a:2a,2b,2c;1/2,0,0","b:2a,2b,2c;0,0,1/2","c:2a,2b,2c;0,1/2,0","d:2a,2b,2c" ] } ] }