{ "created": "Thu Oct 10 11:54:12 CDT 2024","hm": "I-43m","nSettings": 10,"nSubgroups": 5,"sg": 217,"subgroups": [ { "det": 1.0,"hm": "I-42m","i": 1,"n": 3,"sg": 121,"subgroupIndex": 3,"trSubtype": "","trType": "t","trms": [ { "conjClass": "a","trm": "a,b,c" },{ "conjClass": "a","trm": "b,c,a" },{ "conjClass": "a","trm": "c,a,b" } ] },{ "det": 1.5,"hm": "R3m","i": 2,"n": 4,"sg": 160,"subgroupIndex": 4,"trSubtype": "","trType": "t","trms": [ { "conjClass": "a","trm": "-a+b,-b+c,1/2a+1/2b+1/2c" },{ "conjClass": "a","trm": "a+b,-b-c,-1/2a+1/2b-1/2c" },{ "conjClass": "a","trm": "-a-b,b-c,1/2a-1/2b-1/2c" },{ "conjClass": "a","trm": "a-b,b+c,-1/2a-1/2b+1/2c" } ] },{ "det": 1.0,"hm": "I23","i": 3,"n": 1,"sg": 197,"subgroupIndex": 2,"trSubtype": "","trType": "t","trms": [ { "conjClass": "a","trm": "a,b,c" } ] },{ "det": 1.0,"hm": "P-43m","i": 4,"n": 1,"sg": 215,"subgroupIndex": 2,"trSubtype": "ct","trType": "k","trms": [ { "conjClass": "a","trm": "a,b,c" } ] },{ "det": 1.0,"hm": "P-43n","i": 5,"n": 1,"sg": 218,"subgroupIndex": 2,"trSubtype": "ct","trType": "k","trms": [ { "conjClass": "a","trm": "a,b,c" } ] } ] }