{ "created": "Thu Oct 10 11:53:25 CDT 2024","hm": "Cc","nSettings": 10,"nSubgroups": 3,"sg": 9,"subgroups": [ { "det": 0.5,"hm": "P1","i": 1,"n": 1,"sg": 1,"subgroupIndex": 2,"trSubtype": "","trType": "t","trms": [ { "conjClass": "a","trm": "1/2a-1/2b,1/2a+1/2b,c" } ] },{ "det": 1.0,"hm": "Pc","i": 2,"n": 2,"sg": 7,"subgroupIndex": 2,"trSubtype": "ct","trType": "k","trms": [ { "conjClass": "a","trm": "a,b,-a+c;0,1/4,0" },{ "conjClass": "b","trm": "a,b,c" } ] },{ "det": 1.0,"hm": "Cc","i": 3,"n": 7,"sg": 9,"subgroupIndex": 3,"trSubtype": "eu","trType": "k","trms": [ { "conjClass": "a","trm": "a,b,c" },{ "conjClass": "a","trm": "a,b,c;0,1,0" },{ "conjClass": "a","trm": "a,b,c;0,2,0" },{ "conjClass": "b","trm": "a,b,c" },{ "conjClass": "c","trm": "a-c,b,c" },{ "conjClass": "d","trm": "a-c,b,c" },{ "conjClass": "e","trm": "a,b,c" } ] } ] }