{ "HM": "P-62m","created": "Tue Apr 09 11:04:57 CDT 2024","nSettings": 18,"nSubgroups": 9,"sg": 189,"subgroups": [ { "det": 2.0,"i": 1,"subgroup": 38,"subgroupHM": "Amm2","subgroupIndex": 3,"trSubtype": "","trType": "t","trm": [ "a:c,-a+b,-a-b","a:c,-a-2b,a","a:c,2a+b,b" ] },{ "det": 1.0,"i": 2,"subgroup": 150,"subgroupHM": "P321","subgroupIndex": 2,"trSubtype": "","trType": "t","trm": [ "a:a,b,c" ] },{ "det": 1.0,"i": 3,"subgroup": 157,"subgroupHM": "P31m","subgroupIndex": 2,"trSubtype": "","trType": "t","trm": [ "a:a,b,c" ] },{ "det": 1.0,"i": 4,"subgroup": 174,"subgroupHM": "P-6","subgroupIndex": 2,"trSubtype": "","trType": "t","trm": [ "a:a,b,c" ] },{ "det": 3.0,"i": 5,"subgroup": 187,"subgroupHM": "P-6m2","subgroupIndex": 3,"trSubtype": "eu","trType": "k","trm": [ "a:a-b,a+2b,c" ] },{ "det": 2.0,"i": 6,"subgroup": 189,"subgroupHM": "P-62m","subgroupIndex": 2,"trSubtype": "eu","trType": "k","trm": [ "a:a,b,2c;0,0,1/2","b:a,b,2c" ] },{ "det": 3.0,"i": 7,"subgroup": 189,"subgroupHM": "P-62m","subgroupIndex": 3,"trSubtype": "eu","trType": "k","trm": [ "a:a,b,3c","a:a,b,3c;0,0,1","a:a,b,3c;0,0,2" ] },{ "det": 4.0,"i": 8,"subgroup": 189,"subgroupHM": "P-62m","subgroupIndex": 4,"trSubtype": "eu","trType": "k","trm": [ "a:2a,2b,c","a:2a,2b,c;1,0,0","a:2a,2b,c;0,1,0","a:2a,2b,c;1,1,0" ] },{ "det": 2.0,"i": 9,"subgroup": 190,"subgroupHM": "P-62c","subgroupIndex": 2,"trSubtype": "eu","trType": "k","trm": [ "a:a,b,2c;0,0,1/2","b:a,b,2c" ] } ] }