{ "created": "Thu Oct 10 11:53:26 CDT 2024","hm": "P222","nSettings": 40,"nSubgroups": 6,"sg": 16,"subgroups": [ { "det": 1.0,"hm": "P2","i": 1,"n": 3,"sg": 3,"subgroupIndex": 2,"trSubtype": "","trType": "t","trms": [ { "conjClass": "a","trm": "c,a,b" },{ "conjClass": "b","trm": "a,b,c" },{ "conjClass": "c","trm": "b,c,a" } ] },{ "det": 1.0,"hm": "P222","i": 2,"n": 6,"sg": 16,"subgroupIndex": 2,"trSubtype": "eu","trType": "k","trms": [ { "conjClass": "a","trm": "a,b,c;0,0,1/2" },{ "conjClass": "b","trm": "a,b,c" },{ "conjClass": "c","trm": "a,b,c;0,1/2,0" },{ "conjClass": "d","trm": "a,b,c" },{ "conjClass": "e","trm": "a,b,c;1/2,0,0" },{ "conjClass": "f","trm": "a,b,c" } ] },{ "det": 1.0,"hm": "P222","i": 3,"n": 9,"sg": 16,"subgroupIndex": 3,"trSubtype": "eu","trType": "k","trms": [ { "conjClass": "a","trm": "a,b,c" },{ "conjClass": "a","trm": "a,b,c;0,0,1" },{ "conjClass": "a","trm": "a,b,c;0,0,2" },{ "conjClass": "b","trm": "a,b,c" },{ "conjClass": "b","trm": "a,b,c;0,1,0" },{ "conjClass": "b","trm": "a,b,c;0,2,0" },{ "conjClass": "c","trm": "a,b,c" },{ "conjClass": "c","trm": "a,b,c;1,0,0" },{ "conjClass": "c","trm": "a,b,c;2,0,0" } ] },{ "det": 1.0,"hm": "P2221","i": 4,"n": 6,"sg": 17,"subgroupIndex": 2,"trSubtype": "eu","trType": "k","trms": [ { "conjClass": "a","trm": "a,b,c" },{ "conjClass": "b","trm": "a,b,c;0,0,1/2" },{ "conjClass": "c","trm": "c,a,b;0,1/2,0" },{ "conjClass": "d","trm": "c,a,b" },{ "conjClass": "e","trm": "b,c,a;1/2,0,0" },{ "conjClass": "f","trm": "b,c,a" } ] },{ "det": 1.0,"hm": "C222","i": 5,"n": 12,"sg": 21,"subgroupIndex": 2,"trSubtype": "eu","trType": "k","trms": [ { "conjClass": "a","trm": "a,b,c;1/2,0,0" },{ "conjClass": "b","trm": "a,b,c" },{ "conjClass": "c","trm": "c,a,b;1/2,0,1/2" },{ "conjClass": "d","trm": "c,a,b;1/2,0,0" },{ "conjClass": "e","trm": "c,a,b;0,0,1/2" },{ "conjClass": "f","trm": "c,a,b" },{ "conjClass": "g","trm": "b,c,a;0,1/2,1/2" },{ "conjClass": "h","trm": "b,c,a;0,0,1/2" },{ "conjClass": "i","trm": "a,b,c;1/2,1/2,0" },{ "conjClass": "j","trm": "a,b,c;0,1/2,0" },{ "conjClass": "k","trm": "b,c,a;0,1/2,0" },{ "conjClass": "l","trm": "b,c,a" } ] },{ "det": 1.0,"hm": "F222","i": 6,"n": 4,"sg": 22,"subgroupIndex": 2,"trSubtype": "eu","trType": "k","trms": [ { "conjClass": "a","trm": "a,b,c;1/2,0,0" },{ "conjClass": "b","trm": "a,b,c;0,0,1/2" },{ "conjClass": "c","trm": "a,b,c;0,1/2,0" },{ "conjClass": "d","trm": "a,b,c" } ] } ] }