{ "created": "Thu Oct 10 11:54:11 CDT 2024","hm": "P4132","nSettings": 8,"nSubgroups": 3,"sg": 213,"subgroups": [ { "det": 1.0,"hm": "P41212","i": 1,"n": 3,"sg": 92,"subgroupIndex": 3,"trSubtype": "","trType": "t","trms": [ { "conjClass": "a","trm": "a,b,c;1/4,1/2,1/8" },{ "conjClass": "a","trm": "b,c,a;1/8,1/4,1/2" },{ "conjClass": "a","trm": "c,a,b;1/2,1/8,1/4" } ] },{ "det": 3.0,"hm": "R32","i": 2,"n": 4,"sg": 155,"subgroupIndex": 4,"trSubtype": "","trType": "t","trms": [ { "conjClass": "a","trm": "a-b,b-c,a+b+c;3/8,3/8,3/8" },{ "conjClass": "a","trm": "-a-b,b+c,-a+b-c;5/8,7/8,1/8" },{ "conjClass": "a","trm": "a+b,-b+c,a-b-c;7/8,1/8,5/8" },{ "conjClass": "a","trm": "-a+b,-b-c,-a-b+c;1/8,5/8,7/8" } ] },{ "det": 1.0,"hm": "P213","i": 3,"n": 1,"sg": 198,"subgroupIndex": 2,"trSubtype": "","trType": "t","trms": [ { "conjClass": "a","trm": "a,b,c" } ] } ] }