{ "created": "Thu Oct 10 11:54:09 CDT 2024","hm": "I213","nSettings": 6,"nSubgroups": 3,"sg": 199,"subgroups": [ { "det": 1.0,"hm": "I212121","i": 1,"n": 1,"sg": 24,"subgroupIndex": 3,"trSubtype": "","trType": "t","trms": [ { "conjClass": "a","trm": "a,b,c" } ] },{ "det": 1.5,"hm": "R3","i": 2,"n": 4,"sg": 146,"subgroupIndex": 4,"trSubtype": "","trType": "t","trms": [ { "conjClass": "a","trm": "-a+b,-b+c,1/2a+1/2b+1/2c" },{ "conjClass": "a","trm": "a+b,-b-c,-1/2a+1/2b-1/2c;0,1/2,1/2" },{ "conjClass": "a","trm": "-a-b,b-c,1/2a-1/2b-1/2c;1/2,1/2,0" },{ "conjClass": "a","trm": "a-b,b+c,-1/2a-1/2b+1/2c;1/2,0,1/2" } ] },{ "det": 1.0,"hm": "P213","i": 3,"n": 1,"sg": 198,"subgroupIndex": 2,"trSubtype": "ct","trType": "k","trms": [ { "conjClass": "a","trm": "a,b,c" } ] } ] }