{ "created": "Thu Oct 10 11:53:56 CDT 2024","hm": "P312","nSettings": 46,"nSubgroups": 9,"sg": 149,"subgroups": [ { "det": 1.0,"hm": "C2","i": 1,"n": 3,"sg": 5,"subgroupIndex": 3,"trSubtype": "","trType": "t","trms": [ { "conjClass": "a","trm": "-a-b,a-b,c" },{ "conjClass": "a","trm": "a,a+b,c" },{ "conjClass": "a","trm": "b,-a-b,c" } ] },{ "det": 1.0,"hm": "P3","i": 2,"n": 1,"sg": 143,"subgroupIndex": 2,"trSubtype": "","trType": "t","trms": [ { "conjClass": "a","trm": "a,b,c" } ] },{ "det": 1.0,"hm": "P312","i": 3,"n": 2,"sg": 149,"subgroupIndex": 2,"trSubtype": "eu","trType": "k","trms": [ { "conjClass": "a","trm": "a,b,c;0,0,1/2" },{ "conjClass": "b","trm": "a,b,c" } ] },{ "det": 1.0,"hm": "P312","i": 4,"n": 3,"sg": 149,"subgroupIndex": 3,"trSubtype": "eu","trType": "k","trms": [ { "conjClass": "a","trm": "a,b,c" },{ "conjClass": "a","trm": "a,b,c;0,0,1" },{ "conjClass": "a","trm": "a,b,c;0,0,2" } ] },{ "det": 1.0,"hm": "P312","i": 5,"n": 4,"sg": 149,"subgroupIndex": 4,"trSubtype": "eu","trType": "k","trms": [ { "conjClass": "a","trm": "a,b,c" },{ "conjClass": "a","trm": "a,b,c;1,0,0" },{ "conjClass": "a","trm": "a,b,c;0,1,0" },{ "conjClass": "a","trm": "a,b,c;1,1,0" } ] },{ "det": 2.0,"hm": "P321","i": 6,"n": 9,"sg": 150,"subgroupIndex": 3,"trSubtype": "eu","trType": "k","trms": [ { "conjClass": "a","trm": "a-b,a+b,c;1/3,2/3,0" },{ "conjClass": "a","trm": "a-b,a+b,c;4/3,2/3,0" },{ "conjClass": "a","trm": "a-b,a+b,c;7/3,2/3,0" },{ "conjClass": "b","trm": "a-b,a+b,c;2/3,1/3,0" },{ "conjClass": "b","trm": "a-b,a+b,c;2/3,4/3,0" },{ "conjClass": "b","trm": "a-b,a+b,c;2/3,7/3,0" },{ "conjClass": "c","trm": "a-b,a+b,c" },{ "conjClass": "c","trm": "a-b,a+b,c;1,0,0" },{ "conjClass": "c","trm": "a-b,a+b,c;1,1,0" } ] },{ "det": 1.0,"hm": "P3112","i": 7,"n": 3,"sg": 151,"subgroupIndex": 3,"trSubtype": "eu","trType": "k","trms": [ { "conjClass": "a","trm": "a,b,c" },{ "conjClass": "a","trm": "a,b,c;0,0,1" },{ "conjClass": "a","trm": "a,b,c;0,0,2" } ] },{ "det": 1.0,"hm": "P3212","i": 8,"n": 3,"sg": 153,"subgroupIndex": 3,"trSubtype": "eu","trType": "k","trms": [ { "conjClass": "a","trm": "a,b,c" },{ "conjClass": "a","trm": "a,b,c;0,0,1" },{ "conjClass": "a","trm": "a,b,c;0,0,2" } ] },{ "det": 2.0,"hm": "R32","i": 9,"n": 18,"sg": 155,"subgroupIndex": 3,"trSubtype": "eu","trType": "k","trms": [ { "conjClass": "a","trm": "a+b,-a+b,c;1/3,2/3,0" },{ "conjClass": "a","trm": "a+b,-a+b,c;1/3,2/3,1" },{ "conjClass": "a","trm": "a+b,-a+b,c;1/3,2/3,2" },{ "conjClass": "b","trm": "a+b,-a+b,c;2/3,1/3,0" },{ "conjClass": "b","trm": "a+b,-a+b,c;2/3,1/3,1" },{ "conjClass": "b","trm": "a+b,-a+b,c;2/3,1/3,2" },{ "conjClass": "c","trm": "a+b,-a+b,c" },{ "conjClass": "c","trm": "a+b,-a+b,c;0,0,1" },{ "conjClass": "c","trm": "a+b,-a+b,c;0,0,2" },{ "conjClass": "d","trm": "a-b,a+b,c;1/3,2/3,0" },{ "conjClass": "d","trm": "a-b,a+b,c;1/3,2/3,1" },{ "conjClass": "d","trm": "a-b,a+b,c;1/3,2/3,2" },{ "conjClass": "e","trm": "a-b,a+b,c;2/3,1/3,0" },{ "conjClass": "e","trm": "a-b,a+b,c;2/3,1/3,1" },{ "conjClass": "e","trm": "a-b,a+b,c;2/3,1/3,2" },{ "conjClass": "f","trm": "a-b,a+b,c" },{ "conjClass": "f","trm": "a-b,a+b,c;0,0,1" },{ "conjClass": "f","trm": "a-b,a+b,c;0,0,2" } ] } ] }