{ "HM": "Aem2","created": "Tue Apr 09 11:03:55 CDT 2024","nSettings": 22,"nSubgroups": 12,"sg": 39,"subgroups": [ { "det": 1.0,"i": 1,"subgroup": 5,"subgroupHM": "C2","subgroupIndex": 2,"trSubtype": "","trType": "t","trm": [ "a:b,c,a" ] },{ "det": 0.5,"i": 2,"subgroup": 7,"subgroupHM": "Pc","subgroupIndex": 2,"trSubtype": "","trType": "t","trm": [ "a:-1/2b+1/2c,a,b" ] },{ "det": 1.0,"i": 3,"subgroup": 8,"subgroupHM": "Cm","subgroupIndex": 2,"trSubtype": "","trType": "t","trm": [ "a:c,b,-a-c;0,1/4,0" ] },{ "det": 1.0,"i": 4,"subgroup": 26,"subgroupHM": "Pmc21","subgroupIndex": 2,"trSubtype": "ct","trType": "k","trm": [ "a:-b,a,c;0,1/4,0" ] },{ "det": 1.0,"i": 5,"subgroup": 27,"subgroupHM": "Pcc2","subgroupIndex": 2,"trSubtype": "ct","trType": "k","trm": [ "a:a,b,c" ] },{ "det": 1.0,"i": 6,"subgroup": 28,"subgroupHM": "Pma2","subgroupIndex": 2,"trSubtype": "ct","trType": "k","trm": [ "a:-b,a,c" ] },{ "det": 1.0,"i": 7,"subgroup": 29,"subgroupHM": "Pca21","subgroupIndex": 2,"trSubtype": "ct","trType": "k","trm": [ "a:-b,a,c;0,1/4,0" ] },{ "det": 2.0,"i": 8,"subgroup": 39,"subgroupHM": "Aem2","subgroupIndex": 2,"trSubtype": "eu","trType": "k","trm": [ "a:2a,b,c;1/2,0,0","b:2a,b,c" ] },{ "det": 3.0,"i": 9,"subgroup": 39,"subgroupHM": "Aem2","subgroupIndex": 3,"trSubtype": "eu","trType": "k","trm": [ "a:a,3b,c","a:a,3b,c;0,1,0","a:a,3b,c;0,2,0","b:3a,b,c","b:3a,b,c;1,0,0","b:3a,b,c;2,0,0","c:a,b,3c" ] },{ "det": 2.0,"i": 10,"subgroup": 41,"subgroupHM": "Aea2","subgroupIndex": 2,"trSubtype": "eu","trType": "k","trm": [ "a:2a,b,c;1/2,0,0","b:2a,b,c" ] },{ "det": 2.0,"i": 11,"subgroup": 45,"subgroupHM": "Iba2","subgroupIndex": 2,"trSubtype": "eu","trType": "k","trm": [ "a:2a,b,c;1/2,0,0","b:2a,b,c" ] },{ "det": 2.0,"i": 12,"subgroup": 46,"subgroupHM": "Ima2","subgroupIndex": 2,"trSubtype": "eu","trType": "k","trm": [ "a:-b,2a,c;1/2,0,0","b:-b,2a,c" ] } ] }