{ "HM": "Cccm","created": "Tue Apr 09 11:04:06 CDT 2024","nSettings": 24,"nSubgroups": 12,"sg": 66,"subgroups": [ { "det": 0.5,"i": 1,"subgroup": 10,"subgroupHM": "P2/m","subgroupIndex": 2,"trSubtype": "","trType": "t","trm": [ "a:1/2a+1/2b,c,1/2a-1/2b" ] },{ "det": 1.0,"i": 2,"subgroup": 15,"subgroupHM": "C2/c","subgroupIndex": 2,"trSubtype": "","trType": "t","trm": [ "a:-b,a,c","b:a,b,c" ] },{ "det": 1.0,"i": 3,"subgroup": 21,"subgroupHM": "C222","subgroupIndex": 2,"trSubtype": "","trType": "t","trm": [ "a:a,b,c;0,0,1/4" ] },{ "det": 1.0,"i": 4,"subgroup": 37,"subgroupHM": "Ccc2","subgroupIndex": 2,"trSubtype": "","trType": "t","trm": [ "a:a,b,c" ] },{ "det": 1.0,"i": 5,"subgroup": 40,"subgroupHM": "Ama2","subgroupIndex": 2,"trSubtype": "","trType": "t","trm": [ "a:c,b,-a;0,0,1/4","b:c,a,b;0,0,1/4" ] },{ "det": 1.0,"i": 6,"subgroup": 48,"subgroupHM": "Pnnn","subgroupIndex": 2,"trSubtype": "ct","trType": "k","trm": [ "a:a,b,c;1/4,1/4,0" ] },{ "det": 1.0,"i": 7,"subgroup": 49,"subgroupHM": "Pccm","subgroupIndex": 2,"trSubtype": "ct","trType": "k","trm": [ "a:a,b,c" ] },{ "det": 1.0,"i": 8,"subgroup": 52,"subgroupHM": "Pnna","subgroupIndex": 2,"trSubtype": "ct","trType": "k","trm": [ "a:c,b,-a","b:c,a,b" ] },{ "det": 1.0,"i": 9,"subgroup": 53,"subgroupHM": "Pmna","subgroupIndex": 2,"trSubtype": "ct","trType": "k","trm": [ "a:c,a,b;1/4,1/4,0","b:c,b,-a;1/4,1/4,0" ] },{ "det": 1.0,"i": 10,"subgroup": 56,"subgroupHM": "Pccn","subgroupIndex": 2,"trSubtype": "ct","trType": "k","trm": [ "a:a,b,c;1/4,1/4,0" ] },{ "det": 1.0,"i": 11,"subgroup": 58,"subgroupHM": "Pnnm","subgroupIndex": 2,"trSubtype": "ct","trType": "k","trm": [ "a:a,b,c" ] },{ "det": 3.0,"i": 12,"subgroup": 66,"subgroupHM": "Cccm","subgroupIndex": 3,"trSubtype": "eu","trType": "k","trm": [ "a:a,b,3c","a:a,b,3c;0,0,1","a:a,b,3c;0,0,2","b:a,3b,c","b:a,3b,c;0,1,0","b:a,3b,c;0,2,0","c:3a,b,c","c:3a,b,c;1,0,0","c:3a,b,c;2,0,0" ] } ] }