{ "created": "Thu Oct 10 11:53:33 CDT 2024","hm": "Pbcm","nSettings": 24,"nSubgroups": 12,"sg": 57,"subgroups": [ { "det": 1.0,"hm": "P21/m","i": 1,"n": 1,"sg": 11,"subgroupIndex": 2,"trSubtype": "","trType": "t","trms": [ { "conjClass": "a","trm": "b,c,a" } ] },{ "det": 1.0,"hm": "P2/c","i": 2,"n": 1,"sg": 13,"subgroupIndex": 2,"trSubtype": "","trType": "t","trms": [ { "conjClass": "a","trm": "c,a,b" } ] },{ "det": 1.0,"hm": "P21/c","i": 3,"n": 1,"sg": 14,"subgroupIndex": 2,"trSubtype": "","trType": "t","trms": [ { "conjClass": "a","trm": "a,b,c" } ] },{ "det": 1.0,"hm": "P21212","i": 4,"n": 1,"sg": 18,"subgroupIndex": 2,"trSubtype": "","trType": "t","trms": [ { "conjClass": "a","trm": "b,c,a;0,1/4,0" } ] },{ "det": 1.0,"hm": "Pmc21","i": 5,"n": 1,"sg": 26,"subgroupIndex": 2,"trSubtype": "","trType": "t","trms": [ { "conjClass": "a","trm": "c,a,b;0,0,1/4" } ] },{ "det": 1.0,"hm": "Pma2","i": 6,"n": 1,"sg": 28,"subgroupIndex": 2,"trSubtype": "","trType": "t","trms": [ { "conjClass": "a","trm": "c,b,-a;0,1/4,0" } ] },{ "det": 1.0,"hm": "Pca21","i": 7,"n": 1,"sg": 29,"subgroupIndex": 2,"trSubtype": "","trType": "t","trms": [ { "conjClass": "a","trm": "-b,a,c" } ] },{ "det": 1.0,"hm": "Pbcm","i": 8,"n": 2,"sg": 57,"subgroupIndex": 2,"trSubtype": "eu","trType": "k","trms": [ { "conjClass": "a","trm": "a,b,c;1/2,0,0" },{ "conjClass": "b","trm": "a,b,c" } ] },{ "det": 1.0,"hm": "Pbcm","i": 9,"n": 9,"sg": 57,"subgroupIndex": 3,"trSubtype": "eu","trType": "k","trms": [ { "conjClass": "a","trm": "a,b,c" },{ "conjClass": "a","trm": "a,b,c;0,0,1" },{ "conjClass": "a","trm": "a,b,c;0,0,2" },{ "conjClass": "b","trm": "a,b,c" },{ "conjClass": "b","trm": "a,b,c;0,1,0" },{ "conjClass": "b","trm": "a,b,c;0,2,0" },{ "conjClass": "c","trm": "a,b,c" },{ "conjClass": "c","trm": "a,b,c;1,0,0" },{ "conjClass": "c","trm": "a,b,c;2,0,0" } ] },{ "det": 1.0,"hm": "Pbcn","i": 10,"n": 2,"sg": 60,"subgroupIndex": 2,"trSubtype": "eu","trType": "k","trms": [ { "conjClass": "a","trm": "c,a,b;1/2,0,0" },{ "conjClass": "b","trm": "c,a,b" } ] },{ "det": 1.0,"hm": "Pbca","i": 11,"n": 2,"sg": 61,"subgroupIndex": 2,"trSubtype": "eu","trType": "k","trms": [ { "conjClass": "a","trm": "a,b,c;1/2,0,0" },{ "conjClass": "b","trm": "a,b,c" } ] },{ "det": 1.0,"hm": "Pnma","i": 12,"n": 2,"sg": 62,"subgroupIndex": 2,"trSubtype": "eu","trType": "k","trms": [ { "conjClass": "a","trm": "b,c,a;1/2,0,0" },{ "conjClass": "b","trm": "b,c,a" } ] } ] }