{ "created": "Thu Oct 10 11:53:32 CDT 2024","hm": "Pcca","nSettings": 24,"nSubgroups": 11,"sg": 54,"subgroups": [ { "det": 1.0,"hm": "P2/c","i": 1,"n": 2,"sg": 13,"subgroupIndex": 2,"trSubtype": "","trType": "t","trms": [ { "conjClass": "a","trm": "a,b,c" },{ "conjClass": "b","trm": "b,c,a" } ] },{ "det": 1.0,"hm": "P21/c","i": 2,"n": 1,"sg": 14,"subgroupIndex": 2,"trSubtype": "","trType": "t","trms": [ { "conjClass": "a","trm": "-b,a,c" } ] },{ "det": 1.0,"hm": "P2221","i": 3,"n": 1,"sg": 17,"subgroupIndex": 2,"trSubtype": "","trType": "t","trms": [ { "conjClass": "a","trm": "b,c,a;0,0,1/4" } ] },{ "det": 1.0,"hm": "Pcc2","i": 4,"n": 1,"sg": 27,"subgroupIndex": 2,"trSubtype": "","trType": "t","trms": [ { "conjClass": "a","trm": "a,b,c;1/4,0,0" } ] },{ "det": 1.0,"hm": "Pca21","i": 5,"n": 1,"sg": 29,"subgroupIndex": 2,"trSubtype": "","trType": "t","trms": [ { "conjClass": "a","trm": "c,b,-a;0,0,1/4" } ] },{ "det": 1.0,"hm": "Pba2","i": 6,"n": 1,"sg": 32,"subgroupIndex": 2,"trSubtype": "","trType": "t","trms": [ { "conjClass": "a","trm": "a,-c,b;0,0,1/4" } ] },{ "det": 1.0,"hm": "Pnna","i": 7,"n": 2,"sg": 52,"subgroupIndex": 2,"trSubtype": "eu","trType": "k","trms": [ { "conjClass": "a","trm": "c,a,b;0,1/2,0" },{ "conjClass": "b","trm": "c,a,b" } ] },{ "det": 1.0,"hm": "Pcca","i": 8,"n": 2,"sg": 54,"subgroupIndex": 2,"trSubtype": "eu","trType": "k","trms": [ { "conjClass": "a","trm": "a,b,c;0,1/2,0" },{ "conjClass": "b","trm": "a,b,c" } ] },{ "det": 1.0,"hm": "Pcca","i": 9,"n": 9,"sg": 54,"subgroupIndex": 3,"trSubtype": "eu","trType": "k","trms": [ { "conjClass": "a","trm": "a,b,c" },{ "conjClass": "a","trm": "a,b,c;0,0,1" },{ "conjClass": "a","trm": "a,b,c;0,0,2" },{ "conjClass": "b","trm": "a,b,c" },{ "conjClass": "b","trm": "a,b,c;0,1,0" },{ "conjClass": "b","trm": "a,b,c;0,2,0" },{ "conjClass": "c","trm": "a,b,c" },{ "conjClass": "c","trm": "a,b,c;1,0,0" },{ "conjClass": "c","trm": "a,b,c;2,0,0" } ] },{ "det": 1.0,"hm": "Pccn","i": 10,"n": 2,"sg": 56,"subgroupIndex": 2,"trSubtype": "eu","trType": "k","trms": [ { "conjClass": "a","trm": "a,b,c;0,1/2,0" },{ "conjClass": "b","trm": "a,b,c" } ] },{ "det": 1.0,"hm": "Pbcn","i": 11,"n": 2,"sg": 60,"subgroupIndex": 2,"trSubtype": "eu","trType": "k","trms": [ { "conjClass": "a","trm": "b,c,a;0,1/2,0" },{ "conjClass": "b","trm": "b,c,a" } ] } ] }