{ "created": "Thu Oct 10 11:53:37 CDT 2024","hm": "Ibca","nSettings": 24,"nSubgroups": 6,"sg": 73,"subgroups": [ { "det": 1.0,"hm": "C2/c","i": 1,"n": 3,"sg": 15,"subgroupIndex": 2,"trSubtype": "","trType": "t","trms": [ { "conjClass": "a","trm": "-b-c,a,c" },{ "conjClass": "b","trm": "-a-c,b,a" },{ "conjClass": "c","trm": "-a-b,c,b" } ] },{ "det": 1.0,"hm": "I212121","i": 2,"n": 1,"sg": 24,"subgroupIndex": 2,"trSubtype": "","trType": "t","trms": [ { "conjClass": "a","trm": "a,b,c" } ] },{ "det": 1.0,"hm": "Iba2","i": 3,"n": 3,"sg": 45,"subgroupIndex": 2,"trSubtype": "","trType": "t","trms": [ { "conjClass": "a","trm": "b,c,a;0,0,1/4" },{ "conjClass": "b","trm": "c,a,b;1/4,0,0" },{ "conjClass": "c","trm": "a,b,c;0,1/4,0" } ] },{ "det": 1.0,"hm": "Pcca","i": 4,"n": 6,"sg": 54,"subgroupIndex": 2,"trSubtype": "ct","trType": "k","trms": [ { "conjClass": "a","trm": "a,b,c;1/4,1/4,1/4" },{ "conjClass": "b","trm": "b,c,a;1/4,1/4,1/4" },{ "conjClass": "c","trm": "c,a,b;1/4,1/4,1/4" },{ "conjClass": "d","trm": "a,-c,b" },{ "conjClass": "e","trm": "-b,a,c" },{ "conjClass": "f","trm": "c,b,-a" } ] },{ "det": 1.0,"hm": "Pbca","i": 5,"n": 2,"sg": 61,"subgroupIndex": 2,"trSubtype": "ct","trType": "k","trms": [ { "conjClass": "a","trm": "-b,a,c;1/4,1/4,1/4" },{ "conjClass": "b","trm": "a,b,c" } ] },{ "det": 1.0,"hm": "Ibca","i": 6,"n": 9,"sg": 73,"subgroupIndex": 3,"trSubtype": "eu","trType": "k","trms": [ { "conjClass": "a","trm": "a,b,c" },{ "conjClass": "a","trm": "a,b,c;0,0,1" },{ "conjClass": "a","trm": "a,b,c;0,0,2" },{ "conjClass": "b","trm": "a,b,c" },{ "conjClass": "b","trm": "a,b,c;0,1,0" },{ "conjClass": "b","trm": "a,b,c;0,2,0" },{ "conjClass": "c","trm": "a,b,c" },{ "conjClass": "c","trm": "a,b,c;1,0,0" },{ "conjClass": "c","trm": "a,b,c;2,0,0" } ] } ] }