{ "created": "Thu Oct 10 11:53:31 CDT 2024","hm": "Pmma","nSettings": 40,"nSubgroups": 16,"sg": 51,"subgroups": [ { "det": 1.0,"hm": "P2/m","i": 1,"n": 1,"sg": 10,"subgroupIndex": 2,"trSubtype": "","trType": "t","trms": [ { "conjClass": "a","trm": "a,b,c" } ] },{ "det": 1.0,"hm": "P21/m","i": 2,"n": 1,"sg": 11,"subgroupIndex": 2,"trSubtype": "","trType": "t","trms": [ { "conjClass": "a","trm": "c,a,b" } ] },{ "det": 1.0,"hm": "P2/c","i": 3,"n": 1,"sg": 13,"subgroupIndex": 2,"trSubtype": "","trType": "t","trms": [ { "conjClass": "a","trm": "b,c,a" } ] },{ "det": 1.0,"hm": "P2221","i": 4,"n": 1,"sg": 17,"subgroupIndex": 2,"trSubtype": "","trType": "t","trms": [ { "conjClass": "a","trm": "b,c,a" } ] },{ "det": 1.0,"hm": "Pmm2","i": 5,"n": 1,"sg": 25,"subgroupIndex": 2,"trSubtype": "","trType": "t","trms": [ { "conjClass": "a","trm": "a,b,c;1/4,0,0" } ] },{ "det": 1.0,"hm": "Pmc21","i": 6,"n": 1,"sg": 26,"subgroupIndex": 2,"trSubtype": "","trType": "t","trms": [ { "conjClass": "a","trm": "b,c,a" } ] },{ "det": 1.0,"hm": "Pma2","i": 7,"n": 1,"sg": 28,"subgroupIndex": 2,"trSubtype": "","trType": "t","trms": [ { "conjClass": "a","trm": "a,-c,b" } ] },{ "det": 1.0,"hm": "Pmma","i": 8,"n": 4,"sg": 51,"subgroupIndex": 2,"trSubtype": "eu","trType": "k","trms": [ { "conjClass": "a","trm": "a,b,c;0,0,1/2" },{ "conjClass": "b","trm": "a,b,c" },{ "conjClass": "c","trm": "a,b,c;0,1/2,0" },{ "conjClass": "d","trm": "a,b,c" } ] },{ "det": 1.0,"hm": "Pmma","i": 9,"n": 9,"sg": 51,"subgroupIndex": 3,"trSubtype": "eu","trType": "k","trms": [ { "conjClass": "a","trm": "a,b,c" },{ "conjClass": "a","trm": "a,b,c;0,0,1" },{ "conjClass": "a","trm": "a,b,c;0,0,2" },{ "conjClass": "b","trm": "a,b,c" },{ "conjClass": "b","trm": "a,b,c;0,1,0" },{ "conjClass": "b","trm": "a,b,c;0,2,0" },{ "conjClass": "c","trm": "a,b,c" },{ "conjClass": "c","trm": "a,b,c;1,0,0" },{ "conjClass": "c","trm": "a,b,c;2,0,0" } ] },{ "det": 1.0,"hm": "Pmna","i": 10,"n": 2,"sg": 53,"subgroupIndex": 2,"trSubtype": "eu","trType": "k","trms": [ { "conjClass": "a","trm": "b,c,a;0,1/2,0" },{ "conjClass": "b","trm": "b,c,a" } ] },{ "det": 1.0,"hm": "Pcca","i": 11,"n": 2,"sg": 54,"subgroupIndex": 2,"trSubtype": "eu","trType": "k","trms": [ { "conjClass": "a","trm": "a,b,c;0,0,1/2" },{ "conjClass": "b","trm": "a,b,c" } ] },{ "det": 1.0,"hm": "Pbam","i": 12,"n": 2,"sg": 55,"subgroupIndex": 2,"trSubtype": "eu","trType": "k","trms": [ { "conjClass": "a","trm": "c,a,b;0,0,1/2" },{ "conjClass": "b","trm": "c,a,b" } ] },{ "det": 1.0,"hm": "Pbcm","i": 13,"n": 4,"sg": 57,"subgroupIndex": 2,"trSubtype": "eu","trType": "k","trms": [ { "conjClass": "a","trm": "b,c,a;0,0,1/2" },{ "conjClass": "b","trm": "b,c,a" },{ "conjClass": "c","trm": "c,a,b;0,1/2,0" },{ "conjClass": "d","trm": "c,a,b" } ] },{ "det": 1.0,"hm": "Pmmn","i": 14,"n": 2,"sg": 59,"subgroupIndex": 2,"trSubtype": "eu","trType": "k","trms": [ { "conjClass": "a","trm": "a,b,c;0,1/2,0" },{ "conjClass": "b","trm": "a,b,c" } ] },{ "det": 1.0,"hm": "Cmcm","i": 15,"n": 4,"sg": 63,"subgroupIndex": 2,"trSubtype": "eu","trType": "k","trms": [ { "conjClass": "a","trm": "b,c,a;0,1/2,0" },{ "conjClass": "b","trm": "b,c,a;0,1/2,1/2" },{ "conjClass": "c","trm": "b,c,a;0,0,1/2" },{ "conjClass": "d","trm": "b,c,a" } ] },{ "det": 1.0,"hm": "Cmce","i": 16,"n": 4,"sg": 64,"subgroupIndex": 2,"trSubtype": "eu","trType": "k","trms": [ { "conjClass": "a","trm": "b,c,a;0,1/2,0" },{ "conjClass": "b","trm": "b,c,a;0,1/2,1/2" },{ "conjClass": "c","trm": "b,c,a;0,0,1/2" },{ "conjClass": "d","trm": "b,c,a" } ] } ] }