{ "created": "Thu Oct 10 11:53:39 CDT 2024","hm": "P42/n","nSettings": 10,"nSubgroups": 5,"sg": 86,"subgroups": [ { "det": 1.0,"hm": "P2/c","i": 1,"n": 1,"sg": 13,"subgroupIndex": 2,"trSubtype": "","trType": "t","trms": [ { "conjClass": "a","trm": "a,c,-a-b" } ] },{ "det": 1.0,"hm": "P42","i": 2,"n": 1,"sg": 77,"subgroupIndex": 2,"trSubtype": "","trType": "t","trms": [ { "conjClass": "a","trm": "a,b,c;3/4,1/4,0" } ] },{ "det": 1.0,"hm": "P-4","i": 3,"n": 1,"sg": 81,"subgroupIndex": 2,"trSubtype": "","trType": "t","trms": [ { "conjClass": "a","trm": "a,b,c;1/4,1/4,1/4" } ] },{ "det": 1.0,"hm": "P42/n","i": 4,"n": 3,"sg": 86,"subgroupIndex": 3,"trSubtype": "eu","trType": "k","trms": [ { "conjClass": "a","trm": "a,b,c" },{ "conjClass": "a","trm": "a,b,c;0,0,1" },{ "conjClass": "a","trm": "a,b,c;0,0,2" } ] },{ "det": 2.0,"hm": "I41/a","i": 5,"n": 4,"sg": 88,"subgroupIndex": 2,"trSubtype": "eu","trType": "k","trms": [ { "conjClass": "a","trm": "a-b,a+b,c;1/2,1/2,1/2" },{ "conjClass": "b","trm": "a-b,a+b,c;1/2,1/2,0" },{ "conjClass": "c","trm": "a-b,a+b,c;0,0,1/2" },{ "conjClass": "d","trm": "a-b,a+b,c" } ] } ] }