{ "created": "Thu Oct 10 11:53:35 CDT 2024","hm": "Cccm","nSettings": 24,"nSubgroups": 12,"sg": 66,"subgroups": [ { "det": 0.5,"hm": "P2/m","i": 1,"n": 1,"sg": 10,"subgroupIndex": 2,"trSubtype": "","trType": "t","trms": [ { "conjClass": "a","trm": "1/2a+1/2b,c,1/2a-1/2b" } ] },{ "det": 1.0,"hm": "C2/c","i": 2,"n": 2,"sg": 15,"subgroupIndex": 2,"trSubtype": "","trType": "t","trms": [ { "conjClass": "a","trm": "-b,a,c" },{ "conjClass": "b","trm": "a,b,c" } ] },{ "det": 1.0,"hm": "C222","i": 3,"n": 1,"sg": 21,"subgroupIndex": 2,"trSubtype": "","trType": "t","trms": [ { "conjClass": "a","trm": "a,b,c;0,0,1/4" } ] },{ "det": 1.0,"hm": "Ccc2","i": 4,"n": 1,"sg": 37,"subgroupIndex": 2,"trSubtype": "","trType": "t","trms": [ { "conjClass": "a","trm": "a,b,c" } ] },{ "det": 1.0,"hm": "Ama2","i": 5,"n": 2,"sg": 40,"subgroupIndex": 2,"trSubtype": "","trType": "t","trms": [ { "conjClass": "a","trm": "c,b,-a;0,0,1/4" },{ "conjClass": "b","trm": "c,a,b;0,0,1/4" } ] },{ "det": 1.0,"hm": "Pnnn","i": 6,"n": 1,"sg": 48,"subgroupIndex": 2,"trSubtype": "ct","trType": "k","trms": [ { "conjClass": "a","trm": "a,b,c;1/4,1/4,0" } ] },{ "det": 1.0,"hm": "Pccm","i": 7,"n": 1,"sg": 49,"subgroupIndex": 2,"trSubtype": "ct","trType": "k","trms": [ { "conjClass": "a","trm": "a,b,c" } ] },{ "det": 1.0,"hm": "Pnna","i": 8,"n": 2,"sg": 52,"subgroupIndex": 2,"trSubtype": "ct","trType": "k","trms": [ { "conjClass": "a","trm": "c,b,-a" },{ "conjClass": "b","trm": "c,a,b" } ] },{ "det": 1.0,"hm": "Pmna","i": 9,"n": 2,"sg": 53,"subgroupIndex": 2,"trSubtype": "ct","trType": "k","trms": [ { "conjClass": "a","trm": "c,a,b;1/4,1/4,0" },{ "conjClass": "b","trm": "c,b,-a;1/4,1/4,0" } ] },{ "det": 1.0,"hm": "Pccn","i": 10,"n": 1,"sg": 56,"subgroupIndex": 2,"trSubtype": "ct","trType": "k","trms": [ { "conjClass": "a","trm": "a,b,c;1/4,1/4,0" } ] },{ "det": 1.0,"hm": "Pnnm","i": 11,"n": 1,"sg": 58,"subgroupIndex": 2,"trSubtype": "ct","trType": "k","trms": [ { "conjClass": "a","trm": "a,b,c" } ] },{ "det": 1.0,"hm": "Cccm","i": 12,"n": 9,"sg": 66,"subgroupIndex": 3,"trSubtype": "eu","trType": "k","trms": [ { "conjClass": "a","trm": "a,b,c" },{ "conjClass": "a","trm": "a,b,c;0,0,1" },{ "conjClass": "a","trm": "a,b,c;0,0,2" },{ "conjClass": "b","trm": "a,b,c" },{ "conjClass": "b","trm": "a,b,c;0,1,0" },{ "conjClass": "b","trm": "a,b,c;0,2,0" },{ "conjClass": "c","trm": "a,b,c" },{ "conjClass": "c","trm": "a,b,c;1,0,0" },{ "conjClass": "c","trm": "a,b,c;2,0,0" } ] } ] }