{ "created": "Thu Oct 10 11:53:27 CDT 2024","hm": "Pmc21","nSettings": 22,"nSubgroups": 8,"sg": 26,"subgroups": [ { "det": 1.0,"hm": "P21","i": 1,"n": 1,"sg": 4,"subgroupIndex": 2,"trSubtype": "","trType": "t","trms": [ { "conjClass": "a","trm": "b,c,a" } ] },{ "det": 1.0,"hm": "Pm","i": 2,"n": 1,"sg": 6,"subgroupIndex": 2,"trSubtype": "","trType": "t","trms": [ { "conjClass": "a","trm": "c,a,b" } ] },{ "det": 1.0,"hm": "Pc","i": 3,"n": 1,"sg": 7,"subgroupIndex": 2,"trSubtype": "","trType": "t","trms": [ { "conjClass": "a","trm": "a,b,c" } ] },{ "det": 1.0,"hm": "Pmc21","i": 4,"n": 4,"sg": 26,"subgroupIndex": 2,"trSubtype": "eu","trType": "k","trms": [ { "conjClass": "a","trm": "a,b,c;0,1/2,0" },{ "conjClass": "b","trm": "a,b,c" },{ "conjClass": "c","trm": "a,b,c;1/2,0,0" },{ "conjClass": "d","trm": "a,b,c" } ] },{ "det": 1.0,"hm": "Pmc21","i": 5,"n": 7,"sg": 26,"subgroupIndex": 3,"trSubtype": "eu","trType": "k","trms": [ { "conjClass": "a","trm": "a,b,c" },{ "conjClass": "a","trm": "a,b,c;0,1,0" },{ "conjClass": "a","trm": "a,b,c;0,2,0" },{ "conjClass": "b","trm": "a,b,c" },{ "conjClass": "b","trm": "a,b,c;1,0,0" },{ "conjClass": "b","trm": "a,b,c;2,0,0" },{ "conjClass": "c","trm": "a,b,c" } ] },{ "det": 1.0,"hm": "Pca21","i": 6,"n": 2,"sg": 29,"subgroupIndex": 2,"trSubtype": "eu","trType": "k","trms": [ { "conjClass": "a","trm": "-b,a,c;0,1/2,0" },{ "conjClass": "b","trm": "-b,a,c" } ] },{ "det": 1.0,"hm": "Pmn21","i": 7,"n": 2,"sg": 31,"subgroupIndex": 2,"trSubtype": "eu","trType": "k","trms": [ { "conjClass": "a","trm": "a,b,c" },{ "conjClass": "b","trm": "a,b,c;1/2,0,0" } ] },{ "det": 1.0,"hm": "Cmc21","i": 8,"n": 4,"sg": 36,"subgroupIndex": 2,"trSubtype": "eu","trType": "k","trms": [ { "conjClass": "a","trm": "a,b,c;1/2,1/2,0" },{ "conjClass": "b","trm": "a,b,c;0,1/2,0" },{ "conjClass": "c","trm": "a,b,c;1/2,0,0" },{ "conjClass": "d","trm": "a,b,c" } ] } ] }