{ "created": "Thu Oct 10 11:53:57 CDT 2024","hm": "P3112","nSettings": 19,"nSubgroups": 5,"sg": 151,"subgroups": [ { "det": 1.0,"hm": "C2","i": 1,"n": 3,"sg": 5,"subgroupIndex": 3,"trSubtype": "","trType": "t","trms": [ { "conjClass": "a","trm": "b,-a-b,c" },{ "conjClass": "a","trm": "-a-b,a-b,c;0,0,1/3" },{ "conjClass": "a","trm": "a,a+b,c;0,0,2/3" } ] },{ "det": 1.0,"hm": "P31","i": 2,"n": 1,"sg": 144,"subgroupIndex": 2,"trSubtype": "","trType": "t","trms": [ { "conjClass": "a","trm": "a,b,c" } ] },{ "det": 1.0,"hm": "P3112","i": 3,"n": 4,"sg": 151,"subgroupIndex": 4,"trSubtype": "eu","trType": "k","trms": [ { "conjClass": "a","trm": "a,b,c" },{ "conjClass": "a","trm": "a,b,c;1,0,0" },{ "conjClass": "a","trm": "a,b,c;0,1,0" },{ "conjClass": "a","trm": "a,b,c;1,1,0" } ] },{ "det": 2.0,"hm": "P3121","i": 4,"n": 9,"sg": 152,"subgroupIndex": 3,"trSubtype": "eu","trType": "k","trms": [ { "conjClass": "a","trm": "a-b,a+b,c;1/3,-1/3,0" },{ "conjClass": "a","trm": "a-b,a+b,c;1/3,2/3,0" },{ "conjClass": "a","trm": "a-b,a+b,c;4/3,2/3,0" },{ "conjClass": "b","trm": "a-b,a+b,c;2/3,-2/3,0" },{ "conjClass": "b","trm": "a-b,a+b,c;2/3,1/3,0" },{ "conjClass": "b","trm": "a-b,a+b,c;2/3,4/3,0" },{ "conjClass": "c","trm": "a-b,a+b,c" },{ "conjClass": "c","trm": "a-b,a+b,c;1,0,0" },{ "conjClass": "c","trm": "a-b,a+b,c;1,1,0" } ] },{ "det": 1.0,"hm": "P3212","i": 5,"n": 2,"sg": 153,"subgroupIndex": 2,"trSubtype": "eu","trType": "k","trms": [ { "conjClass": "a","trm": "a,b,c;0,0,1/2" },{ "conjClass": "b","trm": "a,b,c" } ] } ] }