{ "created": "Thu Oct 10 11:53:46 CDT 2024","hm": "I-4m2","nSettings": 10,"nSubgroups": 6,"sg": 119,"subgroups": [ { "det": 2.0,"hm": "F222","i": 1,"n": 1,"sg": 22,"subgroupIndex": 2,"trSubtype": "","trType": "t","trms": [ { "conjClass": "a","trm": "a-b,a+b,c" } ] },{ "det": 1.0,"hm": "Imm2","i": 2,"n": 1,"sg": 44,"subgroupIndex": 2,"trSubtype": "","trType": "t","trms": [ { "conjClass": "a","trm": "a,b,c" } ] },{ "det": 1.0,"hm": "I-4","i": 3,"n": 1,"sg": 82,"subgroupIndex": 2,"trSubtype": "","trType": "t","trms": [ { "conjClass": "a","trm": "a,b,c" } ] },{ "det": 1.0,"hm": "P-4m2","i": 4,"n": 2,"sg": 115,"subgroupIndex": 2,"trSubtype": "ct","trType": "k","trms": [ { "conjClass": "a","trm": "a,b,c;0,1/2,1/4" },{ "conjClass": "b","trm": "a,b,c" } ] },{ "det": 1.0,"hm": "P-4n2","i": 5,"n": 2,"sg": 118,"subgroupIndex": 2,"trSubtype": "ct","trType": "k","trms": [ { "conjClass": "a","trm": "a,b,c;0,1/2,1/4" },{ "conjClass": "b","trm": "a,b,c" } ] },{ "det": 1.0,"hm": "I-4m2","i": 6,"n": 3,"sg": 119,"subgroupIndex": 3,"trSubtype": "eu","trType": "k","trms": [ { "conjClass": "a","trm": "a,b,c" },{ "conjClass": "a","trm": "a,b,c;0,0,1" },{ "conjClass": "a","trm": "a,b,c;0,0,2" } ] } ] }