{ "HM": "P-6","created": "Tue Apr 09 11:04:50 CDT 2024","nSettings": 14,"nSubgroups": 5,"sg": 174,"subgroups": [ { "det": 1.0,"i": 1,"subgroup": 6,"subgroupHM": "Pm","subgroupIndex": 3,"trSubtype": "","trType": "t","trm": [ "a:b,c,a" ] },{ "det": 1.0,"i": 2,"subgroup": 143,"subgroupHM": "P3","subgroupIndex": 2,"trSubtype": "","trType": "t","trm": [ "a:a,b,c" ] },{ "det": 2.0,"i": 3,"subgroup": 174,"subgroupHM": "P-6","subgroupIndex": 2,"trSubtype": "eu","trType": "k","trm": [ "a:a,b,2c;0,0,1/2","b:a,b,2c" ] },{ "det": 3.0,"i": 4,"subgroup": 174,"subgroupHM": "P-6","subgroupIndex": 3,"trSubtype": "eu","trType": "k","trm": [ "a:a,b,3c","a:a,b,3c;0,0,1","a:a,b,3c;0,0,2","b:a-b,a+2b,c;1/3,2/3,0","c:a-b,a+2b,c;2/3,1/3,0","d:a-b,a+2b,c" ] },{ "det": 4.0,"i": 5,"subgroup": 174,"subgroupHM": "P-6","subgroupIndex": 4,"trSubtype": "eu","trType": "k","trm": [ "a:2a,2b,c","a:2a,2b,c;1,0,0","a:2a,2b,c;0,1,0","a:2a,2b,c;1,1,0" ] } ] }