{ "created": "Thu Oct 10 11:53:36 CDT 2024","hm": "Immm","nSettings": 24,"nSubgroups": 8,"sg": 71,"subgroups": [ { "det": 1.0,"hm": "C2/m","i": 1,"n": 3,"sg": 12,"subgroupIndex": 2,"trSubtype": "","trType": "t","trms": [ { "conjClass": "a","trm": "-b+c,a,b" },{ "conjClass": "b","trm": "-a-c,b,a" },{ "conjClass": "c","trm": "-a-b,c,b" } ] },{ "det": 1.0,"hm": "I222","i": 2,"n": 1,"sg": 23,"subgroupIndex": 2,"trSubtype": "","trType": "t","trms": [ { "conjClass": "a","trm": "a,b,c" } ] },{ "det": 1.0,"hm": "Imm2","i": 3,"n": 3,"sg": 44,"subgroupIndex": 2,"trSubtype": "","trType": "t","trms": [ { "conjClass": "a","trm": "b,c,a" },{ "conjClass": "b","trm": "c,a,b" },{ "conjClass": "c","trm": "a,b,c" } ] },{ "det": 1.0,"hm": "Pmmm","i": 4,"n": 1,"sg": 47,"subgroupIndex": 2,"trSubtype": "ct","trType": "k","trms": [ { "conjClass": "a","trm": "a,b,c" } ] },{ "det": 1.0,"hm": "Pnnn","i": 5,"n": 1,"sg": 48,"subgroupIndex": 2,"trSubtype": "ct","trType": "k","trms": [ { "conjClass": "a","trm": "a,b,c;1/4,1/4,1/4" } ] },{ "det": 1.0,"hm": "Pnnm","i": 6,"n": 3,"sg": 58,"subgroupIndex": 2,"trSubtype": "ct","trType": "k","trms": [ { "conjClass": "a","trm": "b,c,a" },{ "conjClass": "b","trm": "c,a,b" },{ "conjClass": "c","trm": "a,b,c" } ] },{ "det": 1.0,"hm": "Pmmn","i": 7,"n": 3,"sg": 59,"subgroupIndex": 2,"trSubtype": "ct","trType": "k","trms": [ { "conjClass": "a","trm": "b,c,a;1/4,1/4,1/4" },{ "conjClass": "b","trm": "c,a,b;1/4,1/4,1/4" },{ "conjClass": "c","trm": "a,b,c;1/4,1/4,1/4" } ] },{ "det": 1.0,"hm": "Immm","i": 8,"n": 9,"sg": 71,"subgroupIndex": 3,"trSubtype": "eu","trType": "k","trms": [ { "conjClass": "a","trm": "a,b,c" },{ "conjClass": "a","trm": "a,b,c;0,0,1" },{ "conjClass": "a","trm": "a,b,c;0,0,2" },{ "conjClass": "b","trm": "a,b,c" },{ "conjClass": "b","trm": "a,b,c;0,1,0" },{ "conjClass": "b","trm": "a,b,c;0,2,0" },{ "conjClass": "c","trm": "a,b,c" },{ "conjClass": "c","trm": "a,b,c;1,0,0" },{ "conjClass": "c","trm": "a,b,c;2,0,0" } ] } ] }