{ "created": "Thu Oct 10 11:53:34 CDT 2024","hm": "Cmcm","nSettings": 24,"nSubgroups": 15,"sg": 63,"subgroups": [ { "det": 0.5,"hm": "P21/m","i": 1,"n": 1,"sg": 11,"subgroupIndex": 2,"trSubtype": "","trType": "t","trms": [ { "conjClass": "a","trm": "1/2a+1/2b,c,1/2a-1/2b" } ] },{ "det": 1.0,"hm": "C2/m","i": 2,"n": 1,"sg": 12,"subgroupIndex": 2,"trSubtype": "","trType": "t","trms": [ { "conjClass": "a","trm": "-b,a,c" } ] },{ "det": 1.0,"hm": "C2/c","i": 3,"n": 1,"sg": 15,"subgroupIndex": 2,"trSubtype": "","trType": "t","trms": [ { "conjClass": "a","trm": "a,b,c" } ] },{ "det": 1.0,"hm": "C2221","i": 4,"n": 1,"sg": 20,"subgroupIndex": 2,"trSubtype": "","trType": "t","trms": [ { "conjClass": "a","trm": "a,b,c" } ] },{ "det": 1.0,"hm": "Cmc21","i": 5,"n": 1,"sg": 36,"subgroupIndex": 2,"trSubtype": "","trType": "t","trms": [ { "conjClass": "a","trm": "a,b,c" } ] },{ "det": 1.0,"hm": "Amm2","i": 6,"n": 1,"sg": 38,"subgroupIndex": 2,"trSubtype": "","trType": "t","trms": [ { "conjClass": "a","trm": "c,a,b;0,0,1/4" } ] },{ "det": 1.0,"hm": "Ama2","i": 7,"n": 1,"sg": 40,"subgroupIndex": 2,"trSubtype": "","trType": "t","trms": [ { "conjClass": "a","trm": "c,b,-a" } ] },{ "det": 1.0,"hm": "Pmma","i": 8,"n": 1,"sg": 51,"subgroupIndex": 2,"trSubtype": "ct","trType": "k","trms": [ { "conjClass": "a","trm": "c,a,b" } ] },{ "det": 1.0,"hm": "Pnna","i": 9,"n": 1,"sg": 52,"subgroupIndex": 2,"trSubtype": "ct","trType": "k","trms": [ { "conjClass": "a","trm": "b,c,a;1/4,1/4,0" } ] },{ "det": 1.0,"hm": "Pbcm","i": 10,"n": 1,"sg": 57,"subgroupIndex": 2,"trSubtype": "ct","trType": "k","trms": [ { "conjClass": "a","trm": "a,b,c;1/4,1/4,0" } ] },{ "det": 1.0,"hm": "Pnnm","i": 11,"n": 1,"sg": 58,"subgroupIndex": 2,"trSubtype": "ct","trType": "k","trms": [ { "conjClass": "a","trm": "b,c,a" } ] },{ "det": 1.0,"hm": "Pmmn","i": 12,"n": 1,"sg": 59,"subgroupIndex": 2,"trSubtype": "ct","trType": "k","trms": [ { "conjClass": "a","trm": "c,a,b;1/4,1/4,0" } ] },{ "det": 1.0,"hm": "Pbcn","i": 13,"n": 1,"sg": 60,"subgroupIndex": 2,"trSubtype": "ct","trType": "k","trms": [ { "conjClass": "a","trm": "a,b,c" } ] },{ "det": 1.0,"hm": "Pnma","i": 14,"n": 2,"sg": 62,"subgroupIndex": 2,"trSubtype": "ct","trType": "k","trms": [ { "conjClass": "a","trm": "c,a,b;1/4,1/4,0" },{ "conjClass": "b","trm": "b,c,a" } ] },{ "det": 1.0,"hm": "Cmcm","i": 15,"n": 9,"sg": 63,"subgroupIndex": 3,"trSubtype": "eu","trType": "k","trms": [ { "conjClass": "a","trm": "a,b,c" },{ "conjClass": "a","trm": "a,b,c;0,0,1" },{ "conjClass": "a","trm": "a,b,c;0,0,2" },{ "conjClass": "b","trm": "a,b,c" },{ "conjClass": "b","trm": "a,b,c;0,1,0" },{ "conjClass": "b","trm": "a,b,c;0,2,0" },{ "conjClass": "c","trm": "a,b,c" },{ "conjClass": "c","trm": "a,b,c;1,0,0" },{ "conjClass": "c","trm": "a,b,c;2,0,0" } ] } ] }