{ "created": "Thu Oct 10 11:54:02 CDT 2024","hm": "P-6","nSettings": 14,"nSubgroups": 5,"sg": 174,"subgroups": [ { "det": 1.0,"hm": "Pm","i": 1,"n": 1,"sg": 6,"subgroupIndex": 3,"trSubtype": "","trType": "t","trms": [ { "conjClass": "a","trm": "b,c,a" } ] },{ "det": 1.0,"hm": "P3","i": 2,"n": 1,"sg": 143,"subgroupIndex": 2,"trSubtype": "","trType": "t","trms": [ { "conjClass": "a","trm": "a,b,c" } ] },{ "det": 1.0,"hm": "P-6","i": 3,"n": 2,"sg": 174,"subgroupIndex": 2,"trSubtype": "eu","trType": "k","trms": [ { "conjClass": "a","trm": "a,b,c;0,0,1/2" },{ "conjClass": "b","trm": "a,b,c" } ] },{ "det": 2.0,"hm": "P-6","i": 4,"n": 6,"sg": 174,"subgroupIndex": 3,"trSubtype": "eu","trType": "k","trms": [ { "conjClass": "a","trm": "a,b,c" },{ "conjClass": "a","trm": "a,b,c;0,0,1" },{ "conjClass": "a","trm": "a,b,c;0,0,2" },{ "conjClass": "b","trm": "a-b,a+b,c;1/3,2/3,0" },{ "conjClass": "c","trm": "a-b,a+b,c;2/3,1/3,0" },{ "conjClass": "d","trm": "a-b,a+b,c" } ] },{ "det": 1.0,"hm": "P-6","i": 5,"n": 4,"sg": 174,"subgroupIndex": 4,"trSubtype": "eu","trType": "k","trms": [ { "conjClass": "a","trm": "a,b,c" },{ "conjClass": "a","trm": "a,b,c;1,0,0" },{ "conjClass": "a","trm": "a,b,c;0,1,0" },{ "conjClass": "a","trm": "a,b,c;1,1,0" } ] } ] }