{ "HM": "P21212","created": "Tue Apr 09 11:03:48 CDT 2024","nSettings": 16,"nSubgroups": 5,"sg": 18,"subgroups": [ { "det": 1.0,"i": 1,"subgroup": 3,"subgroupHM": "P2","subgroupIndex": 2,"trSubtype": "","trType": "t","trm": [ "a:b,c,a" ] },{ "det": 1.0,"i": 2,"subgroup": 4,"subgroupHM": "P21","subgroupIndex": 2,"trSubtype": "","trType": "t","trm": [ "a:c,a,b;0,1/4,0","b:a,b,c;1/4,0,0" ] },{ "det": 2.0,"i": 3,"subgroup": 18,"subgroupHM": "P21212","subgroupIndex": 2,"trSubtype": "eu","trType": "k","trm": [ "a:a,b,2c;0,0,1/2","b:a,b,2c" ] },{ "det": 3.0,"i": 4,"subgroup": 18,"subgroupHM": "P21212","subgroupIndex": 3,"trSubtype": "eu","trType": "k","trm": [ "a:a,b,3c","a:a,b,3c;0,0,1","a:a,b,3c;0,0,2","b:a,3b,c","b:a,3b,c;0,1,0","b:a,3b,c;0,2,0","c:3a,b,c","c:3a,b,c;1,0,0","c:3a,b,c;2,0,0" ] },{ "det": 2.0,"i": 5,"subgroup": 19,"subgroupHM": "P212121","subgroupIndex": 2,"trSubtype": "eu","trType": "k","trm": [ "a:a,b,2c;1/4,0,0","b:a,b,2c;1/4,0,1/2" ] } ] }