{ "HM": "I41/a","created": "Tue Apr 09 11:04:13 CDT 2024","nSettings": 6,"nSubgroups": 4,"sg": 88,"subgroups": [ { "det": 1.0,"i": 1,"subgroup": 15,"subgroupHM": "C2/c","subgroupIndex": 2,"trSubtype": "","trType": "t","trm": [ "a:-a-b,c,b" ] },{ "det": 1.0,"i": 2,"subgroup": 80,"subgroupHM": "I41","subgroupIndex": 2,"trSubtype": "","trType": "t","trm": [ "a:a,b,c;1/2,1/4,0" ] },{ "det": 1.0,"i": 3,"subgroup": 82,"subgroupHM": "I-4","subgroupIndex": 2,"trSubtype": "","trType": "t","trm": [ "a:a,b,c;0,1/4,5/8" ] },{ "det": 3.0,"i": 4,"subgroup": 88,"subgroupHM": "I41/a","subgroupIndex": 3,"trSubtype": "eu","trType": "k","trm": [ "a:a,b,3c;1/2,0,0","a:a,b,3c;1/2,0,1","a:a,b,3c;1/2,0,2" ] } ] }