{ "created": "Thu Oct 10 11:53:38 CDT 2024","hm": "P4/m","nSettings": 18,"nSubgroups": 8,"sg": 83,"subgroups": [ { "det": 1.0,"hm": "P2/m","i": 1,"n": 1,"sg": 10,"subgroupIndex": 2,"trSubtype": "","trType": "t","trms": [ { "conjClass": "a","trm": "b,c,a" } ] },{ "det": 1.0,"hm": "P4","i": 2,"n": 1,"sg": 75,"subgroupIndex": 2,"trSubtype": "","trType": "t","trms": [ { "conjClass": "a","trm": "a,b,c" } ] },{ "det": 1.0,"hm": "P-4","i": 3,"n": 1,"sg": 81,"subgroupIndex": 2,"trSubtype": "","trType": "t","trms": [ { "conjClass": "a","trm": "a,b,c" } ] },{ "det": 1.0,"hm": "P4/m","i": 4,"n": 4,"sg": 83,"subgroupIndex": 2,"trSubtype": "eu","trType": "k","trms": [ { "conjClass": "a","trm": "a-b,a+b,c;1/2,1/2,0" },{ "conjClass": "b","trm": "a-b,a+b,c" },{ "conjClass": "c","trm": "a,b,c;0,0,1/2" },{ "conjClass": "d","trm": "a,b,c" } ] },{ "det": 1.0,"hm": "P4/m","i": 5,"n": 3,"sg": 83,"subgroupIndex": 3,"trSubtype": "eu","trType": "k","trms": [ { "conjClass": "a","trm": "a,b,c" },{ "conjClass": "a","trm": "a,b,c;0,0,1" },{ "conjClass": "a","trm": "a,b,c;0,0,2" } ] },{ "det": 1.0,"hm": "P42/m","i": 6,"n": 2,"sg": 84,"subgroupIndex": 2,"trSubtype": "eu","trType": "k","trms": [ { "conjClass": "a","trm": "a,b,c;0,0,1/2" },{ "conjClass": "b","trm": "a,b,c" } ] },{ "det": 2.0,"hm": "P4/n","i": 7,"n": 2,"sg": 85,"subgroupIndex": 2,"trSubtype": "eu","trType": "k","trms": [ { "conjClass": "a","trm": "a-b,a+b,c;0,1/2,0" },{ "conjClass": "b","trm": "a-b,a+b,c;1/2,0,0" } ] },{ "det": 2.0,"hm": "I4/m","i": 8,"n": 4,"sg": 87,"subgroupIndex": 2,"trSubtype": "eu","trType": "k","trms": [ { "conjClass": "a","trm": "a-b,a+b,c;1/2,1/2,1/2" },{ "conjClass": "b","trm": "a-b,a+b,c;1/2,1/2,0" },{ "conjClass": "c","trm": "a-b,a+b,c;0,0,1/2" },{ "conjClass": "d","trm": "a-b,a+b,c" } ] } ] }