{ "created": "Thu Oct 10 11:53:27 CDT 2024","hm": "Pmm2","nSettings": 38,"nSubgroups": 11,"sg": 25,"subgroups": [ { "det": 1.0,"hm": "P2","i": 1,"n": 1,"sg": 3,"subgroupIndex": 2,"trSubtype": "","trType": "t","trms": [ { "conjClass": "a","trm": "b,c,a" } ] },{ "det": 1.0,"hm": "Pm","i": 2,"n": 2,"sg": 6,"subgroupIndex": 2,"trSubtype": "","trType": "t","trms": [ { "conjClass": "a","trm": "c,a,b" },{ "conjClass": "b","trm": "a,b,c" } ] },{ "det": 1.0,"hm": "Pmm2","i": 3,"n": 5,"sg": 25,"subgroupIndex": 2,"trSubtype": "eu","trType": "k","trms": [ { "conjClass": "a","trm": "a,b,c" },{ "conjClass": "b","trm": "a,b,c;0,1/2,0" },{ "conjClass": "c","trm": "a,b,c" },{ "conjClass": "d","trm": "a,b,c;1/2,0,0" },{ "conjClass": "e","trm": "a,b,c" } ] },{ "det": 1.0,"hm": "Pmm2","i": 4,"n": 7,"sg": 25,"subgroupIndex": 3,"trSubtype": "eu","trType": "k","trms": [ { "conjClass": "a","trm": "a,b,c" },{ "conjClass": "a","trm": "a,b,c;0,1,0" },{ "conjClass": "a","trm": "a,b,c;0,2,0" },{ "conjClass": "b","trm": "a,b,c" },{ "conjClass": "b","trm": "a,b,c;1,0,0" },{ "conjClass": "b","trm": "a,b,c;2,0,0" },{ "conjClass": "c","trm": "a,b,c" } ] },{ "det": 1.0,"hm": "Pmc21","i": 5,"n": 2,"sg": 26,"subgroupIndex": 2,"trSubtype": "eu","trType": "k","trms": [ { "conjClass": "a","trm": "-b,a,c" },{ "conjClass": "b","trm": "a,b,c" } ] },{ "det": 1.0,"hm": "Pcc2","i": 6,"n": 1,"sg": 27,"subgroupIndex": 2,"trSubtype": "eu","trType": "k","trms": [ { "conjClass": "a","trm": "a,b,c" } ] },{ "det": 1.0,"hm": "Pma2","i": 7,"n": 4,"sg": 28,"subgroupIndex": 2,"trSubtype": "eu","trType": "k","trms": [ { "conjClass": "a","trm": "-b,a,c;0,1/2,0" },{ "conjClass": "b","trm": "-b,a,c" },{ "conjClass": "c","trm": "a,b,c;1/2,0,0" },{ "conjClass": "d","trm": "a,b,c" } ] },{ "det": 1.0,"hm": "Cmm2","i": 8,"n": 4,"sg": 35,"subgroupIndex": 2,"trSubtype": "eu","trType": "k","trms": [ { "conjClass": "a","trm": "a,b,c;1/2,1/2,0" },{ "conjClass": "b","trm": "a,b,c;0,1/2,0" },{ "conjClass": "c","trm": "a,b,c;1/2,0,0" },{ "conjClass": "d","trm": "a,b,c" } ] },{ "det": 1.0,"hm": "Amm2","i": 9,"n": 4,"sg": 38,"subgroupIndex": 2,"trSubtype": "eu","trType": "k","trms": [ { "conjClass": "a","trm": "-b,a,c;1/2,0,0" },{ "conjClass": "b","trm": "-b,a,c" },{ "conjClass": "c","trm": "a,b,c;0,1/2,0" },{ "conjClass": "d","trm": "a,b,c" } ] },{ "det": 1.0,"hm": "Aem2","i": 10,"n": 4,"sg": 39,"subgroupIndex": 2,"trSubtype": "eu","trType": "k","trms": [ { "conjClass": "a","trm": "-b,a,c;1/2,0,0" },{ "conjClass": "b","trm": "-b,a,c" },{ "conjClass": "c","trm": "a,b,c;0,1/2,0" },{ "conjClass": "d","trm": "a,b,c" } ] },{ "det": 1.0,"hm": "Fmm2","i": 11,"n": 4,"sg": 42,"subgroupIndex": 2,"trSubtype": "eu","trType": "k","trms": [ { "conjClass": "a","trm": "a,b,c;1/2,1/2,0" },{ "conjClass": "b","trm": "a,b,c;0,1/2,0" },{ "conjClass": "c","trm": "a,b,c;1/2,0,0" },{ "conjClass": "d","trm": "a,b,c" } ] } ] }