{ "HM": "P6mm","created": "Tue Apr 09 11:04:54 CDT 2024","nSettings": 18,"nSubgroups": 10,"sg": 183,"subgroups": [ { "det": 2.0,"i": 1,"subgroup": 35,"subgroupHM": "Cmm2","subgroupIndex": 3,"trSubtype": "","trType": "t","trm": [ "a:-a+b,-a-b,c","a:-a-2b,a,c","a:2a+b,b,c" ] },{ "det": 1.0,"i": 2,"subgroup": 156,"subgroupHM": "P3m1","subgroupIndex": 2,"trSubtype": "","trType": "t","trm": [ "a:a,b,c" ] },{ "det": 1.0,"i": 3,"subgroup": 157,"subgroupHM": "P31m","subgroupIndex": 2,"trSubtype": "","trType": "t","trm": [ "a:a,b,c" ] },{ "det": 1.0,"i": 4,"subgroup": 168,"subgroupHM": "P6","subgroupIndex": 2,"trSubtype": "","trType": "t","trm": [ "a:a,b,c" ] },{ "det": 2.0,"i": 5,"subgroup": 183,"subgroupHM": "P6mm","subgroupIndex": 2,"trSubtype": "eu","trType": "k","trm": [ "a:a,b,2c" ] },{ "det": 3.0,"i": 6,"subgroup": 183,"subgroupHM": "P6mm","subgroupIndex": 3,"trSubtype": "eu","trType": "k","trm": [ "a:a-b,a+2b,c","a:a-b,a+2b,c;1,0,0","a:a-b,a+2b,c;2,0,0","b:a,b,3c" ] },{ "det": 4.0,"i": 7,"subgroup": 183,"subgroupHM": "P6mm","subgroupIndex": 4,"trSubtype": "eu","trType": "k","trm": [ "a:2a,2b,c","a:2a,2b,c;1,0,0","a:2a,2b,c;0,1,0","a:2a,2b,c;1,1,0" ] },{ "det": 2.0,"i": 8,"subgroup": 184,"subgroupHM": "P6cc","subgroupIndex": 2,"trSubtype": "eu","trType": "k","trm": [ "a:a,b,2c" ] },{ "det": 2.0,"i": 9,"subgroup": 185,"subgroupHM": "P63cm","subgroupIndex": 2,"trSubtype": "eu","trType": "k","trm": [ "a:a,b,2c" ] },{ "det": 2.0,"i": 10,"subgroup": 186,"subgroupHM": "P63mc","subgroupIndex": 2,"trSubtype": "eu","trType": "k","trm": [ "a:a,b,2c" ] } ] }