{ "created": "Thu Oct 10 11:54:13 CDT 2024","hm": "Fm-3m","nSettings": 18,"nSubgroups": 7,"sg": 225,"subgroups": [ { "det": 0.5,"hm": "I4/mmm","i": 1,"n": 3,"sg": 139,"subgroupIndex": 3,"trSubtype": "","trType": "t","trms": [ { "conjClass": "a","trm": "1/2a-1/2b,1/2a+1/2b,c" },{ "conjClass": "a","trm": "1/2b-1/2c,1/2b+1/2c,a" },{ "conjClass": "a","trm": "-1/2a+1/2c,1/2a+1/2c,b" } ] },{ "det": 0.75,"hm": "R-3m","i": 2,"n": 4,"sg": 166,"subgroupIndex": 4,"trSubtype": "","trType": "t","trms": [ { "conjClass": "a","trm": "-1/2a+1/2b,-1/2b+1/2c,a+b+c" },{ "conjClass": "a","trm": "1/2a+1/2b,-1/2b-1/2c,-a+b-c" },{ "conjClass": "a","trm": "-1/2a-1/2b,1/2b-1/2c,a-b-c" },{ "conjClass": "a","trm": "1/2a-1/2b,1/2b+1/2c,-a-b+c" } ] },{ "det": 1.0,"hm": "Fm-3","i": 3,"n": 1,"sg": 202,"subgroupIndex": 2,"trSubtype": "","trType": "t","trms": [ { "conjClass": "a","trm": "a,b,c" } ] },{ "det": 1.0,"hm": "F432","i": 4,"n": 1,"sg": 209,"subgroupIndex": 2,"trSubtype": "","trType": "t","trms": [ { "conjClass": "a","trm": "a,b,c" } ] },{ "det": 1.0,"hm": "F-43m","i": 5,"n": 1,"sg": 216,"subgroupIndex": 2,"trSubtype": "","trType": "t","trms": [ { "conjClass": "a","trm": "a,b,c" } ] },{ "det": 1.0,"hm": "Pm-3m","i": 6,"n": 4,"sg": 221,"subgroupIndex": 4,"trSubtype": "ct","trType": "k","trms": [ { "conjClass": "a","trm": "a,b,c" },{ "conjClass": "a","trm": "a,b,c;1/2,1/2,0" },{ "conjClass": "a","trm": "a,b,c;0,1/2,1/2" },{ "conjClass": "a","trm": "a,b,c;1/2,0,1/2" } ] },{ "det": 1.0,"hm": "Pn-3m","i": 7,"n": 4,"sg": 224,"subgroupIndex": 4,"trSubtype": "ct","trType": "k","trms": [ { "conjClass": "a","trm": "a,b,c" },{ "conjClass": "a","trm": "a,b,c;1/2,0,1/2" },{ "conjClass": "a","trm": "a,b,c;0,1/2,1/2" },{ "conjClass": "a","trm": "a,b,c;1/2,1/2,0" } ] } ] }