{ "HM": "P41212","created": "Tue Apr 09 11:04:14 CDT 2024","nSettings": 6,"nSubgroups": 4,"sg": 92,"subgroups": [ { "det": 1.0,"i": 1,"subgroup": 19,"subgroupHM": "P212121","subgroupIndex": 2,"trSubtype": "","trType": "t","trm": [ "a:a,b,c;1/4,0,3/8" ] },{ "det": 2.0,"i": 2,"subgroup": 20,"subgroupHM": "C2221","subgroupIndex": 2,"trSubtype": "","trType": "t","trm": [ "a:a-b,a+b,c;0,0,1/4" ] },{ "det": 1.0,"i": 3,"subgroup": 76,"subgroupHM": "P41","subgroupIndex": 2,"trSubtype": "","trType": "t","trm": [ "a:a,b,c;0,1/2,0" ] },{ "det": 3.0,"i": 4,"subgroup": 96,"subgroupHM": "P43212","subgroupIndex": 3,"trSubtype": "eu","trType": "k","trm": [ "a:a,b,3c","a:a,b,3c;0,0,1","a:a,b,3c;0,0,2" ] } ] }