{ "HM": "Pccm","created": "Tue Apr 09 11:03:59 CDT 2024","nSettings": 40,"nSubgroups": 12,"sg": 49,"subgroups": [ { "det": 1.0,"i": 1,"subgroup": 10,"subgroupHM": "P2/m","subgroupIndex": 2,"trSubtype": "","trType": "t","trm": [ "a:b,c,a" ] },{ "det": 1.0,"i": 2,"subgroup": 13,"subgroupHM": "P2/c","subgroupIndex": 2,"trSubtype": "","trType": "t","trm": [ "a:-b,a,c","b:a,b,c" ] },{ "det": 1.0,"i": 3,"subgroup": 16,"subgroupHM": "P222","subgroupIndex": 2,"trSubtype": "","trType": "t","trm": [ "a:a,b,c;0,0,1/4" ] },{ "det": 1.0,"i": 4,"subgroup": 27,"subgroupHM": "Pcc2","subgroupIndex": 2,"trSubtype": "","trType": "t","trm": [ "a:a,b,c" ] },{ "det": 1.0,"i": 5,"subgroup": 28,"subgroupHM": "Pma2","subgroupIndex": 2,"trSubtype": "","trType": "t","trm": [ "a:c,b,-a;0,0,1/4","b:c,a,b;0,0,1/4" ] },{ "det": 2.0,"i": 6,"subgroup": 49,"subgroupHM": "Pccm","subgroupIndex": 2,"trSubtype": "eu","trType": "k","trm": [ "a:a,2b,c;0,1/2,0","b:a,2b,c","c:2a,b,c;1/2,0,0","d:2a,b,c" ] },{ "det": 3.0,"i": 7,"subgroup": 49,"subgroupHM": "Pccm","subgroupIndex": 3,"trSubtype": "eu","trType": "k","trm": [ "a:a,b,3c","a:a,b,3c;0,0,1","a:a,b,3c;0,0,2","b:a,3b,c","b:a,3b,c;0,1,0","b:a,3b,c;0,2,0","c:3a,b,c","c:3a,b,c;1,0,0","c:3a,b,c;2,0,0" ] },{ "det": 2.0,"i": 8,"subgroup": 50,"subgroupHM": "Pban","subgroupIndex": 2,"trSubtype": "eu","trType": "k","trm": [ "a:2b,c,a;0,1/2,0","b:2b,c,a","c:c,2a,b;1/2,0,0","d:c,2a,b" ] },{ "det": 2.0,"i": 9,"subgroup": 53,"subgroupHM": "Pmna","subgroupIndex": 2,"trSubtype": "eu","trType": "k","trm": [ "a:c,a,2b;0,1/2,0","b:c,a,2b","c:c,b,-2a;1/2,0,0","d:c,b,-2a" ] },{ "det": 2.0,"i": 10,"subgroup": 54,"subgroupHM": "Pcca","subgroupIndex": 2,"trSubtype": "eu","trType": "k","trm": [ "a:-2b,a,c;0,1/2,0","b:-2b,a,c","c:2a,b,c;1/2,0,0","d:2a,b,c" ] },{ "det": 4.0,"i": 11,"subgroup": 66,"subgroupHM": "Cccm","subgroupIndex": 2,"trSubtype": "eu","trType": "k","trm": [ "a:2a,2b,c;0,1/2,0","b:2a,2b,c;1/2,1/2,0","c:2a,2b,c;1/2,0,0","d:2a,2b,c" ] },{ "det": 4.0,"i": 12,"subgroup": 68,"subgroupHM": "Ccce","subgroupIndex": 2,"trSubtype": "eu","trType": "k","trm": [ "a:2a,2b,c;1/2,0,0","b:2a,2b,c;0,1/2,0","c:2a,2b,c;1/2,1/2,0","d:2a,2b,c" ] } ] }