{ "created": "Thu Oct 10 11:53:57 CDT 2024","hm": "P3m1","nSettings": 20,"nSubgroups": 7,"sg": 156,"subgroups": [ { "det": 1.0,"hm": "Cm","i": 1,"n": 3,"sg": 8,"subgroupIndex": 3,"trSubtype": "","trType": "t","trms": [ { "conjClass": "a","trm": "-a+b,-a-b,c" },{ "conjClass": "a","trm": "-a-b,a,c" },{ "conjClass": "a","trm": "a+b,b,c" } ] },{ "det": 1.0,"hm": "P3","i": 2,"n": 1,"sg": 143,"subgroupIndex": 2,"trSubtype": "","trType": "t","trms": [ { "conjClass": "a","trm": "a,b,c" } ] },{ "det": 1.0,"hm": "P3m1","i": 3,"n": 1,"sg": 156,"subgroupIndex": 2,"trSubtype": "eu","trType": "k","trms": [ { "conjClass": "a","trm": "a,b,c" } ] },{ "det": 1.0,"hm": "P3m1","i": 4,"n": 1,"sg": 156,"subgroupIndex": 3,"trSubtype": "eu","trType": "k","trms": [ { "conjClass": "a","trm": "a,b,c" } ] },{ "det": 1.0,"hm": "P3m1","i": 5,"n": 4,"sg": 156,"subgroupIndex": 4,"trSubtype": "eu","trType": "k","trms": [ { "conjClass": "a","trm": "a,b,c" },{ "conjClass": "a","trm": "a,b,c;1,0,0" },{ "conjClass": "a","trm": "a,b,c;0,1,0" },{ "conjClass": "a","trm": "a,b,c;1,1,0" } ] },{ "det": 2.0,"hm": "P31m","i": 6,"n": 9,"sg": 157,"subgroupIndex": 3,"trSubtype": "eu","trType": "k","trms": [ { "conjClass": "a","trm": "a-b,a+b,c;1/3,-1/3,0" },{ "conjClass": "a","trm": "a-b,a+b,c;1/3,2/3,0" },{ "conjClass": "a","trm": "a-b,a+b,c;4/3,2/3,0" },{ "conjClass": "b","trm": "a-b,a+b,c;2/3,-2/3,0" },{ "conjClass": "b","trm": "a-b,a+b,c;2/3,1/3,0" },{ "conjClass": "b","trm": "a-b,a+b,c;2/3,4/3,0" },{ "conjClass": "c","trm": "a-b,a+b,c" },{ "conjClass": "c","trm": "a-b,a+b,c;1,0,0" },{ "conjClass": "c","trm": "a-b,a+b,c;1,1,0" } ] },{ "det": 1.0,"hm": "P3c1","i": 7,"n": 1,"sg": 158,"subgroupIndex": 2,"trSubtype": "eu","trType": "k","trms": [ { "conjClass": "a","trm": "a,b,c" } ] } ] }