{ "HM": "P63mc","created": "Tue Apr 09 11:04:56 CDT 2024","nSettings": 14,"nSubgroups": 7,"sg": 186,"subgroups": [ { "det": 2.0,"i": 1,"subgroup": 36,"subgroupHM": "Cmc21","subgroupIndex": 3,"trSubtype": "","trType": "t","trm": [ "a:-a-b,a-b,c","a:a,a+2b,c","a:b,-2a-b,c" ] },{ "det": 1.0,"i": 2,"subgroup": 156,"subgroupHM": "P3m1","subgroupIndex": 2,"trSubtype": "","trType": "t","trm": [ "a:a,b,c" ] },{ "det": 1.0,"i": 3,"subgroup": 159,"subgroupHM": "P31c","subgroupIndex": 2,"trSubtype": "","trType": "t","trm": [ "a:a,b,c" ] },{ "det": 1.0,"i": 4,"subgroup": 173,"subgroupHM": "P63","subgroupIndex": 2,"trSubtype": "","trType": "t","trm": [ "a:a,b,c" ] },{ "det": 3.0,"i": 5,"subgroup": 185,"subgroupHM": "P63cm","subgroupIndex": 3,"trSubtype": "eu","trType": "k","trm": [ "a:a-b,a+2b,c","a:a-b,a+2b,c;1,0,0","a:a-b,a+2b,c;1,1,0" ] },{ "det": 3.0,"i": 6,"subgroup": 186,"subgroupHM": "P63mc","subgroupIndex": 3,"trSubtype": "eu","trType": "k","trm": [ "a:a,b,3c" ] },{ "det": 4.0,"i": 7,"subgroup": 186,"subgroupHM": "P63mc","subgroupIndex": 4,"trSubtype": "eu","trType": "k","trm": [ "a:2a,2b,c","a:2a,2b,c;1,0,0","a:2a,2b,c;0,1,0","a:2a,2b,c;1,1,0" ] } ] }