{ "HM": "I41","created": "Tue Apr 09 11:04:11 CDT 2024","nSettings": 4,"nSubgroups": 4,"sg": 80,"subgroups": [ { "det": 1.0,"i": 1,"subgroup": 5,"subgroupHM": "C2","subgroupIndex": 2,"trSubtype": "","trType": "t","trm": [ "a:-a-b,c,b" ] },{ "det": 1.0,"i": 2,"subgroup": 76,"subgroupHM": "P41","subgroupIndex": 2,"trSubtype": "ct","trType": "k","trm": [ "a:a,b,c;3/4,1/4,0" ] },{ "det": 1.0,"i": 3,"subgroup": 78,"subgroupHM": "P43","subgroupIndex": 2,"trSubtype": "ct","trType": "k","trm": [ "a:a,b,c;3/4,3/4,0" ] },{ "det": 3.0,"i": 4,"subgroup": 80,"subgroupHM": "I41","subgroupIndex": 3,"trSubtype": "eu","trType": "k","trm": [ "a:a,b,3c;1/2,0,0" ] } ] }