{ "HM": "I23","created": "Tue Apr 09 11:05:02 CDT 2024","nSettings": 6,"nSubgroups": 3,"sg": 197,"subgroups": [ { "det": 1.0,"i": 1,"subgroup": 23,"subgroupHM": "I222","subgroupIndex": 3,"trSubtype": "","trType": "t","trm": [ "a:a,b,c" ] },{ "det": 1.5,"i": 2,"subgroup": 146,"subgroupHM": "R3","subgroupIndex": 4,"trSubtype": "","trType": "t","trm": [ "a:-a+b,-b+c,1/2a+1/2b+1/2c","a:a+b,-b-c,-1/2a+1/2b-1/2c","a:-a-b,b-c,1/2a-1/2b-1/2c","a:a-b,b+c,-1/2a-1/2b+1/2c" ] },{ "det": 1.0,"i": 3,"subgroup": 195,"subgroupHM": "P23","subgroupIndex": 2,"trSubtype": "ct","trType": "k","trm": [ "a:a,b,c" ] } ] }