{ "HM": "P-4n2","created": "Tue Apr 09 11:04:23 CDT 2024","nSettings": 10,"nSubgroups": 5,"sg": 118,"subgroups": [ { "det": 2.0,"i": 1,"subgroup": 21,"subgroupHM": "C222","subgroupIndex": 2,"trSubtype": "","trType": "t","trm": [ "a:a-b,a+b,c;0,1/2,1/4" ] },{ "det": 1.0,"i": 2,"subgroup": 34,"subgroupHM": "Pnn2","subgroupIndex": 2,"trSubtype": "","trType": "t","trm": [ "a:a,b,c" ] },{ "det": 1.0,"i": 3,"subgroup": 81,"subgroupHM": "P-4","subgroupIndex": 2,"trSubtype": "","trType": "t","trm": [ "a:a,b,c" ] },{ "det": 3.0,"i": 4,"subgroup": 118,"subgroupHM": "P-4n2","subgroupIndex": 3,"trSubtype": "eu","trType": "k","trm": [ "a:a,b,3c","a:a,b,3c;0,0,1","a:a,b,3c;0,0,2" ] },{ "det": 4.0,"i": 5,"subgroup": 122,"subgroupHM": "I-42d","subgroupIndex": 2,"trSubtype": "eu","trType": "k","trm": [ "a:a-b,a+b,2c;1/2,1/2,1/2","b:a-b,a+b,2c;1/2,1/2,0","c:a-b,a+b,2c;0,0,1/2","d:a-b,a+b,2c" ] } ] }