{ "HM": "P4/nbm","created": "Tue Apr 09 11:04:26 CDT 2024","nSettings": 18,"nSubgroups": 12,"sg": 125,"subgroups": [ { "det": 1.0,"i": 1,"subgroup": 50,"subgroupHM": "Pban","subgroupIndex": 2,"trSubtype": "","trType": "t","trm": [ "a:a,b,c" ] },{ "det": 2.0,"i": 2,"subgroup": 67,"subgroupHM": "Cmme","subgroupIndex": 2,"trSubtype": "","trType": "t","trm": [ "a:a-b,a+b,c;0,1/2,0" ] },{ "det": 1.0,"i": 3,"subgroup": 85,"subgroupHM": "P4/n","subgroupIndex": 2,"trSubtype": "","trType": "t","trm": [ "a:a,b,c" ] },{ "det": 1.0,"i": 4,"subgroup": 89,"subgroupHM": "P422","subgroupIndex": 2,"trSubtype": "","trType": "t","trm": [ "a:a,b,c;1/4,1/4,0" ] },{ "det": 1.0,"i": 5,"subgroup": 100,"subgroupHM": "P4bm","subgroupIndex": 2,"trSubtype": "","trType": "t","trm": [ "a:a,b,c;1/4,1/4,0" ] },{ "det": 1.0,"i": 6,"subgroup": 111,"subgroupHM": "P-42m","subgroupIndex": 2,"trSubtype": "","trType": "t","trm": [ "a:a,b,c;1/4,3/4,0" ] },{ "det": 1.0,"i": 7,"subgroup": 117,"subgroupHM": "P-4b2","subgroupIndex": 2,"trSubtype": "","trType": "t","trm": [ "a:a,b,c;1/4,3/4,0" ] },{ "det": 2.0,"i": 8,"subgroup": 125,"subgroupHM": "P4/nbm","subgroupIndex": 2,"trSubtype": "eu","trType": "k","trm": [ "a:a,b,2c;0,0,1/2","b:a,b,2c" ] },{ "det": 3.0,"i": 9,"subgroup": 125,"subgroupHM": "P4/nbm","subgroupIndex": 3,"trSubtype": "eu","trType": "k","trm": [ "a:a,b,3c","a:a,b,3c;0,0,1","a:a,b,3c;0,0,2" ] },{ "det": 2.0,"i": 10,"subgroup": 126,"subgroupHM": "P4/nnc","subgroupIndex": 2,"trSubtype": "eu","trType": "k","trm": [ "a:a,b,2c;0,0,1/2","b:a,b,2c" ] },{ "det": 2.0,"i": 11,"subgroup": 133,"subgroupHM": "P42/nbc","subgroupIndex": 2,"trSubtype": "eu","trType": "k","trm": [ "a:a,b,2c;0,0,1/2","b:a,b,2c" ] },{ "det": 2.0,"i": 12,"subgroup": 134,"subgroupHM": "P42/nnm","subgroupIndex": 2,"trSubtype": "eu","trType": "k","trm": [ "a:a,b,2c;0,0,1/2","b:a,b,2c" ] } ] }