{ "HM": "Ibam","created": "Tue Apr 09 11:04:09 CDT 2024","nSettings": 24,"nSubgroups": 12,"sg": 72,"subgroups": [ { "det": 1.0,"i": 1,"subgroup": 12,"subgroupHM": "C2/m","subgroupIndex": 2,"trSubtype": "","trType": "t","trm": [ "a:-a-b,c,b" ] },{ "det": 1.0,"i": 2,"subgroup": 15,"subgroupHM": "C2/c","subgroupIndex": 2,"trSubtype": "","trType": "t","trm": [ "a:-b-c,a,c","b:a-c,b,c" ] },{ "det": 1.0,"i": 3,"subgroup": 23,"subgroupHM": "I222","subgroupIndex": 2,"trSubtype": "","trType": "t","trm": [ "a:a,b,c;0,0,1/4" ] },{ "det": 1.0,"i": 4,"subgroup": 45,"subgroupHM": "Iba2","subgroupIndex": 2,"trSubtype": "","trType": "t","trm": [ "a:a,b,c" ] },{ "det": 1.0,"i": 5,"subgroup": 46,"subgroupHM": "Ima2","subgroupIndex": 2,"trSubtype": "","trType": "t","trm": [ "a:c,b,-a;0,0,1/4","b:c,a,b;0,0,1/4" ] },{ "det": 1.0,"i": 6,"subgroup": 49,"subgroupHM": "Pccm","subgroupIndex": 2,"trSubtype": "ct","trType": "k","trm": [ "a:a,b,c" ] },{ "det": 1.0,"i": 7,"subgroup": 50,"subgroupHM": "Pban","subgroupIndex": 2,"trSubtype": "ct","trType": "k","trm": [ "a:a,b,c;1/4,1/4,1/4" ] },{ "det": 1.0,"i": 8,"subgroup": 55,"subgroupHM": "Pbam","subgroupIndex": 2,"trSubtype": "ct","trType": "k","trm": [ "a:a,b,c" ] },{ "det": 1.0,"i": 9,"subgroup": 56,"subgroupHM": "Pccn","subgroupIndex": 2,"trSubtype": "ct","trType": "k","trm": [ "a:a,b,c;1/4,1/4,1/4" ] },{ "det": 1.0,"i": 10,"subgroup": 57,"subgroupHM": "Pbcm","subgroupIndex": 2,"trSubtype": "ct","trType": "k","trm": [ "a:-b,a,c;1/4,1/4,1/4","b:a,b,c;1/4,1/4,1/4" ] },{ "det": 1.0,"i": 11,"subgroup": 60,"subgroupHM": "Pbcn","subgroupIndex": 2,"trSubtype": "ct","trType": "k","trm": [ "a:a,b,c","b:-b,a,c" ] },{ "det": 3.0,"i": 12,"subgroup": 72,"subgroupHM": "Ibam","subgroupIndex": 3,"trSubtype": "eu","trType": "k","trm": [ "a:a,b,3c","a:a,b,3c;0,0,1","a:a,b,3c;0,0,2","b:a,3b,c","b:a,3b,c;0,1,0","b:a,3b,c;0,2,0","c:3a,b,c","c:3a,b,c;1,0,0","c:3a,b,c;2,0,0" ] } ] }