{ "created": "Thu Oct 10 11:54:09 CDT 2024","hm": "Pn-3","nSettings": 8,"nSubgroups": 4,"sg": 201,"subgroups": [ { "det": 1.0,"hm": "Pnnn","i": 1,"n": 1,"sg": 48,"subgroupIndex": 3,"trSubtype": "","trType": "t","trms": [ { "conjClass": "a","trm": "a,b,c" } ] },{ "det": 3.0,"hm": "R-3","i": 2,"n": 4,"sg": 148,"subgroupIndex": 4,"trSubtype": "","trType": "t","trms": [ { "conjClass": "a","trm": "a-b,b-c,a+b+c" },{ "conjClass": "a","trm": "-a-b,b+c,-a+b-c;1/2,0,1/2" },{ "conjClass": "a","trm": "a+b,-b+c,a-b-c;0,1/2,1/2" },{ "conjClass": "a","trm": "-a+b,-b-c,-a-b+c;1/2,1/2,0" } ] },{ "det": 1.0,"hm": "P23","i": 3,"n": 1,"sg": 195,"subgroupIndex": 2,"trSubtype": "","trType": "t","trms": [ { "conjClass": "a","trm": "a,b,c;1/4,1/4,1/4" } ] },{ "det": 1.0,"hm": "Fd-3","i": 4,"n": 2,"sg": 203,"subgroupIndex": 2,"trSubtype": "eu","trType": "k","trms": [ { "conjClass": "a","trm": "a,b,c;1/2,1/2,1/2" },{ "conjClass": "b","trm": "a,b,c" } ] } ] }