{ "HM": "F222","created": "Tue Apr 09 11:03:50 CDT 2024","nSettings": 24,"nSubgroups": 4,"sg": 22,"subgroups": [ { "det": 0.5,"i": 1,"subgroup": 5,"subgroupHM": "C2","subgroupIndex": 2,"trSubtype": "","trType": "t","trm": [ "a:c,a,1/2b-1/2c","b:a,b,-1/2a+1/2c","c:b,c,1/2a-1/2b" ] },{ "det": 1.0,"i": 2,"subgroup": 20,"subgroupHM": "C2221","subgroupIndex": 2,"trSubtype": "ct","trType": "k","trm": [ "a:a,b,c;1/4,0,0","b:a,b,c;0,1/4,1/4","c:c,a,b;1/4,1/4,0","d:c,a,b;0,0,1/4","e:b,c,a;0,1/4,0","f:b,c,a;1/4,0,1/4" ] },{ "det": 1.0,"i": 3,"subgroup": 21,"subgroupHM": "C222","subgroupIndex": 2,"trSubtype": "ct","trType": "k","trm": [ "a:a,b,c;1/4,1/4,1/4","b:a,b,c","c:c,a,b;1/4,1/4,1/4","d:c,a,b","e:b,c,a;1/4,1/4,1/4","f:b,c,a" ] },{ "det": 3.0,"i": 4,"subgroup": 22,"subgroupHM": "F222","subgroupIndex": 3,"trSubtype": "eu","trType": "k","trm": [ "a:a,b,3c","a:a,b,3c;0,0,1","a:a,b,3c;0,0,2","b:a,3b,c","b:a,3b,c;0,1,0","b:a,3b,c;0,2,0","c:3a,b,c","c:3a,b,c;1,0,0","c:3a,b,c;2,0,0" ] } ] }