{ "HM": "Pccn","created": "Tue Apr 09 11:04:02 CDT 2024","nSettings": 16,"nSubgroups": 6,"sg": 56,"subgroups": [ { "det": 1.0,"i": 1,"subgroup": 13,"subgroupHM": "P2/c","subgroupIndex": 2,"trSubtype": "","trType": "t","trm": [ "a:a,c,-a-b" ] },{ "det": 1.0,"i": 2,"subgroup": 14,"subgroupHM": "P21/c","subgroupIndex": 2,"trSubtype": "","trType": "t","trm": [ "a:-b,a,c","b:a,b,c" ] },{ "det": 1.0,"i": 3,"subgroup": 18,"subgroupHM": "P21212","subgroupIndex": 2,"trSubtype": "","trType": "t","trm": [ "a:a,b,c;1/4,1/4,1/4" ] },{ "det": 1.0,"i": 4,"subgroup": 27,"subgroupHM": "Pcc2","subgroupIndex": 2,"trSubtype": "","trType": "t","trm": [ "a:a,b,c;1/4,1/4,0" ] },{ "det": 1.0,"i": 5,"subgroup": 33,"subgroupHM": "Pna21","subgroupIndex": 2,"trSubtype": "","trType": "t","trm": [ "a:c,b,-a;0,0,1/4","b:c,a,b;0,0,1/4" ] },{ "det": 3.0,"i": 6,"subgroup": 56,"subgroupHM": "Pccn","subgroupIndex": 3,"trSubtype": "eu","trType": "k","trm": [ "a:a,b,3c","a:a,b,3c;0,0,1","a:a,b,3c;0,0,2","b:a,3b,c","b:a,3b,c;0,1,0","b:a,3b,c;0,2,0","c:3a,b,c","c:3a,b,c;1,0,0","c:3a,b,c;2,0,0" ] } ] }