{ "created": "Thu Oct 10 11:53:27 CDT 2024","hm": "C222","nSettings": 24,"nSubgroups": 10,"sg": 21,"subgroups": [ { "det": 0.5,"hm": "P2","i": 1,"n": 1,"sg": 3,"subgroupIndex": 2,"trSubtype": "","trType": "t","trms": [ { "conjClass": "a","trm": "1/2a+1/2b,c,1/2a-1/2b" } ] },{ "det": 1.0,"hm": "C2","i": 2,"n": 2,"sg": 5,"subgroupIndex": 2,"trSubtype": "","trType": "t","trms": [ { "conjClass": "a","trm": "-b,a,c" },{ "conjClass": "b","trm": "a,b,c" } ] },{ "det": 1.0,"hm": "P222","i": 3,"n": 1,"sg": 16,"subgroupIndex": 2,"trSubtype": "ct","trType": "k","trms": [ { "conjClass": "a","trm": "a,b,c" } ] },{ "det": 1.0,"hm": "P2221","i": 4,"n": 2,"sg": 17,"subgroupIndex": 2,"trSubtype": "ct","trType": "k","trms": [ { "conjClass": "a","trm": "c,a,b;1/4,1/4,0" },{ "conjClass": "b","trm": "b,c,a;0,1/4,0" } ] },{ "det": 1.0,"hm": "P21212","i": 5,"n": 1,"sg": 18,"subgroupIndex": 2,"trSubtype": "ct","trType": "k","trms": [ { "conjClass": "a","trm": "a,b,c" } ] },{ "det": 1.0,"hm": "C2221","i": 6,"n": 2,"sg": 20,"subgroupIndex": 2,"trSubtype": "eu","trType": "k","trms": [ { "conjClass": "a","trm": "a,b,c" },{ "conjClass": "b","trm": "a,b,c;0,0,1/2" } ] },{ "det": 1.0,"hm": "C222","i": 7,"n": 2,"sg": 21,"subgroupIndex": 2,"trSubtype": "eu","trType": "k","trms": [ { "conjClass": "a","trm": "a,b,c;0,0,1/2" },{ "conjClass": "b","trm": "a,b,c" } ] },{ "det": 1.0,"hm": "C222","i": 8,"n": 9,"sg": 21,"subgroupIndex": 3,"trSubtype": "eu","trType": "k","trms": [ { "conjClass": "a","trm": "a,b,c" },{ "conjClass": "a","trm": "a,b,c;0,0,1" },{ "conjClass": "a","trm": "a,b,c;0,0,2" },{ "conjClass": "b","trm": "a,b,c" },{ "conjClass": "b","trm": "a,b,c;0,1,0" },{ "conjClass": "b","trm": "a,b,c;0,2,0" },{ "conjClass": "c","trm": "a,b,c" },{ "conjClass": "c","trm": "a,b,c;1,0,0" },{ "conjClass": "c","trm": "a,b,c;2,0,0" } ] },{ "det": 1.0,"hm": "I222","i": 9,"n": 2,"sg": 23,"subgroupIndex": 2,"trSubtype": "eu","trType": "k","trms": [ { "conjClass": "a","trm": "a,b,c;0,0,1/2" },{ "conjClass": "b","trm": "a,b,c" } ] },{ "det": 1.0,"hm": "I212121","i": 10,"n": 2,"sg": 24,"subgroupIndex": 2,"trSubtype": "eu","trType": "k","trms": [ { "conjClass": "a","trm": "a,b,c;3/4,0,1/2" },{ "conjClass": "b","trm": "a,b,c;3/4,0,0" } ] } ] }