{ "HM": "P42mc","created": "Tue Apr 09 11:04:18 CDT 2024","nSettings": 8,"nSubgroups": 6,"sg": 105,"subgroups": [ { "det": 1.0,"i": 1,"subgroup": 25,"subgroupHM": "Pmm2","subgroupIndex": 2,"trSubtype": "","trType": "t","trm": [ "a:a,b,c" ] },{ "det": 2.0,"i": 2,"subgroup": 37,"subgroupHM": "Ccc2","subgroupIndex": 2,"trSubtype": "","trType": "t","trm": [ "a:a-b,a+b,c" ] },{ "det": 1.0,"i": 3,"subgroup": 77,"subgroupHM": "P42","subgroupIndex": 2,"trSubtype": "","trType": "t","trm": [ "a:a,b,c" ] },{ "det": 2.0,"i": 4,"subgroup": 101,"subgroupHM": "P42cm","subgroupIndex": 2,"trSubtype": "eu","trType": "k","trm": [ "a:a-b,a+b,c;1/2,1/2,0","b:a-b,a+b,c" ] },{ "det": 2.0,"i": 5,"subgroup": 102,"subgroupHM": "P42nm","subgroupIndex": 2,"trSubtype": "eu","trType": "k","trm": [ "a:a-b,a+b,c","b:a-b,a+b,c;1/2,1/2,0" ] },{ "det": 3.0,"i": 6,"subgroup": 105,"subgroupHM": "P42mc","subgroupIndex": 3,"trSubtype": "eu","trType": "k","trm": [ "a:a,b,3c" ] } ] }