{ "created": "Thu Oct 10 11:53:56 CDT 2024","hm": "R-3","nSettings": 11,"nSubgroups": 5,"sg": 148,"subgroups": [ { "det": 0.3333333333333333,"hm": "P-1","i": 1,"n": 1,"sg": 2,"subgroupIndex": 3,"trSubtype": "","trType": "t","trms": [ { "conjClass": "a","trm": "a,b,-1/3a-2/3b+1/3c" } ] },{ "det": 1.0,"hm": "R3","i": 2,"n": 1,"sg": 146,"subgroupIndex": 2,"trSubtype": "","trType": "t","trms": [ { "conjClass": "a","trm": "a,b,c" } ] },{ "det": 1.0,"hm": "P-3","i": 3,"n": 3,"sg": 147,"subgroupIndex": 3,"trSubtype": "ct","trType": "k","trms": [ { "conjClass": "a","trm": "a,b,c" },{ "conjClass": "a","trm": "a,b,c;2/3,1/3,1/3" },{ "conjClass": "a","trm": "a,b,c;1/3,2/3,2/3" } ] },{ "det": 1.0,"hm": "R-3","i": 4,"n": 2,"sg": 148,"subgroupIndex": 2,"trSubtype": "eu","trType": "k","trms": [ { "conjClass": "a","trm": "-b,a+b,c;0,0,1/2" },{ "conjClass": "b","trm": "-b,a+b,c" } ] },{ "det": 1.0,"hm": "R-3","i": 5,"n": 4,"sg": 148,"subgroupIndex": 4,"trSubtype": "eu","trType": "k","trms": [ { "conjClass": "a","trm": "-b,a+b,c" },{ "conjClass": "a","trm": "-b,a+b,c;1,0,0" },{ "conjClass": "a","trm": "-b,a+b,c;0,1,0" },{ "conjClass": "a","trm": "-b,a+b,c;1,1,0" } ] } ] }