{ "HM": "Pmn21","created": "Tue Apr 09 11:03:52 CDT 2024","nSettings": 14,"nSubgroups": 6,"sg": 31,"subgroups": [ { "det": 1.0,"i": 1,"subgroup": 4,"subgroupHM": "P21","subgroupIndex": 2,"trSubtype": "","trType": "t","trm": [ "a:b,c,a;1/4,0,0" ] },{ "det": 1.0,"i": 2,"subgroup": 6,"subgroupHM": "Pm","subgroupIndex": 2,"trSubtype": "","trType": "t","trm": [ "a:c,a,b" ] },{ "det": 1.0,"i": 3,"subgroup": 7,"subgroupHM": "Pc","subgroupIndex": 2,"trSubtype": "","trType": "t","trm": [ "a:c,b,-a-c" ] },{ "det": 2.0,"i": 4,"subgroup": 31,"subgroupHM": "Pmn21","subgroupIndex": 2,"trSubtype": "eu","trType": "k","trm": [ "a:a,2b,c;0,1/2,0","b:a,2b,c" ] },{ "det": 3.0,"i": 5,"subgroup": 31,"subgroupHM": "Pmn21","subgroupIndex": 3,"trSubtype": "eu","trType": "k","trm": [ "a:a,3b,c","a:a,3b,c;0,1,0","a:a,3b,c;0,2,0","b:3a,b,c","b:3a,b,c;1,0,0","b:3a,b,c;2,0,0","c:a,b,3c" ] },{ "det": 2.0,"i": 6,"subgroup": 33,"subgroupHM": "Pna21","subgroupIndex": 2,"trSubtype": "eu","trType": "k","trm": [ "a:-2b,a,c;1/4,1/2,0","b:-2b,a,c;1/4,0,0" ] } ] }