{ "created": "Thu Oct 10 11:53:26 CDT 2024","hm": "P2/c","nSettings": 30,"nSubgroups": 7,"sg": 13,"subgroups": [ { "det": 1.0,"hm": "P-1","i": 1,"n": 1,"sg": 2,"subgroupIndex": 2,"trSubtype": "","trType": "t","trms": [ { "conjClass": "a","trm": "a,b,c" } ] },{ "det": 1.0,"hm": "P2","i": 2,"n": 1,"sg": 3,"subgroupIndex": 2,"trSubtype": "","trType": "t","trms": [ { "conjClass": "a","trm": "a,b,c;0,0,1/4" } ] },{ "det": 1.0,"hm": "Pc","i": 3,"n": 1,"sg": 7,"subgroupIndex": 2,"trSubtype": "","trType": "t","trms": [ { "conjClass": "a","trm": "a,b,c" } ] },{ "det": 1.0,"hm": "P2/c","i": 4,"n": 6,"sg": 13,"subgroupIndex": 2,"trSubtype": "eu","trType": "k","trms": [ { "conjClass": "a","trm": "a,b,-a+c;1/2,0,0" },{ "conjClass": "b","trm": "a,b,-a+c" },{ "conjClass": "c","trm": "a,b,c;1/2,0,0" },{ "conjClass": "d","trm": "a,b,c" },{ "conjClass": "e","trm": "a,b,c;0,1/2,0" },{ "conjClass": "f","trm": "a,b,c" } ] },{ "det": 1.0,"hm": "P2/c","i": 5,"n": 15,"sg": 13,"subgroupIndex": 3,"trSubtype": "eu","trType": "k","trms": [ { "conjClass": "a","trm": "a,b,-a+c" },{ "conjClass": "a","trm": "a,b,-a+c;1,0,0" },{ "conjClass": "a","trm": "a,b,-a+c;2,0,0" },{ "conjClass": "b","trm": "a,b,-a+c" },{ "conjClass": "b","trm": "a,b,-a+c;1,0,0" },{ "conjClass": "b","trm": "a,b,-a+c;2,0,0" },{ "conjClass": "c","trm": "a,b,c" },{ "conjClass": "c","trm": "a,b,c;1,0,0" },{ "conjClass": "c","trm": "a,b,c;2,0,0" },{ "conjClass": "d","trm": "a,b,c" },{ "conjClass": "d","trm": "a,b,c;0,0,1" },{ "conjClass": "d","trm": "a,b,c;0,0,2" },{ "conjClass": "e","trm": "a,b,c" },{ "conjClass": "e","trm": "a,b,c;0,1,0" },{ "conjClass": "e","trm": "a,b,c;0,2,0" } ] },{ "det": 1.0,"hm": "P21/c","i": 6,"n": 2,"sg": 14,"subgroupIndex": 2,"trSubtype": "eu","trType": "k","trms": [ { "conjClass": "a","trm": "a,b,c;0,1/2,0" },{ "conjClass": "b","trm": "a,b,c" } ] },{ "det": 1.0,"hm": "C2/c","i": 7,"n": 4,"sg": 15,"subgroupIndex": 2,"trSubtype": "eu","trType": "k","trms": [ { "conjClass": "a","trm": "a,b,c;1/2,1/2,0" },{ "conjClass": "b","trm": "a,b,c;1/2,0,0" },{ "conjClass": "c","trm": "a,b,c;0,1/2,0" },{ "conjClass": "d","trm": "a,b,c" } ] } ] }