{ "HM": "Pn-3m","created": "Tue Apr 09 11:05:09 CDT 2024","nSettings": 14,"nSubgroups": 7,"sg": 224,"subgroups": [ { "det": 1.0,"i": 1,"subgroup": 134,"subgroupHM": "P42/nnm","subgroupIndex": 3,"trSubtype": "","trType": "t","trm": [ "a:a,b,c;0,1/2,0","a:b,c,a;0,0,1/2","a:c,a,b;1/2,0,0" ] },{ "det": 3.0,"i": 2,"subgroup": 166,"subgroupHM": "R-3m","subgroupIndex": 4,"trSubtype": "","trType": "t","trm": [ "a:a-b,b-c,a+b+c","a:-a-b,b+c,-a+b-c;1/2,0,1/2","a:a+b,-b+c,a-b-c;0,1/2,1/2","a:-a+b,-b-c,-a-b+c;1/2,1/2,0" ] },{ "det": 1.0,"i": 3,"subgroup": 201,"subgroupHM": "Pn-3","subgroupIndex": 2,"trSubtype": "","trType": "t","trm": [ "a:a,b,c" ] },{ "det": 1.0,"i": 4,"subgroup": 208,"subgroupHM": "P4232","subgroupIndex": 2,"trSubtype": "","trType": "t","trm": [ "a:a,b,c;1/4,1/4,1/4" ] },{ "det": 1.0,"i": 5,"subgroup": 215,"subgroupHM": "P-43m","subgroupIndex": 2,"trSubtype": "","trType": "t","trm": [ "a:a,b,c;1/4,1/4,1/4" ] },{ "det": 8.0,"i": 6,"subgroup": 227,"subgroupHM": "Fd-3m","subgroupIndex": 2,"trSubtype": "eu","trType": "k","trm": [ "a:2a,2b,2c;1/2,1/2,1/2","b:2a,2b,2c" ] },{ "det": 8.0,"i": 7,"subgroup": 228,"subgroupHM": "Fd-3c","subgroupIndex": 2,"trSubtype": "eu","trType": "k","trm": [ "a:2a,2b,2c;1/2,1/2,1/2","b:2a,2b,2c" ] } ] }