{ "created": "Thu Oct 10 11:53:28 CDT 2024","hm": "Pnc2","nSettings": 14,"nSubgroups": 5,"sg": 30,"subgroups": [ { "det": 1.0,"hm": "P2","i": 1,"n": 1,"sg": 3,"subgroupIndex": 2,"trSubtype": "","trType": "t","trms": [ { "conjClass": "a","trm": "b,c,a" } ] },{ "det": 1.0,"hm": "Pc","i": 2,"n": 2,"sg": 7,"subgroupIndex": 2,"trSubtype": "","trType": "t","trms": [ { "conjClass": "a","trm": "b,a,-b-c" },{ "conjClass": "b","trm": "a,b,c;0,1/4,0" } ] },{ "det": 1.0,"hm": "Pnc2","i": 3,"n": 2,"sg": 30,"subgroupIndex": 2,"trSubtype": "eu","trType": "k","trms": [ { "conjClass": "a","trm": "a,b,c;1/2,0,0" },{ "conjClass": "b","trm": "a,b,c" } ] },{ "det": 1.0,"hm": "Pnc2","i": 4,"n": 7,"sg": 30,"subgroupIndex": 3,"trSubtype": "eu","trType": "k","trms": [ { "conjClass": "a","trm": "a,b,c" },{ "conjClass": "a","trm": "a,b,c;0,1,0" },{ "conjClass": "a","trm": "a,b,c;0,2,0" },{ "conjClass": "b","trm": "a,b,c" },{ "conjClass": "b","trm": "a,b,c;1,0,0" },{ "conjClass": "b","trm": "a,b,c;2,0,0" },{ "conjClass": "c","trm": "a,b,c" } ] },{ "det": 1.0,"hm": "Pnn2","i": 5,"n": 2,"sg": 34,"subgroupIndex": 2,"trSubtype": "eu","trType": "k","trms": [ { "conjClass": "a","trm": "a,b,c;1/2,0,0" },{ "conjClass": "b","trm": "a,b,c" } ] } ] }