{ "created": "Thu Oct 10 11:54:09 CDT 2024","hm": "Fm-3","nSettings": 22,"nSubgroups": 6,"sg": 202,"subgroups": [ { "det": 1.0,"hm": "Fmmm","i": 1,"n": 1,"sg": 69,"subgroupIndex": 3,"trSubtype": "","trType": "t","trms": [ { "conjClass": "a","trm": "a,b,c" } ] },{ "det": 0.75,"hm": "R-3","i": 2,"n": 4,"sg": 148,"subgroupIndex": 4,"trSubtype": "","trType": "t","trms": [ { "conjClass": "a","trm": "-1/2a+1/2b,-1/2b+1/2c,a+b+c" },{ "conjClass": "a","trm": "1/2a+1/2b,-1/2b-1/2c,-a+b-c" },{ "conjClass": "a","trm": "-1/2a-1/2b,1/2b-1/2c,a-b-c" },{ "conjClass": "a","trm": "1/2a-1/2b,1/2b+1/2c,-a-b+c" } ] },{ "det": 1.0,"hm": "F23","i": 3,"n": 1,"sg": 196,"subgroupIndex": 2,"trSubtype": "","trType": "t","trms": [ { "conjClass": "a","trm": "a,b,c" } ] },{ "det": 1.0,"hm": "Pm-3","i": 4,"n": 4,"sg": 200,"subgroupIndex": 4,"trSubtype": "ct","trType": "k","trms": [ { "conjClass": "a","trm": "a,b,c" },{ "conjClass": "a","trm": "a,b,c;1/2,0,1/2" },{ "conjClass": "a","trm": "a,b,c;1/2,1/2,0" },{ "conjClass": "a","trm": "a,b,c;0,1/2,1/2" } ] },{ "det": 1.0,"hm": "Pn-3","i": 5,"n": 4,"sg": 201,"subgroupIndex": 4,"trSubtype": "ct","trType": "k","trms": [ { "conjClass": "a","trm": "a,b,c" },{ "conjClass": "a","trm": "a,b,c;0,1/2,1/2" },{ "conjClass": "a","trm": "a,b,c;1/2,1/2,0" },{ "conjClass": "a","trm": "a,b,c;1/2,0,1/2" } ] },{ "det": 1.0,"hm": "Pa-3","i": 6,"n": 8,"sg": 205,"subgroupIndex": 4,"trSubtype": "ct","trType": "k","trms": [ { "conjClass": "a","trm": "a,b,c" },{ "conjClass": "a","trm": "a,b,c;1/2,1/2,0" },{ "conjClass": "a","trm": "a,b,c;1/2,0,1/2" },{ "conjClass": "a","trm": "a,b,c;0,1/2,1/2" },{ "conjClass": "b","trm": "-b,a,c;1/2,1/2,0" },{ "conjClass": "b","trm": "-b,a,c;0,1/2,1/2" },{ "conjClass": "b","trm": "-b,a,c;1/2,0,1/2" },{ "conjClass": "b","trm": "-b,a,c" } ] } ] }