{ "created": "Thu Oct 10 11:54:13 CDT 2024","hm": "Pn-3m","nSettings": 14,"nSubgroups": 7,"sg": 224,"subgroups": [ { "det": 1.0,"hm": "P42/nnm","i": 1,"n": 3,"sg": 134,"subgroupIndex": 3,"trSubtype": "","trType": "t","trms": [ { "conjClass": "a","trm": "a,b,c;0,1/2,0" },{ "conjClass": "a","trm": "b,c,a;0,0,1/2" },{ "conjClass": "a","trm": "c,a,b;1/2,0,0" } ] },{ "det": 3.0,"hm": "R-3m","i": 2,"n": 4,"sg": 166,"subgroupIndex": 4,"trSubtype": "","trType": "t","trms": [ { "conjClass": "a","trm": "a-b,b-c,a+b+c" },{ "conjClass": "a","trm": "-a-b,b+c,-a+b-c;1/2,0,1/2" },{ "conjClass": "a","trm": "a+b,-b+c,a-b-c;0,1/2,1/2" },{ "conjClass": "a","trm": "-a+b,-b-c,-a-b+c;1/2,1/2,0" } ] },{ "det": 1.0,"hm": "Pn-3","i": 3,"n": 1,"sg": 201,"subgroupIndex": 2,"trSubtype": "","trType": "t","trms": [ { "conjClass": "a","trm": "a,b,c" } ] },{ "det": 1.0,"hm": "P4232","i": 4,"n": 1,"sg": 208,"subgroupIndex": 2,"trSubtype": "","trType": "t","trms": [ { "conjClass": "a","trm": "a,b,c;1/4,1/4,1/4" } ] },{ "det": 1.0,"hm": "P-43m","i": 5,"n": 1,"sg": 215,"subgroupIndex": 2,"trSubtype": "","trType": "t","trms": [ { "conjClass": "a","trm": "a,b,c;1/4,1/4,1/4" } ] },{ "det": 1.0,"hm": "Fd-3m","i": 6,"n": 2,"sg": 227,"subgroupIndex": 2,"trSubtype": "eu","trType": "k","trms": [ { "conjClass": "a","trm": "a,b,c;1/2,1/2,1/2" },{ "conjClass": "b","trm": "a,b,c" } ] },{ "det": 1.0,"hm": "Fd-3c","i": 7,"n": 2,"sg": 228,"subgroupIndex": 2,"trSubtype": "eu","trType": "k","trms": [ { "conjClass": "a","trm": "a,b,c;1/2,1/2,1/2" },{ "conjClass": "b","trm": "a,b,c" } ] } ] }