{ "HM": "P-3","created": "Tue Apr 09 11:04:39 CDT 2024","nSettings": 20,"nSubgroups": 6,"sg": 147,"subgroups": [ { "det": 1.0,"i": 1,"subgroup": 2,"subgroupHM": "P-1","subgroupIndex": 3,"trSubtype": "","trType": "t","trm": [ "a:a,b,c" ] },{ "det": 1.0,"i": 2,"subgroup": 143,"subgroupHM": "P3","subgroupIndex": 2,"trSubtype": "","trType": "t","trm": [ "a:a,b,c" ] },{ "det": 2.0,"i": 3,"subgroup": 147,"subgroupHM": "P-3","subgroupIndex": 2,"trSubtype": "eu","trType": "k","trm": [ "a:a,b,2c;0,0,1/2","b:a,b,2c" ] },{ "det": 3.0,"i": 4,"subgroup": 147,"subgroupHM": "P-3","subgroupIndex": 3,"trSubtype": "eu","trType": "k","trm": [ "a:a-b,a+2b,c","a:a-b,a+2b,c;1,0,0","a:a-b,a+2b,c;2,0,0","b:a,b,3c","b:a,b,3c;0,0,1","b:a,b,3c;0,0,2" ] },{ "det": 4.0,"i": 5,"subgroup": 147,"subgroupHM": "P-3","subgroupIndex": 4,"trSubtype": "eu","trType": "k","trm": [ "a:2a,2b,c","a:2a,2b,c;1,0,0","a:2a,2b,c;0,1,0","a:2a,2b,c;1,1,0" ] },{ "det": 9.0,"i": 6,"subgroup": 148,"subgroupHM": "R-3","subgroupIndex": 3,"trSubtype": "eu","trType": "k","trm": [ "a:2a+b,-a+b,3c","a:2a+b,-a+b,3c;0,0,1","a:2a+b,-a+b,3c;0,0,2","b:a-b,a+2b,3c","b:a-b,a+2b,3c;0,0,1","b:a-b,a+2b,3c;0,0,2" ] } ] }