{ "created": "Thu Oct 10 11:54:12 CDT 2024","hm": "Pm-3m","nSettings": 22,"nSubgroups": 8,"sg": 221,"subgroups": [ { "det": 1.0,"hm": "P4/mmm","i": 1,"n": 3,"sg": 123,"subgroupIndex": 3,"trSubtype": "","trType": "t","trms": [ { "conjClass": "a","trm": "a,b,c" },{ "conjClass": "a","trm": "b,c,a" },{ "conjClass": "a","trm": "c,a,b" } ] },{ "det": 3.0,"hm": "R-3m","i": 2,"n": 4,"sg": 166,"subgroupIndex": 4,"trSubtype": "","trType": "t","trms": [ { "conjClass": "a","trm": "a-b,b-c,a+b+c" },{ "conjClass": "a","trm": "-a-b,b+c,-a+b-c" },{ "conjClass": "a","trm": "a+b,-b+c,a-b-c" },{ "conjClass": "a","trm": "-a+b,-b-c,-a-b+c" } ] },{ "det": 1.0,"hm": "Pm-3","i": 3,"n": 1,"sg": 200,"subgroupIndex": 2,"trSubtype": "","trType": "t","trms": [ { "conjClass": "a","trm": "a,b,c" } ] },{ "det": 1.0,"hm": "P432","i": 4,"n": 1,"sg": 207,"subgroupIndex": 2,"trSubtype": "","trType": "t","trms": [ { "conjClass": "a","trm": "a,b,c" } ] },{ "det": 1.0,"hm": "P-43m","i": 5,"n": 1,"sg": 215,"subgroupIndex": 2,"trSubtype": "","trType": "t","trms": [ { "conjClass": "a","trm": "a,b,c" } ] },{ "det": 1.0,"hm": "Fm-3m","i": 6,"n": 2,"sg": 225,"subgroupIndex": 2,"trSubtype": "eu","trType": "k","trms": [ { "conjClass": "a","trm": "a,b,c;1/2,1/2,1/2" },{ "conjClass": "b","trm": "a,b,c" } ] },{ "det": 1.0,"hm": "Fm-3c","i": 7,"n": 2,"sg": 226,"subgroupIndex": 2,"trSubtype": "eu","trType": "k","trms": [ { "conjClass": "a","trm": "a,b,c;1/2,1/2,1/2" },{ "conjClass": "b","trm": "a,b,c" } ] },{ "det": 1.0,"hm": "Im-3m","i": 8,"n": 8,"sg": 229,"subgroupIndex": 4,"trSubtype": "eu","trType": "k","trms": [ { "conjClass": "a","trm": "a,b,c;1/2,1/2,1/2" },{ "conjClass": "a","trm": "a,b,c;3/2,3/2,1/2" },{ "conjClass": "a","trm": "a,b,c;3/2,1/2,1/2" },{ "conjClass": "a","trm": "a,b,c;1/2,3/2,1/2" },{ "conjClass": "b","trm": "a,b,c" },{ "conjClass": "b","trm": "a,b,c;1,1,0" },{ "conjClass": "b","trm": "a,b,c;1,0,0" },{ "conjClass": "b","trm": "a,b,c;0,1,0" } ] } ] }