{ "created": "Thu Oct 10 11:54:12 CDT 2024","hm": "I-43d","nSettings": 8,"nSubgroups": 3,"sg": 220,"subgroups": [ { "det": 1.0,"hm": "I-42d","i": 1,"n": 3,"sg": 122,"subgroupIndex": 3,"trSubtype": "","trType": "t","trms": [ { "conjClass": "a","trm": "a,b,c;1/2,1/4,1/8" },{ "conjClass": "a","trm": "b,c,a;1/8,1/2,1/4" },{ "conjClass": "a","trm": "c,a,b;1/4,1/8,1/2" } ] },{ "det": 1.5,"hm": "R3c","i": 2,"n": 4,"sg": 161,"subgroupIndex": 4,"trSubtype": "","trType": "t","trms": [ { "conjClass": "a","trm": "-a+b,-b+c,1/2a+1/2b+1/2c" },{ "conjClass": "a","trm": "a+b,-b-c,-1/2a+1/2b-1/2c;0,1/2,1/2" },{ "conjClass": "a","trm": "-a-b,b-c,1/2a-1/2b-1/2c;1/2,1/2,0" },{ "conjClass": "a","trm": "a-b,b+c,-1/2a-1/2b+1/2c;1/2,0,1/2" } ] },{ "det": 1.0,"hm": "I213","i": 3,"n": 1,"sg": 199,"subgroupIndex": 2,"trSubtype": "","trType": "t","trms": [ { "conjClass": "a","trm": "a,b,c" } ] } ] }