{ "HM": "Pm-3n","created": "Tue Apr 09 11:05:09 CDT 2024","nSettings": 18,"nSubgroups": 6,"sg": 223,"subgroups": [ { "det": 1.0,"i": 1,"subgroup": 131,"subgroupHM": "P42/mmc","subgroupIndex": 3,"trSubtype": "","trType": "t","trm": [ "a:a,b,c;0,1/2,0","a:b,c,a;0,0,1/2","a:c,a,b;1/2,0,0" ] },{ "det": 3.0,"i": 2,"subgroup": 167,"subgroupHM": "R-3c","subgroupIndex": 4,"trSubtype": "","trType": "t","trm": [ "a:a-b,b-c,a+b+c","a:-a-b,b+c,-a+b-c","a:a+b,-b+c,a-b-c","a:-a+b,-b-c,-a-b+c" ] },{ "det": 1.0,"i": 3,"subgroup": 200,"subgroupHM": "Pm-3","subgroupIndex": 2,"trSubtype": "","trType": "t","trm": [ "a:a,b,c" ] },{ "det": 1.0,"i": 4,"subgroup": 208,"subgroupHM": "P4232","subgroupIndex": 2,"trSubtype": "","trType": "t","trm": [ "a:a,b,c" ] },{ "det": 1.0,"i": 5,"subgroup": 218,"subgroupHM": "P-43n","subgroupIndex": 2,"trSubtype": "","trType": "t","trm": [ "a:a,b,c" ] },{ "det": 8.0,"i": 6,"subgroup": 230,"subgroupHM": "Ia-3d","subgroupIndex": 4,"trSubtype": "eu","trType": "k","trm": [ "a:2a,2b,2c;1/2,1/2,1/2","a:2a,2b,2c;3/2,3/2,1/2","a:2a,2b,2c;3/2,1/2,1/2","a:2a,2b,2c;1/2,3/2,1/2","b:2a,2b,2c","b:2a,2b,2c;1,1,0","b:2a,2b,2c;1,0,0","b:2a,2b,2c;0,1,0" ] } ] }