{ "HM": "P-31m","created": "Tue Apr 09 11:04:45 CDT 2024","nSettings": 26,"nSubgroups": 10,"sg": 162,"subgroups": [ { "det": 2.0,"i": 1,"subgroup": 12,"subgroupHM": "C2/m","subgroupIndex": 3,"trSubtype": "","trType": "t","trm": [ "a:-a-b,a-b,c","a:a,a+2b,c","a:b,-2a-b,c" ] },{ "det": 1.0,"i": 2,"subgroup": 147,"subgroupHM": "P-3","subgroupIndex": 2,"trSubtype": "","trType": "t","trm": [ "a:a,b,c" ] },{ "det": 1.0,"i": 3,"subgroup": 149,"subgroupHM": "P312","subgroupIndex": 2,"trSubtype": "","trType": "t","trm": [ "a:a,b,c" ] },{ "det": 1.0,"i": 4,"subgroup": 157,"subgroupHM": "P31m","subgroupIndex": 2,"trSubtype": "","trType": "t","trm": [ "a:a,b,c" ] },{ "det": 2.0,"i": 5,"subgroup": 162,"subgroupHM": "P-31m","subgroupIndex": 2,"trSubtype": "eu","trType": "k","trm": [ "a:a,b,2c;0,0,1/2","b:a,b,2c" ] },{ "det": 3.0,"i": 6,"subgroup": 162,"subgroupHM": "P-31m","subgroupIndex": 3,"trSubtype": "eu","trType": "k","trm": [ "a:a,b,3c","a:a,b,3c;0,0,1","a:a,b,3c;0,0,2" ] },{ "det": 4.0,"i": 7,"subgroup": 162,"subgroupHM": "P-31m","subgroupIndex": 4,"trSubtype": "eu","trType": "k","trm": [ "a:2a,2b,c","a:2a,2b,c;1,0,0","a:2a,2b,c;0,1,0","a:2a,2b,c;1,1,0" ] },{ "det": 2.0,"i": 8,"subgroup": 163,"subgroupHM": "P-31c","subgroupIndex": 2,"trSubtype": "eu","trType": "k","trm": [ "a:a,b,2c;0,0,1/2","b:a,b,2c" ] },{ "det": 3.0,"i": 9,"subgroup": 164,"subgroupHM": "P-3m1","subgroupIndex": 3,"trSubtype": "eu","trType": "k","trm": [ "a:a-b,a+2b,c","a:a-b,a+2b,c;1,0,0","a:a-b,a+2b,c;1,1,0" ] },{ "det": 9.0,"i": 10,"subgroup": 166,"subgroupHM": "R-3m","subgroupIndex": 3,"trSubtype": "eu","trType": "k","trm": [ "a:2a+b,-a+b,3c","a:2a+b,-a+b,3c;0,0,1","a:2a+b,-a+b,3c;0,0,2","b:a-b,a+2b,3c","b:a-b,a+2b,3c;0,0,1","b:a-b,a+2b,3c;0,0,2" ] } ] }