{ "HM": "I-42m","created": "Tue Apr 09 11:04:23 CDT 2024","nSettings": 10,"nSubgroups": 8,"sg": 121,"subgroups": [ { "det": 1.0,"i": 1,"subgroup": 23,"subgroupHM": "I222","subgroupIndex": 2,"trSubtype": "","trType": "t","trm": [ "a:a,b,c" ] },{ "det": 2.0,"i": 2,"subgroup": 42,"subgroupHM": "Fmm2","subgroupIndex": 2,"trSubtype": "","trType": "t","trm": [ "a:a-b,a+b,c" ] },{ "det": 1.0,"i": 3,"subgroup": 82,"subgroupHM": "I-4","subgroupIndex": 2,"trSubtype": "","trType": "t","trm": [ "a:a,b,c" ] },{ "det": 1.0,"i": 4,"subgroup": 111,"subgroupHM": "P-42m","subgroupIndex": 2,"trSubtype": "ct","trType": "k","trm": [ "a:a,b,c" ] },{ "det": 1.0,"i": 5,"subgroup": 112,"subgroupHM": "P-42c","subgroupIndex": 2,"trSubtype": "ct","trType": "k","trm": [ "a:a,b,c;0,1/2,1/4" ] },{ "det": 1.0,"i": 6,"subgroup": 113,"subgroupHM": "P-421m","subgroupIndex": 2,"trSubtype": "ct","trType": "k","trm": [ "a:a,b,c;0,1/2,1/4" ] },{ "det": 1.0,"i": 7,"subgroup": 114,"subgroupHM": "P-421c","subgroupIndex": 2,"trSubtype": "ct","trType": "k","trm": [ "a:a,b,c" ] },{ "det": 3.0,"i": 8,"subgroup": 121,"subgroupHM": "I-42m","subgroupIndex": 3,"trSubtype": "eu","trType": "k","trm": [ "a:a,b,3c","a:a,b,3c;0,0,1","a:a,b,3c;0,0,2" ] } ] }