{ "HM": "P2/m","created": "Tue Apr 09 11:03:45 CDT 2024","nSettings": 46,"nSubgroups": 8,"sg": 10,"subgroups": [ { "det": 1.0,"i": 1,"subgroup": 2,"subgroupHM": "P-1","subgroupIndex": 2,"trSubtype": "","trType": "t","trm": [ "a:a,b,c" ] },{ "det": 1.0,"i": 2,"subgroup": 3,"subgroupHM": "P2","subgroupIndex": 2,"trSubtype": "","trType": "t","trm": [ "a:a,b,c" ] },{ "det": 1.0,"i": 3,"subgroup": 6,"subgroupHM": "Pm","subgroupIndex": 2,"trSubtype": "","trType": "t","trm": [ "a:a,b,c" ] },{ "det": 2.0,"i": 4,"subgroup": 10,"subgroupHM": "P2/m","subgroupIndex": 2,"trSubtype": "eu","trType": "k","trm": [ "a:a-c,b,2c;0,0,1/2","b:a-c,b,2c","c:2a,b,c;1/2,0,0","d:2a,b,c","e:a,b,2c;0,0,1/2","f:a,b,2c","g:a,2b,c;0,1/2,0","h:a,2b,c" ] },{ "det": 3.0,"i": 5,"subgroup": 10,"subgroupHM": "P2/m","subgroupIndex": 3,"trSubtype": "eu","trType": "k","trm": [ "a:3a,b,c","a:3a,b,c;1,0,0","a:3a,b,c;2,0,0","b:a-2c,b,3c","b:a-2c,b,3c;0,0,1","b:a-2c,b,3c;0,0,2","c:a-c,b,3c","c:a-c,b,3c;0,0,1","c:a-c,b,3c;0,0,2","d:a,b,3c","d:a,b,3c;0,0,1","d:a,b,3c;0,0,2","e:a,3b,c","e:a,3b,c;0,1,0","e:a,3b,c;0,2,0" ] },{ "det": 2.0,"i": 6,"subgroup": 11,"subgroupHM": "P21/m","subgroupIndex": 2,"trSubtype": "eu","trType": "k","trm": [ "a:a,2b,c;0,1/2,0","b:a,2b,c" ] },{ "det": 4.0,"i": 7,"subgroup": 12,"subgroupHM": "C2/m","subgroupIndex": 2,"trSubtype": "eu","trType": "k","trm": [ "a:2a,2b,-a+c;0,1/2,0","b:2a,2b,-a+c","c:2c,2b,-a-2c;0,1/2,1/2","d:2c,2b,-a-2c;0,1/2,0","e:2c,2b,-a-2c;0,0,1/2","f:2c,2b,-a-2c","g:2a,2b,c;1/2,1/2,0","h:2a,2b,c;1/2,0,0","i:2a,2b,-a+c;1/2,1/2,0","j:2a,2b,-a+c;1/2,0,0","k:2a,2b,c;0,1/2,0","l:2a,2b,c" ] },{ "det": 2.0,"i": 8,"subgroup": 13,"subgroupHM": "P2/c","subgroupIndex": 2,"trSubtype": "eu","trType": "k","trm": [ "a:a-c,b,2c;0,0,1/2","b:a-c,b,2c","c:-2a-c,b,2a;1/2,0,0","d:-2a-c,b,2a","e:a,b,2c;0,0,1/2","f:a,b,2c" ] } ] }