{ "created": "Thu Oct 10 11:53:25 CDT 2024","hm": "P21","nSettings": 20,"nSubgroups": 3,"sg": 4,"subgroups": [ { "det": 1.0,"hm": "P1","i": 1,"n": 1,"sg": 1,"subgroupIndex": 2,"trSubtype": "","trType": "t","trms": [ { "conjClass": "a","trm": "a,b,c" } ] },{ "det": 1.0,"hm": "P21","i": 2,"n": 6,"sg": 4,"subgroupIndex": 2,"trSubtype": "eu","trType": "k","trms": [ { "conjClass": "a","trm": "a-c,b,c;0,0,1/2" },{ "conjClass": "b","trm": "a-c,b,c" },{ "conjClass": "c","trm": "a,b,c;1/2,0,0" },{ "conjClass": "d","trm": "a,b,c" },{ "conjClass": "e","trm": "a,b,c;0,0,1/2" },{ "conjClass": "f","trm": "a,b,c" } ] },{ "det": 1.0,"hm": "P21","i": 3,"n": 13,"sg": 4,"subgroupIndex": 3,"trSubtype": "eu","trType": "k","trms": [ { "conjClass": "a","trm": "a,b,c" },{ "conjClass": "a","trm": "a,b,c;1,0,0" },{ "conjClass": "a","trm": "a,b,c;2,0,0" },{ "conjClass": "b","trm": "a-c,b,c" },{ "conjClass": "b","trm": "a-c,b,c;0,0,1" },{ "conjClass": "b","trm": "a-c,b,c;0,0,2" },{ "conjClass": "c","trm": "a-c,b,c" },{ "conjClass": "c","trm": "a-c,b,c;0,0,1" },{ "conjClass": "c","trm": "a-c,b,c;0,0,2" },{ "conjClass": "d","trm": "a,b,c" },{ "conjClass": "d","trm": "a,b,c;0,0,1" },{ "conjClass": "d","trm": "a,b,c;0,0,2" },{ "conjClass": "e","trm": "a,b,c" } ] } ] }