{ "created": "Thu Oct 10 11:53:38 CDT 2024","hm": "I4","nSettings": 4,"nSubgroups": 4,"sg": 79,"subgroups": [ { "det": 1.0,"hm": "C2","i": 1,"n": 1,"sg": 5,"subgroupIndex": 2,"trSubtype": "","trType": "t","trms": [ { "conjClass": "a","trm": "-a-b,c,b" } ] },{ "det": 1.0,"hm": "P4","i": 2,"n": 1,"sg": 75,"subgroupIndex": 2,"trSubtype": "ct","trType": "k","trms": [ { "conjClass": "a","trm": "a,b,c" } ] },{ "det": 1.0,"hm": "P42","i": 3,"n": 1,"sg": 77,"subgroupIndex": 2,"trSubtype": "ct","trType": "k","trms": [ { "conjClass": "a","trm": "a,b,c;1/2,0,0" } ] },{ "det": 1.0,"hm": "I4","i": 4,"n": 1,"sg": 79,"subgroupIndex": 3,"trSubtype": "eu","trType": "k","trms": [ { "conjClass": "a","trm": "a,b,c" } ] } ] }