{ "created": "Thu Oct 10 11:54:08 CDT 2024","hm": "F23","nSettings": 21,"nSubgroups": 4,"sg": 196,"subgroups": [ { "det": 1.0,"hm": "F222","i": 1,"n": 1,"sg": 22,"subgroupIndex": 3,"trSubtype": "","trType": "t","trms": [ { "conjClass": "a","trm": "a,b,c" } ] },{ "det": 0.75,"hm": "R3","i": 2,"n": 4,"sg": 146,"subgroupIndex": 4,"trSubtype": "","trType": "t","trms": [ { "conjClass": "a","trm": "-1/2a+1/2b,-1/2b+1/2c,a+b+c" },{ "conjClass": "a","trm": "1/2a+1/2b,-1/2b-1/2c,-a+b-c" },{ "conjClass": "a","trm": "-1/2a-1/2b,1/2b-1/2c,a-b-c" },{ "conjClass": "a","trm": "1/2a-1/2b,1/2b+1/2c,-a-b+c" } ] },{ "det": 1.0,"hm": "P23","i": 3,"n": 8,"sg": 195,"subgroupIndex": 4,"trSubtype": "ct","trType": "k","trms": [ { "conjClass": "a","trm": "a,b,c;1/4,1/4,1/4" },{ "conjClass": "a","trm": "a,b,c;1/4,3/4,3/4" },{ "conjClass": "a","trm": "a,b,c;3/4,3/4,1/4" },{ "conjClass": "a","trm": "a,b,c;3/4,1/4,3/4" },{ "conjClass": "b","trm": "a,b,c" },{ "conjClass": "b","trm": "a,b,c;1/2,0,1/2" },{ "conjClass": "b","trm": "a,b,c;1/2,1/2,0" },{ "conjClass": "b","trm": "a,b,c;0,1/2,1/2" } ] },{ "det": 1.0,"hm": "P213","i": 4,"n": 8,"sg": 198,"subgroupIndex": 4,"trSubtype": "ct","trType": "k","trms": [ { "conjClass": "a","trm": "a,b,c" },{ "conjClass": "a","trm": "a,b,c;1/2,1/2,0" },{ "conjClass": "a","trm": "a,b,c;1/2,0,1/2" },{ "conjClass": "a","trm": "a,b,c;0,1/2,1/2" },{ "conjClass": "b","trm": "a,b,c;1/4,1/4,1/4" },{ "conjClass": "b","trm": "a,b,c;3/4,1/4,3/4" },{ "conjClass": "b","trm": "a,b,c;1/4,3/4,3/4" },{ "conjClass": "b","trm": "a,b,c;3/4,3/4,1/4" } ] } ] }