{ "created": "Thu Oct 10 11:53:30 CDT 2024","hm": "Fmm2","nSettings": 22,"nSubgroups": 10,"sg": 42,"subgroups": [ { "det": 0.5,"hm": "C2","i": 1,"n": 1,"sg": 5,"subgroupIndex": 2,"trSubtype": "","trType": "t","trms": [ { "conjClass": "a","trm": "b,c,1/2a-1/2b" } ] },{ "det": 0.5,"hm": "Cm","i": 2,"n": 2,"sg": 8,"subgroupIndex": 2,"trSubtype": "","trType": "t","trms": [ { "conjClass": "a","trm": "c,a,1/2b-1/2c" },{ "conjClass": "b","trm": "a,b,-1/2a+1/2c" } ] },{ "det": 1.0,"hm": "Cmm2","i": 3,"n": 1,"sg": 35,"subgroupIndex": 2,"trSubtype": "ct","trType": "k","trms": [ { "conjClass": "a","trm": "a,b,c" } ] },{ "det": 1.0,"hm": "Cmc21","i": 4,"n": 2,"sg": 36,"subgroupIndex": 2,"trSubtype": "ct","trType": "k","trms": [ { "conjClass": "a","trm": "a,b,c;0,1/4,0" },{ "conjClass": "b","trm": "-b,a,c;1/4,0,0" } ] },{ "det": 1.0,"hm": "Ccc2","i": 5,"n": 1,"sg": 37,"subgroupIndex": 2,"trSubtype": "ct","trType": "k","trms": [ { "conjClass": "a","trm": "a,b,c;1/4,1/4,0" } ] },{ "det": 1.0,"hm": "Amm2","i": 6,"n": 2,"sg": 38,"subgroupIndex": 2,"trSubtype": "ct","trType": "k","trms": [ { "conjClass": "a","trm": "-b,a,c" },{ "conjClass": "b","trm": "a,b,c" } ] },{ "det": 1.0,"hm": "Aem2","i": 7,"n": 2,"sg": 39,"subgroupIndex": 2,"trSubtype": "ct","trType": "k","trms": [ { "conjClass": "a","trm": "a,b,c;1/4,1/4,0" },{ "conjClass": "b","trm": "-b,a,c;1/4,1/4,0" } ] },{ "det": 1.0,"hm": "Ama2","i": 8,"n": 2,"sg": 40,"subgroupIndex": 2,"trSubtype": "ct","trType": "k","trms": [ { "conjClass": "a","trm": "-b,a,c;1/4,1/4,0" },{ "conjClass": "b","trm": "a,b,c;1/4,1/4,0" } ] },{ "det": 1.0,"hm": "Aea2","i": 9,"n": 2,"sg": 41,"subgroupIndex": 2,"trSubtype": "ct","trType": "k","trms": [ { "conjClass": "a","trm": "-b,a,c" },{ "conjClass": "b","trm": "a,b,c" } ] },{ "det": 1.0,"hm": "Fmm2","i": 10,"n": 7,"sg": 42,"subgroupIndex": 3,"trSubtype": "eu","trType": "k","trms": [ { "conjClass": "a","trm": "a,b,c" },{ "conjClass": "a","trm": "a,b,c;0,1,0" },{ "conjClass": "a","trm": "a,b,c;0,2,0" },{ "conjClass": "b","trm": "a,b,c" },{ "conjClass": "b","trm": "a,b,c;1,0,0" },{ "conjClass": "b","trm": "a,b,c;2,0,0" },{ "conjClass": "c","trm": "a,b,c" } ] } ] }