{ "HM": "P42/nnm","created": "Tue Apr 09 11:04:32 CDT 2024","nSettings": 18,"nSubgroups": 10,"sg": 134,"subgroups": [ { "det": 1.0,"i": 1,"subgroup": 48,"subgroupHM": "Pnnn","subgroupIndex": 2,"trSubtype": "","trType": "t","trm": [ "a:a,b,c" ] },{ "det": 2.0,"i": 2,"subgroup": 67,"subgroupHM": "Cmme","subgroupIndex": 2,"trSubtype": "","trType": "t","trm": [ "a:a-b,a+b,c;0,1/2,0" ] },{ "det": 1.0,"i": 3,"subgroup": 86,"subgroupHM": "P42/n","subgroupIndex": 2,"trSubtype": "","trType": "t","trm": [ "a:a,b,c;0,1/2,0" ] },{ "det": 1.0,"i": 4,"subgroup": 93,"subgroupHM": "P4222","subgroupIndex": 2,"trSubtype": "","trType": "t","trm": [ "a:a,b,c;1/4,1/4,1/4" ] },{ "det": 1.0,"i": 5,"subgroup": 102,"subgroupHM": "P42nm","subgroupIndex": 2,"trSubtype": "","trType": "t","trm": [ "a:a,b,c;1/4,3/4,0" ] },{ "det": 1.0,"i": 6,"subgroup": 111,"subgroupHM": "P-42m","subgroupIndex": 2,"trSubtype": "","trType": "t","trm": [ "a:a,b,c;1/4,3/4,1/4" ] },{ "det": 1.0,"i": 7,"subgroup": 118,"subgroupHM": "P-4n2","subgroupIndex": 2,"trSubtype": "","trType": "t","trm": [ "a:a,b,c;1/4,3/4,1/4" ] },{ "det": 3.0,"i": 8,"subgroup": 134,"subgroupHM": "P42/nnm","subgroupIndex": 3,"trSubtype": "eu","trType": "k","trm": [ "a:a,b,3c","a:a,b,3c;0,0,1","a:a,b,3c;0,0,2" ] },{ "det": 4.0,"i": 9,"subgroup": 141,"subgroupHM": "I41/amd","subgroupIndex": 2,"trSubtype": "eu","trType": "k","trm": [ "a:a-b,a+b,2c;1/2,0,1/2","b:a-b,a+b,2c;1/2,0,0","c:a-b,a+b,2c;0,1/2,1/2","d:a-b,a+b,2c;0,1/2,0" ] },{ "det": 4.0,"i": 10,"subgroup": 142,"subgroupHM": "I41/acd","subgroupIndex": 2,"trSubtype": "eu","trType": "k","trm": [ "a:a-b,a+b,2c;1/2,0,1/2","b:a-b,a+b,2c;1/2,0,0","c:a-b,a+b,2c;0,1/2,1/2","d:a-b,a+b,2c;0,1/2,0" ] } ] }