{ "HM": "P4332","created": "Tue Apr 09 11:05:06 CDT 2024","nSettings": 8,"nSubgroups": 3,"sg": 212,"subgroups": [ { "det": 1.0,"i": 1,"subgroup": 96,"subgroupHM": "P43212","subgroupIndex": 3,"trSubtype": "","trType": "t","trm": [ "a:a,b,c;1/4,0,3/8","a:b,c,a;3/8,1/4,0","a:c,a,b;0,3/8,1/4" ] },{ "det": 3.0,"i": 2,"subgroup": 155,"subgroupHM": "R32","subgroupIndex": 4,"trSubtype": "","trType": "t","trm": [ "a:a-b,b-c,a+b+c;1/8,1/8,1/8","a:-a-b,b+c,-a+b-c;7/8,5/8,3/8","a:a+b,-b+c,a-b-c;5/8,3/8,7/8","a:-a+b,-b-c,-a-b+c;3/8,7/8,5/8" ] },{ "det": 1.0,"i": 3,"subgroup": 198,"subgroupHM": "P213","subgroupIndex": 2,"trSubtype": "","trType": "t","trm": [ "a:a,b,c" ] } ] }