{ "created": "Thu Oct 10 11:53:43 CDT 2024","hm": "P42bc","nSettings": 4,"nSubgroups": 4,"sg": 106,"subgroups": [ { "det": 1.0,"hm": "Pba2","i": 1,"n": 1,"sg": 32,"subgroupIndex": 2,"trSubtype": "","trType": "t","trms": [ { "conjClass": "a","trm": "a,b,c" } ] },{ "det": 2.0,"hm": "Ccc2","i": 2,"n": 1,"sg": 37,"subgroupIndex": 2,"trSubtype": "","trType": "t","trms": [ { "conjClass": "a","trm": "a-b,a+b,c;0,1/2,0" } ] },{ "det": 1.0,"hm": "P42","i": 3,"n": 1,"sg": 77,"subgroupIndex": 2,"trSubtype": "","trType": "t","trms": [ { "conjClass": "a","trm": "a,b,c" } ] },{ "det": 1.0,"hm": "P42bc","i": 4,"n": 1,"sg": 106,"subgroupIndex": 3,"trSubtype": "eu","trType": "k","trms": [ { "conjClass": "a","trm": "a,b,c" } ] } ] }