{ "created": "Thu Oct 10 11:53:53 CDT 2024","hm": "P42/nmc","nSettings": 10,"nSubgroups": 8,"sg": 137,"subgroups": [ { "det": 1.0,"hm": "Pmmn","i": 1,"n": 1,"sg": 59,"subgroupIndex": 2,"trSubtype": "","trType": "t","trms": [ { "conjClass": "a","trm": "a,b,c" } ] },{ "det": 2.0,"hm": "Ccce","i": 2,"n": 1,"sg": 68,"subgroupIndex": 2,"trSubtype": "","trType": "t","trms": [ { "conjClass": "a","trm": "a-b,a+b,c;0,1/2,0" } ] },{ "det": 1.0,"hm": "P42/n","i": 3,"n": 1,"sg": 86,"subgroupIndex": 2,"trSubtype": "","trType": "t","trms": [ { "conjClass": "a","trm": "a,b,c;0,1/2,0" } ] },{ "det": 1.0,"hm": "P42212","i": 4,"n": 1,"sg": 94,"subgroupIndex": 2,"trSubtype": "","trType": "t","trms": [ { "conjClass": "a","trm": "a,b,c;1/4,3/4,1/4" } ] },{ "det": 1.0,"hm": "P42mc","i": 5,"n": 1,"sg": 105,"subgroupIndex": 2,"trSubtype": "","trType": "t","trms": [ { "conjClass": "a","trm": "a,b,c;1/4,1/4,0" } ] },{ "det": 1.0,"hm": "P-421c","i": 6,"n": 1,"sg": 114,"subgroupIndex": 2,"trSubtype": "","trType": "t","trms": [ { "conjClass": "a","trm": "a,b,c;1/4,3/4,1/4" } ] },{ "det": 1.0,"hm": "P-4m2","i": 7,"n": 1,"sg": 115,"subgroupIndex": 2,"trSubtype": "","trType": "t","trms": [ { "conjClass": "a","trm": "a,b,c;1/4,3/4,1/4" } ] },{ "det": 1.0,"hm": "P42/nmc","i": 8,"n": 3,"sg": 137,"subgroupIndex": 3,"trSubtype": "eu","trType": "k","trms": [ { "conjClass": "a","trm": "a,b,c" },{ "conjClass": "a","trm": "a,b,c;0,0,1" },{ "conjClass": "a","trm": "a,b,c;0,0,2" } ] } ] }