{ "HM": "Pm-3m","created": "Tue Apr 09 11:05:08 CDT 2024","nSettings": 22,"nSubgroups": 8,"sg": 221,"subgroups": [ { "det": 1.0,"i": 1,"subgroup": 123,"subgroupHM": "P4/mmm","subgroupIndex": 3,"trSubtype": "","trType": "t","trm": [ "a:a,b,c","a:b,c,a","a:c,a,b" ] },{ "det": 3.0,"i": 2,"subgroup": 166,"subgroupHM": "R-3m","subgroupIndex": 4,"trSubtype": "","trType": "t","trm": [ "a:a-b,b-c,a+b+c","a:-a-b,b+c,-a+b-c","a:a+b,-b+c,a-b-c","a:-a+b,-b-c,-a-b+c" ] },{ "det": 1.0,"i": 3,"subgroup": 200,"subgroupHM": "Pm-3","subgroupIndex": 2,"trSubtype": "","trType": "t","trm": [ "a:a,b,c" ] },{ "det": 1.0,"i": 4,"subgroup": 207,"subgroupHM": "P432","subgroupIndex": 2,"trSubtype": "","trType": "t","trm": [ "a:a,b,c" ] },{ "det": 1.0,"i": 5,"subgroup": 215,"subgroupHM": "P-43m","subgroupIndex": 2,"trSubtype": "","trType": "t","trm": [ "a:a,b,c" ] },{ "det": 8.0,"i": 6,"subgroup": 225,"subgroupHM": "Fm-3m","subgroupIndex": 2,"trSubtype": "eu","trType": "k","trm": [ "a:2a,2b,2c;1/2,1/2,1/2","b:2a,2b,2c" ] },{ "det": 8.0,"i": 7,"subgroup": 226,"subgroupHM": "Fm-3c","subgroupIndex": 2,"trSubtype": "eu","trType": "k","trm": [ "a:2a,2b,2c;1/2,1/2,1/2","b:2a,2b,2c" ] },{ "det": 8.0,"i": 8,"subgroup": 229,"subgroupHM": "Im-3m","subgroupIndex": 4,"trSubtype": "eu","trType": "k","trm": [ "a:2a,2b,2c;1/2,1/2,1/2","a:2a,2b,2c;3/2,3/2,1/2","a:2a,2b,2c;3/2,1/2,1/2","a:2a,2b,2c;1/2,3/2,1/2","b:2a,2b,2c","b:2a,2b,2c;1,1,0","b:2a,2b,2c;1,0,0","b:2a,2b,2c;0,1,0" ] } ] }