{ "created": "Thu Oct 10 11:53:29 CDT 2024","hm": "Ama2","nSettings": 14,"nSubgroups": 8,"sg": 40,"subgroups": [ { "det": 1.0,"hm": "C2","i": 1,"n": 1,"sg": 5,"subgroupIndex": 2,"trSubtype": "","trType": "t","trms": [ { "conjClass": "a","trm": "b,c,a" } ] },{ "det": 0.5,"hm": "Pm","i": 2,"n": 1,"sg": 6,"subgroupIndex": 2,"trSubtype": "","trType": "t","trms": [ { "conjClass": "a","trm": "1/2b+1/2c,a,1/2b-1/2c;1/4,0,0" } ] },{ "det": 1.0,"hm": "Cc","i": 3,"n": 1,"sg": 9,"subgroupIndex": 2,"trSubtype": "","trType": "t","trms": [ { "conjClass": "a","trm": "c,b,-a" } ] },{ "det": 1.0,"hm": "Pma2","i": 4,"n": 1,"sg": 28,"subgroupIndex": 2,"trSubtype": "ct","trType": "k","trms": [ { "conjClass": "a","trm": "a,b,c" } ] },{ "det": 1.0,"hm": "Pmn21","i": 5,"n": 1,"sg": 31,"subgroupIndex": 2,"trSubtype": "ct","trType": "k","trms": [ { "conjClass": "a","trm": "a,b,c;1/4,1/4,0" } ] },{ "det": 1.0,"hm": "Pna21","i": 6,"n": 1,"sg": 33,"subgroupIndex": 2,"trSubtype": "ct","trType": "k","trms": [ { "conjClass": "a","trm": "a,b,c;0,1/4,0" } ] },{ "det": 1.0,"hm": "Pnn2","i": 7,"n": 1,"sg": 34,"subgroupIndex": 2,"trSubtype": "ct","trType": "k","trms": [ { "conjClass": "a","trm": "a,b,c" } ] },{ "det": 1.0,"hm": "Ama2","i": 8,"n": 7,"sg": 40,"subgroupIndex": 3,"trSubtype": "eu","trType": "k","trms": [ { "conjClass": "a","trm": "a,b,c" },{ "conjClass": "a","trm": "a,b,c;0,1,0" },{ "conjClass": "a","trm": "a,b,c;0,2,0" },{ "conjClass": "b","trm": "a,b,c" },{ "conjClass": "b","trm": "a,b,c;1,0,0" },{ "conjClass": "b","trm": "a,b,c;2,0,0" },{ "conjClass": "c","trm": "a,b,c" } ] } ] }