{ "created": "Thu Oct 10 11:53:59 CDT 2024","hm": "R3c","nSettings": 9,"nSubgroups": 4,"sg": 161,"subgroups": [ { "det": 0.6666666666666666,"hm": "Cc","i": 1,"n": 3,"sg": 9,"subgroupIndex": 3,"trSubtype": "","trType": "t","trms": [ { "conjClass": "a","trm": "-1/3a+1/3b-2/3c,-a-b,c" },{ "conjClass": "a","trm": "-1/3a-2/3b-2/3c,a,c" },{ "conjClass": "a","trm": "2/3a+1/3b-2/3c,b,c" } ] },{ "det": 1.0,"hm": "R3","i": 2,"n": 1,"sg": 146,"subgroupIndex": 2,"trSubtype": "","trType": "t","trms": [ { "conjClass": "a","trm": "a,b,c" } ] },{ "det": 1.0,"hm": "P3c1","i": 3,"n": 1,"sg": 158,"subgroupIndex": 3,"trSubtype": "ct","trType": "k","trms": [ { "conjClass": "a","trm": "a,b,c" } ] },{ "det": 1.0,"hm": "R3c","i": 4,"n": 4,"sg": 161,"subgroupIndex": 4,"trSubtype": "eu","trType": "k","trms": [ { "conjClass": "a","trm": "-b,a+b,c" },{ "conjClass": "a","trm": "-b,a+b,c;1,0,0" },{ "conjClass": "a","trm": "-b,a+b,c;0,1,0" },{ "conjClass": "a","trm": "-b,a+b,c;1,1,0" } ] } ] }