{ "created": "Thu Oct 10 11:53:47 CDT 2024","hm": "I-4c2","nSettings": 10,"nSubgroups": 6,"sg": 120,"subgroups": [ { "det": 2.0,"hm": "F222","i": 1,"n": 1,"sg": 22,"subgroupIndex": 2,"trSubtype": "","trType": "t","trms": [ { "conjClass": "a","trm": "a-b,a+b,c;0,0,1/4" } ] },{ "det": 1.0,"hm": "Iba2","i": 2,"n": 1,"sg": 45,"subgroupIndex": 2,"trSubtype": "","trType": "t","trms": [ { "conjClass": "a","trm": "a,b,c" } ] },{ "det": 1.0,"hm": "I-4","i": 3,"n": 1,"sg": 82,"subgroupIndex": 2,"trSubtype": "","trType": "t","trms": [ { "conjClass": "a","trm": "a,b,c" } ] },{ "det": 1.0,"hm": "P-4c2","i": 4,"n": 2,"sg": 116,"subgroupIndex": 2,"trSubtype": "ct","trType": "k","trms": [ { "conjClass": "a","trm": "a,b,c;0,1/2,1/4" },{ "conjClass": "b","trm": "a,b,c" } ] },{ "det": 1.0,"hm": "P-4b2","i": 5,"n": 2,"sg": 117,"subgroupIndex": 2,"trSubtype": "ct","trType": "k","trms": [ { "conjClass": "a","trm": "a,b,c;0,1/2,1/4" },{ "conjClass": "b","trm": "a,b,c" } ] },{ "det": 1.0,"hm": "I-4c2","i": 6,"n": 3,"sg": 120,"subgroupIndex": 3,"trSubtype": "eu","trType": "k","trms": [ { "conjClass": "a","trm": "a,b,c" },{ "conjClass": "a","trm": "a,b,c;0,0,1" },{ "conjClass": "a","trm": "a,b,c;0,0,2" } ] } ] }