{ "HM": "P42bc","created": "Tue Apr 09 11:04:19 CDT 2024","nSettings": 4,"nSubgroups": 4,"sg": 106,"subgroups": [ { "det": 1.0,"i": 1,"subgroup": 32,"subgroupHM": "Pba2","subgroupIndex": 2,"trSubtype": "","trType": "t","trm": [ "a:a,b,c" ] },{ "det": 2.0,"i": 2,"subgroup": 37,"subgroupHM": "Ccc2","subgroupIndex": 2,"trSubtype": "","trType": "t","trm": [ "a:a-b,a+b,c;0,1/2,0" ] },{ "det": 1.0,"i": 3,"subgroup": 77,"subgroupHM": "P42","subgroupIndex": 2,"trSubtype": "","trType": "t","trm": [ "a:a,b,c" ] },{ "det": 3.0,"i": 4,"subgroup": 106,"subgroupHM": "P42bc","subgroupIndex": 3,"trSubtype": "eu","trType": "k","trm": [ "a:a,b,3c" ] } ] }