{ "HM": "Pmna","created": "Tue Apr 09 11:04:00 CDT 2024","nSettings": 24,"nSubgroups": 12,"sg": 53,"subgroups": [ { "det": 1.0,"i": 1,"subgroup": 10,"subgroupHM": "P2/m","subgroupIndex": 2,"trSubtype": "","trType": "t","trm": [ "a:c,a,b" ] },{ "det": 1.0,"i": 2,"subgroup": 13,"subgroupHM": "P2/c","subgroupIndex": 2,"trSubtype": "","trType": "t","trm": [ "a:c,b,-a-c" ] },{ "det": 1.0,"i": 3,"subgroup": 14,"subgroupHM": "P21/c","subgroupIndex": 2,"trSubtype": "","trType": "t","trm": [ "a:b,c,a" ] },{ "det": 1.0,"i": 4,"subgroup": 17,"subgroupHM": "P2221","subgroupIndex": 2,"trSubtype": "","trType": "t","trm": [ "a:a,b,c;1/4,0,0" ] },{ "det": 1.0,"i": 5,"subgroup": 28,"subgroupHM": "Pma2","subgroupIndex": 2,"trSubtype": "","trType": "t","trm": [ "a:a,-c,b;1/4,0,1/4" ] },{ "det": 1.0,"i": 6,"subgroup": 30,"subgroupHM": "Pnc2","subgroupIndex": 2,"trSubtype": "","trType": "t","trm": [ "a:b,c,a" ] },{ "det": 1.0,"i": 7,"subgroup": 31,"subgroupHM": "Pmn21","subgroupIndex": 2,"trSubtype": "","trType": "t","trm": [ "a:a,b,c" ] },{ "det": 2.0,"i": 8,"subgroup": 52,"subgroupHM": "Pnna","subgroupIndex": 2,"trSubtype": "eu","trType": "k","trm": [ "a:2b,c,a;0,1/2,0","b:2b,c,a" ] },{ "det": 2.0,"i": 9,"subgroup": 53,"subgroupHM": "Pmna","subgroupIndex": 2,"trSubtype": "eu","trType": "k","trm": [ "a:a,2b,c;0,1/2,0","b:a,2b,c" ] },{ "det": 3.0,"i": 10,"subgroup": 53,"subgroupHM": "Pmna","subgroupIndex": 3,"trSubtype": "eu","trType": "k","trm": [ "a:a,b,3c","a:a,b,3c;0,0,1","a:a,b,3c;0,0,2","b:a,3b,c","b:a,3b,c;0,1,0","b:a,3b,c;0,2,0","c:3a,b,c","c:3a,b,c;1,0,0","c:3a,b,c;2,0,0" ] },{ "det": 2.0,"i": 11,"subgroup": 58,"subgroupHM": "Pnnm","subgroupIndex": 2,"trSubtype": "eu","trType": "k","trm": [ "a:2b,c,a;0,1/2,0","b:2b,c,a" ] },{ "det": 2.0,"i": 12,"subgroup": 60,"subgroupHM": "Pbcn","subgroupIndex": 2,"trSubtype": "eu","trType": "k","trm": [ "a:c,a,2b;0,1/2,0","b:c,a,2b" ] } ] }