{ "HM": "P6/mmm","created": "Tue Apr 09 11:04:58 CDT 2024","nSettings": 28,"nSubgroups": 14,"sg": 191,"subgroups": [ { "det": 2.0,"i": 1,"subgroup": 65,"subgroupHM": "Cmmm","subgroupIndex": 3,"trSubtype": "","trType": "t","trm": [ "a:-a+b,-a-b,c","a:-a-2b,a,c","a:2a+b,b,c" ] },{ "det": 1.0,"i": 2,"subgroup": 162,"subgroupHM": "P-31m","subgroupIndex": 2,"trSubtype": "","trType": "t","trm": [ "a:a,b,c" ] },{ "det": 1.0,"i": 3,"subgroup": 164,"subgroupHM": "P-3m1","subgroupIndex": 2,"trSubtype": "","trType": "t","trm": [ "a:a,b,c" ] },{ "det": 1.0,"i": 4,"subgroup": 175,"subgroupHM": "P6/m","subgroupIndex": 2,"trSubtype": "","trType": "t","trm": [ "a:a,b,c" ] },{ "det": 1.0,"i": 5,"subgroup": 177,"subgroupHM": "P622","subgroupIndex": 2,"trSubtype": "","trType": "t","trm": [ "a:a,b,c" ] },{ "det": 1.0,"i": 6,"subgroup": 183,"subgroupHM": "P6mm","subgroupIndex": 2,"trSubtype": "","trType": "t","trm": [ "a:a,b,c" ] },{ "det": 1.0,"i": 7,"subgroup": 187,"subgroupHM": "P-6m2","subgroupIndex": 2,"trSubtype": "","trType": "t","trm": [ "a:a,b,c" ] },{ "det": 1.0,"i": 8,"subgroup": 189,"subgroupHM": "P-62m","subgroupIndex": 2,"trSubtype": "","trType": "t","trm": [ "a:a,b,c" ] },{ "det": 2.0,"i": 9,"subgroup": 191,"subgroupHM": "P6/mmm","subgroupIndex": 2,"trSubtype": "eu","trType": "k","trm": [ "a:a,b,2c;0,0,1/2","b:a,b,2c" ] },{ "det": 3.0,"i": 10,"subgroup": 191,"subgroupHM": "P6/mmm","subgroupIndex": 3,"trSubtype": "eu","trType": "k","trm": [ "a:a-b,a+2b,c","a:a-b,a+2b,c;1,0,0","a:a-b,a+2b,c;2,0,0","b:a,b,3c","b:a,b,3c;0,0,1","b:a,b,3c;0,0,2" ] },{ "det": 4.0,"i": 11,"subgroup": 191,"subgroupHM": "P6/mmm","subgroupIndex": 4,"trSubtype": "eu","trType": "k","trm": [ "a:2a,2b,c","a:2a,2b,c;1,0,0","a:2a,2b,c;0,1,0","a:2a,2b,c;1,1,0" ] },{ "det": 2.0,"i": 12,"subgroup": 192,"subgroupHM": "P6/mcc","subgroupIndex": 2,"trSubtype": "eu","trType": "k","trm": [ "a:a,b,2c;0,0,1/2","b:a,b,2c" ] },{ "det": 2.0,"i": 13,"subgroup": 193,"subgroupHM": "P63/mcm","subgroupIndex": 2,"trSubtype": "eu","trType": "k","trm": [ "a:a,b,2c;0,0,1/2","b:a,b,2c" ] },{ "det": 2.0,"i": 14,"subgroup": 194,"subgroupHM": "P63/mmc","subgroupIndex": 2,"trSubtype": "eu","trType": "k","trm": [ "a:a,b,2c;0,0,1/2","b:a,b,2c" ] } ] }