{ "created": "Thu Oct 10 11:53:44 CDT 2024","hm": "I41cd","nSettings": 4,"nSubgroups": 4,"sg": 110,"subgroups": [ { "det": 2.0,"hm": "Fdd2","i": 1,"n": 1,"sg": 43,"subgroupIndex": 2,"trSubtype": "","trType": "t","trms": [ { "conjClass": "a","trm": "a-b,a+b,c" } ] },{ "det": 1.0,"hm": "Iba2","i": 2,"n": 1,"sg": 45,"subgroupIndex": 2,"trSubtype": "","trType": "t","trms": [ { "conjClass": "a","trm": "a,b,c" } ] },{ "det": 1.0,"hm": "I41","i": 3,"n": 1,"sg": 80,"subgroupIndex": 2,"trSubtype": "","trType": "t","trms": [ { "conjClass": "a","trm": "a,b,c" } ] },{ "det": 1.0,"hm": "I41cd","i": 4,"n": 1,"sg": 110,"subgroupIndex": 3,"trSubtype": "eu","trType": "k","trms": [ { "conjClass": "a","trm": "a,b,c;1/2,0,0" } ] } ] }