{ "HM": "P3221","created": "Tue Apr 09 11:04:42 CDT 2024","nSettings": 11,"nSubgroups": 5,"sg": 154,"subgroups": [ { "det": 2.0,"i": 1,"subgroup": 5,"subgroupHM": "C2","subgroupIndex": 3,"trSubtype": "","trType": "t","trm": [ "a:-a+b,-a-b,c","a:2a+b,b,c;0,0,1/3","a:-a-2b,a,c;0,0,2/3" ] },{ "det": 1.0,"i": 2,"subgroup": 145,"subgroupHM": "P32","subgroupIndex": 2,"trSubtype": "","trType": "t","trm": [ "a:a,b,c" ] },{ "det": 2.0,"i": 3,"subgroup": 152,"subgroupHM": "P3121","subgroupIndex": 2,"trSubtype": "eu","trType": "k","trm": [ "a:a,b,2c;0,0,1/2","b:a,b,2c" ] },{ "det": 3.0,"i": 4,"subgroup": 153,"subgroupHM": "P3212","subgroupIndex": 3,"trSubtype": "eu","trType": "k","trm": [ "a:a-b,a+2b,c;0,0,1/6" ] },{ "det": 4.0,"i": 5,"subgroup": 154,"subgroupHM": "P3221","subgroupIndex": 4,"trSubtype": "eu","trType": "k","trm": [ "a:2a,2b,c","a:2a,2b,c;1,0,0","a:2a,2b,c;0,1,0","a:2a,2b,c;1,1,0" ] } ] }