{ "created": "Thu Oct 10 11:54:10 CDT 2024","hm": "Im-3","nSettings": 8,"nSubgroups": 5,"sg": 204,"subgroups": [ { "det": 1.0,"hm": "Immm","i": 1,"n": 1,"sg": 71,"subgroupIndex": 3,"trSubtype": "","trType": "t","trms": [ { "conjClass": "a","trm": "a,b,c" } ] },{ "det": 1.5,"hm": "R-3","i": 2,"n": 4,"sg": 148,"subgroupIndex": 4,"trSubtype": "","trType": "t","trms": [ { "conjClass": "a","trm": "-a+b,-b+c,1/2a+1/2b+1/2c" },{ "conjClass": "a","trm": "a+b,-b-c,-1/2a+1/2b-1/2c" },{ "conjClass": "a","trm": "-a-b,b-c,1/2a-1/2b-1/2c" },{ "conjClass": "a","trm": "a-b,b+c,-1/2a-1/2b+1/2c" } ] },{ "det": 1.0,"hm": "I23","i": 3,"n": 1,"sg": 197,"subgroupIndex": 2,"trSubtype": "","trType": "t","trms": [ { "conjClass": "a","trm": "a,b,c" } ] },{ "det": 1.0,"hm": "Pm-3","i": 4,"n": 1,"sg": 200,"subgroupIndex": 2,"trSubtype": "ct","trType": "k","trms": [ { "conjClass": "a","trm": "a,b,c" } ] },{ "det": 1.0,"hm": "Pn-3","i": 5,"n": 1,"sg": 201,"subgroupIndex": 2,"trSubtype": "ct","trType": "k","trms": [ { "conjClass": "a","trm": "a,b,c;1/4,1/4,1/4" } ] } ] }