{ "HM": "P43","created": "Tue Apr 09 11:04:11 CDT 2024","nSettings": 4,"nSubgroups": 3,"sg": 78,"subgroups": [ { "det": 1.0,"i": 1,"subgroup": 4,"subgroupHM": "P21","subgroupIndex": 2,"trSubtype": "","trType": "t","trm": [ "a:b,c,a" ] },{ "det": 3.0,"i": 2,"subgroup": 76,"subgroupHM": "P41","subgroupIndex": 3,"trSubtype": "eu","trType": "k","trm": [ "a:a,b,3c" ] },{ "det": 2.0,"i": 3,"subgroup": 78,"subgroupHM": "P43","subgroupIndex": 2,"trSubtype": "eu","trType": "k","trm": [ "a:a-b,a+b,c;1/2,1/2,0","b:a-b,a+b,c" ] } ] }