{ "created": "Thu Oct 10 11:53:26 CDT 2024","hm": "C2/c","nSettings": 22,"nSubgroups": 6,"sg": 15,"subgroups": [ { "det": 0.5,"hm": "P-1","i": 1,"n": 1,"sg": 2,"subgroupIndex": 2,"trSubtype": "","trType": "t","trms": [ { "conjClass": "a","trm": "1/2a-1/2b,1/2a+1/2b,c" } ] },{ "det": 1.0,"hm": "C2","i": 2,"n": 1,"sg": 5,"subgroupIndex": 2,"trSubtype": "","trType": "t","trms": [ { "conjClass": "a","trm": "a,b,c;0,0,1/4" } ] },{ "det": 1.0,"hm": "Cc","i": 3,"n": 1,"sg": 9,"subgroupIndex": 2,"trSubtype": "","trType": "t","trms": [ { "conjClass": "a","trm": "a,b,c" } ] },{ "det": 1.0,"hm": "P2/c","i": 4,"n": 2,"sg": 13,"subgroupIndex": 2,"trSubtype": "ct","trType": "k","trms": [ { "conjClass": "a","trm": "c,b,-a-c;1/4,1/4,0" },{ "conjClass": "b","trm": "a,b,c" } ] },{ "det": 1.0,"hm": "P21/c","i": 5,"n": 2,"sg": 14,"subgroupIndex": 2,"trSubtype": "ct","trType": "k","trms": [ { "conjClass": "a","trm": "a,b,c;1/4,1/4,0" },{ "conjClass": "b","trm": "c,b,-a-c" } ] },{ "det": 1.0,"hm": "C2/c","i": 6,"n": 15,"sg": 15,"subgroupIndex": 3,"trSubtype": "eu","trType": "k","trms": [ { "conjClass": "a","trm": "a,b,c" },{ "conjClass": "a","trm": "a,b,c;1,0,0" },{ "conjClass": "a","trm": "a,b,c;2,0,0" },{ "conjClass": "b","trm": "a-c,b,c" },{ "conjClass": "b","trm": "a-c,b,c;0,0,1" },{ "conjClass": "b","trm": "a-c,b,c;0,0,2" },{ "conjClass": "c","trm": "a-c,b,c" },{ "conjClass": "c","trm": "a-c,b,c;0,0,1" },{ "conjClass": "c","trm": "a-c,b,c;0,0,2" },{ "conjClass": "d","trm": "a,b,c" },{ "conjClass": "d","trm": "a,b,c;0,0,1" },{ "conjClass": "d","trm": "a,b,c;0,0,2" },{ "conjClass": "e","trm": "a,b,c" },{ "conjClass": "e","trm": "a,b,c;0,1,0" },{ "conjClass": "e","trm": "a,b,c;0,2,0" } ] } ] }