{ "HM": "I4/mmm","created": "Tue Apr 09 11:04:34 CDT 2024","nSettings": 18,"nSubgroups": 16,"sg": 139,"subgroups": [ { "det": 2.0,"i": 1,"subgroup": 69,"subgroupHM": "Fmmm","subgroupIndex": 2,"trSubtype": "","trType": "t","trm": [ "a:a-b,a+b,c" ] },{ "det": 1.0,"i": 2,"subgroup": 71,"subgroupHM": "Immm","subgroupIndex": 2,"trSubtype": "","trType": "t","trm": [ "a:a,b,c" ] },{ "det": 1.0,"i": 3,"subgroup": 87,"subgroupHM": "I4/m","subgroupIndex": 2,"trSubtype": "","trType": "t","trm": [ "a:a,b,c" ] },{ "det": 1.0,"i": 4,"subgroup": 97,"subgroupHM": "I422","subgroupIndex": 2,"trSubtype": "","trType": "t","trm": [ "a:a,b,c" ] },{ "det": 1.0,"i": 5,"subgroup": 107,"subgroupHM": "I4mm","subgroupIndex": 2,"trSubtype": "","trType": "t","trm": [ "a:a,b,c" ] },{ "det": 1.0,"i": 6,"subgroup": 119,"subgroupHM": "I-4m2","subgroupIndex": 2,"trSubtype": "","trType": "t","trm": [ "a:a,b,c" ] },{ "det": 1.0,"i": 7,"subgroup": 121,"subgroupHM": "I-42m","subgroupIndex": 2,"trSubtype": "","trType": "t","trm": [ "a:a,b,c" ] },{ "det": 1.0,"i": 8,"subgroup": 123,"subgroupHM": "P4/mmm","subgroupIndex": 2,"trSubtype": "ct","trType": "k","trm": [ "a:a,b,c" ] },{ "det": 1.0,"i": 9,"subgroup": 126,"subgroupHM": "P4/nnc","subgroupIndex": 2,"trSubtype": "ct","trType": "k","trm": [ "a:a,b,c;1/4,1/4,1/4" ] },{ "det": 1.0,"i": 10,"subgroup": 128,"subgroupHM": "P4/mnc","subgroupIndex": 2,"trSubtype": "ct","trType": "k","trm": [ "a:a,b,c" ] },{ "det": 1.0,"i": 11,"subgroup": 129,"subgroupHM": "P4/nmm","subgroupIndex": 2,"trSubtype": "ct","trType": "k","trm": [ "a:a,b,c;1/4,1/4,1/4" ] },{ "det": 1.0,"i": 12,"subgroup": 131,"subgroupHM": "P42/mmc","subgroupIndex": 2,"trSubtype": "ct","trType": "k","trm": [ "a:a,b,c;0,1/2,0" ] },{ "det": 1.0,"i": 13,"subgroup": 134,"subgroupHM": "P42/nnm","subgroupIndex": 2,"trSubtype": "ct","trType": "k","trm": [ "a:a,b,c;1/4,3/4,1/4" ] },{ "det": 1.0,"i": 14,"subgroup": 136,"subgroupHM": "P42/mnm","subgroupIndex": 2,"trSubtype": "ct","trType": "k","trm": [ "a:a,b,c" ] },{ "det": 1.0,"i": 15,"subgroup": 137,"subgroupHM": "P42/nmc","subgroupIndex": 2,"trSubtype": "ct","trType": "k","trm": [ "a:a,b,c;1/4,3/4,1/4" ] },{ "det": 3.0,"i": 16,"subgroup": 139,"subgroupHM": "I4/mmm","subgroupIndex": 3,"trSubtype": "eu","trType": "k","trm": [ "a:a,b,3c","a:a,b,3c;0,0,1","a:a,b,3c;0,0,2" ] } ] }