{ "HM": "P23","created": "Tue Apr 09 11:05:01 CDT 2024","nSettings": 22,"nSubgroups": 5,"sg": 195,"subgroups": [ { "det": 1.0,"i": 1,"subgroup": 16,"subgroupHM": "P222","subgroupIndex": 3,"trSubtype": "","trType": "t","trm": [ "a:a,b,c" ] },{ "det": 3.0,"i": 2,"subgroup": 146,"subgroupHM": "R3","subgroupIndex": 4,"trSubtype": "","trType": "t","trm": [ "a:a-b,b-c,a+b+c","a:-a-b,b+c,-a+b-c","a:a+b,-b+c,a-b-c","a:-a+b,-b-c,-a-b+c" ] },{ "det": 8.0,"i": 3,"subgroup": 196,"subgroupHM": "F23","subgroupIndex": 2,"trSubtype": "eu","trType": "k","trm": [ "a:2a,2b,2c" ] },{ "det": 8.0,"i": 4,"subgroup": 197,"subgroupHM": "I23","subgroupIndex": 4,"trSubtype": "eu","trType": "k","trm": [ "a:2a,2b,2c;1/2,1/2,1/2","a:2a,2b,2c;3/2,1/2,1/2","a:2a,2b,2c;1/2,3/2,1/2","a:2a,2b,2c;1/2,1/2,3/2","b:2a,2b,2c","b:2a,2b,2c;1,0,0","b:2a,2b,2c;0,1,0","b:2a,2b,2c;0,0,1" ] },{ "det": 8.0,"i": 5,"subgroup": 199,"subgroupHM": "I213","subgroupIndex": 4,"trSubtype": "eu","trType": "k","trm": [ "a:2a,2b,2c;1/2,1/2,1/2","a:2a,2b,2c;3/2,1/2,1/2","a:2a,2b,2c;1/2,3/2,1/2","a:2a,2b,2c;1/2,1/2,3/2","b:2a,2b,2c","b:2a,2b,2c;1,0,0","b:2a,2b,2c;0,1,0","b:2a,2b,2c;0,0,1" ] } ] }