{ "created": "Thu Oct 10 11:53:25 CDT 2024","hm": "Pm","nSettings": 22,"nSubgroups": 5,"sg": 6,"subgroups": [ { "det": 1.0,"hm": "P1","i": 1,"n": 1,"sg": 1,"subgroupIndex": 2,"trSubtype": "","trType": "t","trms": [ { "conjClass": "a","trm": "a,b,c" } ] },{ "det": 1.0,"hm": "Pm","i": 2,"n": 5,"sg": 6,"subgroupIndex": 2,"trSubtype": "eu","trType": "k","trms": [ { "conjClass": "a","trm": "a-c,b,c" },{ "conjClass": "b","trm": "a,b,c" },{ "conjClass": "c","trm": "a,b,c" },{ "conjClass": "d","trm": "a,b,c;0,1/2,0" },{ "conjClass": "e","trm": "a,b,c" } ] },{ "det": 1.0,"hm": "Pm","i": 3,"n": 7,"sg": 6,"subgroupIndex": 3,"trSubtype": "eu","trType": "k","trms": [ { "conjClass": "a","trm": "a,b,c" },{ "conjClass": "a","trm": "a,b,c;0,1,0" },{ "conjClass": "a","trm": "a,b,c;0,2,0" },{ "conjClass": "b","trm": "a-c,b,c" },{ "conjClass": "c","trm": "a,b,c" },{ "conjClass": "d","trm": "a,b,c" },{ "conjClass": "e","trm": "a-c,b,c" } ] },{ "det": 1.0,"hm": "Pc","i": 4,"n": 3,"sg": 7,"subgroupIndex": 2,"trSubtype": "eu","trType": "k","trms": [ { "conjClass": "a","trm": "a-c,b,c" },{ "conjClass": "b","trm": "-a-c,b,a" },{ "conjClass": "c","trm": "a,b,c" } ] },{ "det": 1.0,"hm": "Cm","i": 5,"n": 6,"sg": 8,"subgroupIndex": 2,"trSubtype": "eu","trType": "k","trms": [ { "conjClass": "a","trm": "a,b,-a+c;0,1/2,0" },{ "conjClass": "b","trm": "a,b,-a+c" },{ "conjClass": "c","trm": "c,b,-a-c;0,1/2,0" },{ "conjClass": "d","trm": "c,b,-a-c" },{ "conjClass": "e","trm": "a,b,c;0,1/2,0" },{ "conjClass": "f","trm": "a,b,c" } ] } ] }