{ "HM": "R3m","created": "Tue Apr 09 11:04:44 CDT 2024","nSettings": 11,"nSubgroups": 6,"sg": 160,"subgroups": [ { "det": 0.6666666666666666,"i": 1,"subgroup": 8,"subgroupHM": "Cm","subgroupIndex": 3,"trSubtype": "","trType": "t","trm": [ "a:-1/3a+1/3b-2/3c,-a-b,c","a:-1/3a-2/3b-2/3c,a,c","a:2/3a+1/3b-2/3c,b,c" ] },{ "det": 1.0,"i": 2,"subgroup": 146,"subgroupHM": "R3","subgroupIndex": 2,"trSubtype": "","trType": "t","trm": [ "a:a,b,c" ] },{ "det": 1.0,"i": 3,"subgroup": 156,"subgroupHM": "P3m1","subgroupIndex": 3,"trSubtype": "ct","trType": "k","trm": [ "a:a,b,c" ] },{ "det": 2.0,"i": 4,"subgroup": 160,"subgroupHM": "R3m","subgroupIndex": 2,"trSubtype": "eu","trType": "k","trm": [ "a:-b,a+b,2c" ] },{ "det": 4.0,"i": 5,"subgroup": 160,"subgroupHM": "R3m","subgroupIndex": 4,"trSubtype": "eu","trType": "k","trm": [ "a:-2b,2a+2b,c","a:-2b,2a+2b,c;1,0,0","a:-2b,2a+2b,c;0,1,0","a:-2b,2a+2b,c;1,1,0" ] },{ "det": 2.0,"i": 6,"subgroup": 161,"subgroupHM": "R3c","subgroupIndex": 2,"trSubtype": "eu","trType": "k","trm": [ "a:-b,a+b,2c" ] } ] }