{ "HM": "I213","created": "Tue Apr 09 11:05:02 CDT 2024","nSettings": 6,"nSubgroups": 3,"sg": 199,"subgroups": [ { "det": 1.0,"i": 1,"subgroup": 24,"subgroupHM": "I212121","subgroupIndex": 3,"trSubtype": "","trType": "t","trm": [ "a:a,b,c" ] },{ "det": 1.5,"i": 2,"subgroup": 146,"subgroupHM": "R3","subgroupIndex": 4,"trSubtype": "","trType": "t","trm": [ "a:-a+b,-b+c,1/2a+1/2b+1/2c","a:a+b,-b-c,-1/2a+1/2b-1/2c;0,1/2,1/2","a:-a-b,b-c,1/2a-1/2b-1/2c;1/2,1/2,0","a:a-b,b+c,-1/2a-1/2b+1/2c;1/2,0,1/2" ] },{ "det": 1.0,"i": 3,"subgroup": 198,"subgroupHM": "P213","subgroupIndex": 2,"trSubtype": "ct","trType": "k","trm": [ "a:a,b,c" ] } ] }