{ "created": "Thu Oct 10 11:53:48 CDT 2024","hm": "P4/mcc","nSettings": 18,"nSubgroups": 12,"sg": 124,"subgroups": [ { "det": 1.0,"hm": "Pccm","i": 1,"n": 1,"sg": 49,"subgroupIndex": 2,"trSubtype": "","trType": "t","trms": [ { "conjClass": "a","trm": "a,b,c" } ] },{ "det": 2.0,"hm": "Cccm","i": 2,"n": 1,"sg": 66,"subgroupIndex": 2,"trSubtype": "","trType": "t","trms": [ { "conjClass": "a","trm": "a-b,a+b,c" } ] },{ "det": 1.0,"hm": "P4/m","i": 3,"n": 1,"sg": 83,"subgroupIndex": 2,"trSubtype": "","trType": "t","trms": [ { "conjClass": "a","trm": "a,b,c" } ] },{ "det": 1.0,"hm": "P422","i": 4,"n": 1,"sg": 89,"subgroupIndex": 2,"trSubtype": "","trType": "t","trms": [ { "conjClass": "a","trm": "a,b,c;0,0,1/4" } ] },{ "det": 1.0,"hm": "P4cc","i": 5,"n": 1,"sg": 103,"subgroupIndex": 2,"trSubtype": "","trType": "t","trms": [ { "conjClass": "a","trm": "a,b,c" } ] },{ "det": 1.0,"hm": "P-42c","i": 6,"n": 1,"sg": 112,"subgroupIndex": 2,"trSubtype": "","trType": "t","trms": [ { "conjClass": "a","trm": "a,b,c" } ] },{ "det": 1.0,"hm": "P-4c2","i": 7,"n": 1,"sg": 116,"subgroupIndex": 2,"trSubtype": "","trType": "t","trms": [ { "conjClass": "a","trm": "a,b,c" } ] },{ "det": 2.0,"hm": "P4/mcc","i": 8,"n": 2,"sg": 124,"subgroupIndex": 2,"trSubtype": "eu","trType": "k","trms": [ { "conjClass": "a","trm": "a-b,a+b,c;1/2,1/2,0" },{ "conjClass": "b","trm": "a-b,a+b,c" } ] },{ "det": 1.0,"hm": "P4/mcc","i": 9,"n": 3,"sg": 124,"subgroupIndex": 3,"trSubtype": "eu","trType": "k","trms": [ { "conjClass": "a","trm": "a,b,c" },{ "conjClass": "a","trm": "a,b,c;0,0,1" },{ "conjClass": "a","trm": "a,b,c;0,0,2" } ] },{ "det": 2.0,"hm": "P4/nnc","i": 10,"n": 2,"sg": 126,"subgroupIndex": 2,"trSubtype": "eu","trType": "k","trms": [ { "conjClass": "a","trm": "a-b,a+b,c;0,1/2,0" },{ "conjClass": "b","trm": "a-b,a+b,c;1/2,0,0" } ] },{ "det": 2.0,"hm": "P4/mnc","i": 11,"n": 2,"sg": 128,"subgroupIndex": 2,"trSubtype": "eu","trType": "k","trms": [ { "conjClass": "a","trm": "a-b,a+b,c;1/2,1/2,0" },{ "conjClass": "b","trm": "a-b,a+b,c" } ] },{ "det": 2.0,"hm": "P4/ncc","i": 12,"n": 2,"sg": 130,"subgroupIndex": 2,"trSubtype": "eu","trType": "k","trms": [ { "conjClass": "a","trm": "a-b,a+b,c;0,1/2,0" },{ "conjClass": "b","trm": "a-b,a+b,c;1/2,0,0" } ] } ] }