{ "created": "Thu Oct 10 11:53:29 CDT 2024","hm": "Aea2","nSettings": 14,"nSubgroups": 8,"sg": 41,"subgroups": [ { "det": 1.0,"hm": "C2","i": 1,"n": 1,"sg": 5,"subgroupIndex": 2,"trSubtype": "","trType": "t","trms": [ { "conjClass": "a","trm": "b,c,a" } ] },{ "det": 0.5,"hm": "Pc","i": 2,"n": 1,"sg": 7,"subgroupIndex": 2,"trSubtype": "","trType": "t","trms": [ { "conjClass": "a","trm": "-1/2b+1/2c,a,b;1/4,0,0" } ] },{ "det": 1.0,"hm": "Cc","i": 3,"n": 1,"sg": 9,"subgroupIndex": 2,"trSubtype": "","trType": "t","trms": [ { "conjClass": "a","trm": "c,b,-a;0,1/4,0" } ] },{ "det": 1.0,"hm": "Pca21","i": 4,"n": 1,"sg": 29,"subgroupIndex": 2,"trSubtype": "ct","trType": "k","trms": [ { "conjClass": "a","trm": "a,b,c;0,1/4,0" } ] },{ "det": 1.0,"hm": "Pnc2","i": 5,"n": 1,"sg": 30,"subgroupIndex": 2,"trSubtype": "ct","trType": "k","trms": [ { "conjClass": "a","trm": "-b,a,c" } ] },{ "det": 1.0,"hm": "Pba2","i": 6,"n": 1,"sg": 32,"subgroupIndex": 2,"trSubtype": "ct","trType": "k","trms": [ { "conjClass": "a","trm": "a,b,c" } ] },{ "det": 1.0,"hm": "Pna21","i": 7,"n": 1,"sg": 33,"subgroupIndex": 2,"trSubtype": "ct","trType": "k","trms": [ { "conjClass": "a","trm": "-b,a,c;0,1/4,0" } ] },{ "det": 1.0,"hm": "Aea2","i": 8,"n": 7,"sg": 41,"subgroupIndex": 3,"trSubtype": "eu","trType": "k","trms": [ { "conjClass": "a","trm": "a,b,c" },{ "conjClass": "a","trm": "a,b,c;0,1,0" },{ "conjClass": "a","trm": "a,b,c;0,2,0" },{ "conjClass": "b","trm": "a,b,c" },{ "conjClass": "b","trm": "a,b,c;1,0,0" },{ "conjClass": "b","trm": "a,b,c;2,0,0" },{ "conjClass": "c","trm": "a,b,c" } ] } ] }