{ "created": "Thu Oct 10 11:53:30 CDT 2024","hm": "Imm2","nSettings": 14,"nSubgroups": 6,"sg": 44,"subgroups": [ { "det": 1.0,"hm": "C2","i": 1,"n": 1,"sg": 5,"subgroupIndex": 2,"trSubtype": "","trType": "t","trms": [ { "conjClass": "a","trm": "-a-b,c,b" } ] },{ "det": 1.0,"hm": "Cm","i": 2,"n": 2,"sg": 8,"subgroupIndex": 2,"trSubtype": "","trType": "t","trms": [ { "conjClass": "a","trm": "-b-c,a,c" },{ "conjClass": "b","trm": "-a-c,b,a" } ] },{ "det": 1.0,"hm": "Pmm2","i": 3,"n": 1,"sg": 25,"subgroupIndex": 2,"trSubtype": "ct","trType": "k","trms": [ { "conjClass": "a","trm": "a,b,c" } ] },{ "det": 1.0,"hm": "Pmn21","i": 4,"n": 2,"sg": 31,"subgroupIndex": 2,"trSubtype": "ct","trType": "k","trms": [ { "conjClass": "a","trm": "a,b,c;0,1/4,0" },{ "conjClass": "b","trm": "-b,a,c;1/4,0,0" } ] },{ "det": 1.0,"hm": "Pnn2","i": 5,"n": 1,"sg": 34,"subgroupIndex": 2,"trSubtype": "ct","trType": "k","trms": [ { "conjClass": "a","trm": "a,b,c" } ] },{ "det": 1.0,"hm": "Imm2","i": 6,"n": 7,"sg": 44,"subgroupIndex": 3,"trSubtype": "eu","trType": "k","trms": [ { "conjClass": "a","trm": "a,b,c" },{ "conjClass": "a","trm": "a,b,c;0,1,0" },{ "conjClass": "a","trm": "a,b,c;0,2,0" },{ "conjClass": "b","trm": "a,b,c" },{ "conjClass": "b","trm": "a,b,c;1,0,0" },{ "conjClass": "b","trm": "a,b,c;2,0,0" },{ "conjClass": "c","trm": "a,b,c" } ] } ] }