{ "HM": "Fmm2","created": "Tue Apr 09 11:03:56 CDT 2024","nSettings": 22,"nSubgroups": 10,"sg": 42,"subgroups": [ { "det": 0.5,"i": 1,"subgroup": 5,"subgroupHM": "C2","subgroupIndex": 2,"trSubtype": "","trType": "t","trm": [ "a:b,c,1/2a-1/2b" ] },{ "det": 0.5,"i": 2,"subgroup": 8,"subgroupHM": "Cm","subgroupIndex": 2,"trSubtype": "","trType": "t","trm": [ "a:c,a,1/2b-1/2c","b:a,b,-1/2a+1/2c" ] },{ "det": 1.0,"i": 3,"subgroup": 35,"subgroupHM": "Cmm2","subgroupIndex": 2,"trSubtype": "ct","trType": "k","trm": [ "a:a,b,c" ] },{ "det": 1.0,"i": 4,"subgroup": 36,"subgroupHM": "Cmc21","subgroupIndex": 2,"trSubtype": "ct","trType": "k","trm": [ "a:a,b,c;0,1/4,0","b:-b,a,c;1/4,0,0" ] },{ "det": 1.0,"i": 5,"subgroup": 37,"subgroupHM": "Ccc2","subgroupIndex": 2,"trSubtype": "ct","trType": "k","trm": [ "a:a,b,c;1/4,1/4,0" ] },{ "det": 1.0,"i": 6,"subgroup": 38,"subgroupHM": "Amm2","subgroupIndex": 2,"trSubtype": "ct","trType": "k","trm": [ "a:-b,a,c","b:a,b,c" ] },{ "det": 1.0,"i": 7,"subgroup": 39,"subgroupHM": "Aem2","subgroupIndex": 2,"trSubtype": "ct","trType": "k","trm": [ "a:a,b,c;1/4,1/4,0","b:-b,a,c;1/4,1/4,0" ] },{ "det": 1.0,"i": 8,"subgroup": 40,"subgroupHM": "Ama2","subgroupIndex": 2,"trSubtype": "ct","trType": "k","trm": [ "a:-b,a,c;1/4,1/4,0","b:a,b,c;1/4,1/4,0" ] },{ "det": 1.0,"i": 9,"subgroup": 41,"subgroupHM": "Aea2","subgroupIndex": 2,"trSubtype": "ct","trType": "k","trm": [ "a:-b,a,c","b:a,b,c" ] },{ "det": 3.0,"i": 10,"subgroup": 42,"subgroupHM": "Fmm2","subgroupIndex": 3,"trSubtype": "eu","trType": "k","trm": [ "a:a,3b,c","a:a,3b,c;0,1,0","a:a,3b,c;0,2,0","b:3a,b,c","b:3a,b,c;1,0,0","b:3a,b,c;2,0,0","c:a,b,3c" ] } ] }