{ "created": "Thu Oct 10 11:53:31 CDT 2024","hm": "Pnna","nSettings": 16,"nSubgroups": 7,"sg": 52,"subgroups": [ { "det": 1.0,"hm": "P2/c","i": 1,"n": 2,"sg": 13,"subgroupIndex": 2,"trSubtype": "","trType": "t","trms": [ { "conjClass": "a","trm": "-b,a,b+c" },{ "conjClass": "b","trm": "b,c,a" } ] },{ "det": 1.0,"hm": "P21/c","i": 2,"n": 1,"sg": 14,"subgroupIndex": 2,"trSubtype": "","trType": "t","trms": [ { "conjClass": "a","trm": "c,b,-a-c" } ] },{ "det": 1.0,"hm": "P2221","i": 3,"n": 1,"sg": 17,"subgroupIndex": 2,"trSubtype": "","trType": "t","trms": [ { "conjClass": "a","trm": "c,a,b;1/4,0,1/4" } ] },{ "det": 1.0,"hm": "Pnc2","i": 4,"n": 1,"sg": 30,"subgroupIndex": 2,"trSubtype": "","trType": "t","trms": [ { "conjClass": "a","trm": "b,c,a;0,1/4,1/4" } ] },{ "det": 1.0,"hm": "Pna21","i": 5,"n": 1,"sg": 33,"subgroupIndex": 2,"trSubtype": "","trType": "t","trms": [ { "conjClass": "a","trm": "a,-c,b;1/4,0,1/4" } ] },{ "det": 1.0,"hm": "Pnn2","i": 6,"n": 1,"sg": 34,"subgroupIndex": 2,"trSubtype": "","trType": "t","trms": [ { "conjClass": "a","trm": "a,b,c;1/4,0,0" } ] },{ "det": 1.0,"hm": "Pnna","i": 7,"n": 9,"sg": 52,"subgroupIndex": 3,"trSubtype": "eu","trType": "k","trms": [ { "conjClass": "a","trm": "a,b,c" },{ "conjClass": "a","trm": "a,b,c;0,0,1" },{ "conjClass": "a","trm": "a,b,c;0,0,2" },{ "conjClass": "b","trm": "a,b,c" },{ "conjClass": "b","trm": "a,b,c;0,1,0" },{ "conjClass": "b","trm": "a,b,c;0,2,0" },{ "conjClass": "c","trm": "a,b,c" },{ "conjClass": "c","trm": "a,b,c;1,0,0" },{ "conjClass": "c","trm": "a,b,c;2,0,0" } ] } ] }