{ "created": "Thu Oct 10 11:54:14 CDT 2024","hm": "Fm-3c","nSettings": 18,"nSubgroups": 7,"sg": 226,"subgroups": [ { "det": 0.5,"hm": "I4/mcm","i": 1,"n": 3,"sg": 140,"subgroupIndex": 3,"trSubtype": "","trType": "t","trms": [ { "conjClass": "a","trm": "1/2a-1/2b,1/2a+1/2b,c;1/4,1/4,0" },{ "conjClass": "a","trm": "1/2b-1/2c,1/2b+1/2c,a;0,1/4,1/4" },{ "conjClass": "a","trm": "-1/2a+1/2c,1/2a+1/2c,b;1/4,0,1/4" } ] },{ "det": 0.75,"hm": "R-3c","i": 2,"n": 4,"sg": 167,"subgroupIndex": 4,"trSubtype": "","trType": "t","trms": [ { "conjClass": "a","trm": "-1/2a+1/2b,-1/2b+1/2c,a+b+c" },{ "conjClass": "a","trm": "1/2a+1/2b,-1/2b-1/2c,-a+b-c" },{ "conjClass": "a","trm": "-1/2a-1/2b,1/2b-1/2c,a-b-c" },{ "conjClass": "a","trm": "1/2a-1/2b,1/2b+1/2c,-a-b+c" } ] },{ "det": 1.0,"hm": "Fm-3","i": 3,"n": 1,"sg": 202,"subgroupIndex": 2,"trSubtype": "","trType": "t","trms": [ { "conjClass": "a","trm": "a,b,c" } ] },{ "det": 1.0,"hm": "F432","i": 4,"n": 1,"sg": 209,"subgroupIndex": 2,"trSubtype": "","trType": "t","trms": [ { "conjClass": "a","trm": "a,b,c;1/4,1/4,1/4" } ] },{ "det": 1.0,"hm": "F-43c","i": 5,"n": 1,"sg": 219,"subgroupIndex": 2,"trSubtype": "","trType": "t","trms": [ { "conjClass": "a","trm": "a,b,c" } ] },{ "det": 1.0,"hm": "Pn-3n","i": 6,"n": 4,"sg": 222,"subgroupIndex": 4,"trSubtype": "ct","trType": "k","trms": [ { "conjClass": "a","trm": "a,b,c" },{ "conjClass": "a","trm": "a,b,c;1/2,0,1/2" },{ "conjClass": "a","trm": "a,b,c;0,1/2,1/2" },{ "conjClass": "a","trm": "a,b,c;1/2,1/2,0" } ] },{ "det": 1.0,"hm": "Pm-3n","i": 7,"n": 4,"sg": 223,"subgroupIndex": 4,"trSubtype": "ct","trType": "k","trms": [ { "conjClass": "a","trm": "a,b,c" },{ "conjClass": "a","trm": "a,b,c;1/2,1/2,0" },{ "conjClass": "a","trm": "a,b,c;0,1/2,1/2" },{ "conjClass": "a","trm": "a,b,c;1/2,0,1/2" } ] } ] }