{ "created": "Thu Oct 10 11:53:25 CDT 2024","hm": "Pc","nSettings": 14,"nSubgroups": 4,"sg": 7,"subgroups": [ { "det": 1.0,"hm": "P1","i": 1,"n": 1,"sg": 1,"subgroupIndex": 2,"trSubtype": "","trType": "t","trms": [ { "conjClass": "a","trm": "a,b,c" } ] },{ "det": 1.0,"hm": "Pc","i": 2,"n": 4,"sg": 7,"subgroupIndex": 2,"trSubtype": "eu","trType": "k","trms": [ { "conjClass": "a","trm": "a,b,-a+c" },{ "conjClass": "b","trm": "a,b,c" },{ "conjClass": "c","trm": "a,b,c;0,1/2,0" },{ "conjClass": "d","trm": "a,b,c" } ] },{ "det": 1.0,"hm": "Pc","i": 3,"n": 7,"sg": 7,"subgroupIndex": 3,"trSubtype": "eu","trType": "k","trms": [ { "conjClass": "a","trm": "a,b,c" },{ "conjClass": "a","trm": "a,b,c;0,1,0" },{ "conjClass": "a","trm": "a,b,c;0,2,0" },{ "conjClass": "b","trm": "a,b,-a+c" },{ "conjClass": "c","trm": "a,b,c" },{ "conjClass": "d","trm": "a,b,c" },{ "conjClass": "e","trm": "a,b,-a+c" } ] },{ "det": 1.0,"hm": "Cc","i": 4,"n": 2,"sg": 9,"subgroupIndex": 2,"trSubtype": "eu","trType": "k","trms": [ { "conjClass": "a","trm": "a,b,c;0,1/2,0" },{ "conjClass": "b","trm": "a,b,c" } ] } ] }