{ "created": "Thu Oct 10 11:53:31 CDT 2024","hm": "Pccm","nSettings": 40,"nSubgroups": 12,"sg": 49,"subgroups": [ { "det": 1.0,"hm": "P2/m","i": 1,"n": 1,"sg": 10,"subgroupIndex": 2,"trSubtype": "","trType": "t","trms": [ { "conjClass": "a","trm": "b,c,a" } ] },{ "det": 1.0,"hm": "P2/c","i": 2,"n": 2,"sg": 13,"subgroupIndex": 2,"trSubtype": "","trType": "t","trms": [ { "conjClass": "a","trm": "-b,a,c" },{ "conjClass": "b","trm": "a,b,c" } ] },{ "det": 1.0,"hm": "P222","i": 3,"n": 1,"sg": 16,"subgroupIndex": 2,"trSubtype": "","trType": "t","trms": [ { "conjClass": "a","trm": "a,b,c;0,0,1/4" } ] },{ "det": 1.0,"hm": "Pcc2","i": 4,"n": 1,"sg": 27,"subgroupIndex": 2,"trSubtype": "","trType": "t","trms": [ { "conjClass": "a","trm": "a,b,c" } ] },{ "det": 1.0,"hm": "Pma2","i": 5,"n": 2,"sg": 28,"subgroupIndex": 2,"trSubtype": "","trType": "t","trms": [ { "conjClass": "a","trm": "c,b,-a;0,0,1/4" },{ "conjClass": "b","trm": "c,a,b;0,0,1/4" } ] },{ "det": 1.0,"hm": "Pccm","i": 6,"n": 4,"sg": 49,"subgroupIndex": 2,"trSubtype": "eu","trType": "k","trms": [ { "conjClass": "a","trm": "a,b,c;0,1/2,0" },{ "conjClass": "b","trm": "a,b,c" },{ "conjClass": "c","trm": "a,b,c;1/2,0,0" },{ "conjClass": "d","trm": "a,b,c" } ] },{ "det": 1.0,"hm": "Pccm","i": 7,"n": 9,"sg": 49,"subgroupIndex": 3,"trSubtype": "eu","trType": "k","trms": [ { "conjClass": "a","trm": "a,b,c" },{ "conjClass": "a","trm": "a,b,c;0,0,1" },{ "conjClass": "a","trm": "a,b,c;0,0,2" },{ "conjClass": "b","trm": "a,b,c" },{ "conjClass": "b","trm": "a,b,c;0,1,0" },{ "conjClass": "b","trm": "a,b,c;0,2,0" },{ "conjClass": "c","trm": "a,b,c" },{ "conjClass": "c","trm": "a,b,c;1,0,0" },{ "conjClass": "c","trm": "a,b,c;2,0,0" } ] },{ "det": 1.0,"hm": "Pban","i": 8,"n": 4,"sg": 50,"subgroupIndex": 2,"trSubtype": "eu","trType": "k","trms": [ { "conjClass": "a","trm": "b,c,a;0,1/2,0" },{ "conjClass": "b","trm": "b,c,a" },{ "conjClass": "c","trm": "c,a,b;1/2,0,0" },{ "conjClass": "d","trm": "c,a,b" } ] },{ "det": 1.0,"hm": "Pmna","i": 9,"n": 4,"sg": 53,"subgroupIndex": 2,"trSubtype": "eu","trType": "k","trms": [ { "conjClass": "a","trm": "c,a,b;0,1/2,0" },{ "conjClass": "b","trm": "c,a,b" },{ "conjClass": "c","trm": "c,b,-a;1/2,0,0" },{ "conjClass": "d","trm": "c,b,-a" } ] },{ "det": 1.0,"hm": "Pcca","i": 10,"n": 4,"sg": 54,"subgroupIndex": 2,"trSubtype": "eu","trType": "k","trms": [ { "conjClass": "a","trm": "-b,a,c;0,1/2,0" },{ "conjClass": "b","trm": "-b,a,c" },{ "conjClass": "c","trm": "a,b,c;1/2,0,0" },{ "conjClass": "d","trm": "a,b,c" } ] },{ "det": 1.0,"hm": "Cccm","i": 11,"n": 4,"sg": 66,"subgroupIndex": 2,"trSubtype": "eu","trType": "k","trms": [ { "conjClass": "a","trm": "a,b,c;0,1/2,0" },{ "conjClass": "b","trm": "a,b,c;1/2,1/2,0" },{ "conjClass": "c","trm": "a,b,c;1/2,0,0" },{ "conjClass": "d","trm": "a,b,c" } ] },{ "det": 1.0,"hm": "Ccce","i": 12,"n": 4,"sg": 68,"subgroupIndex": 2,"trSubtype": "eu","trType": "k","trms": [ { "conjClass": "a","trm": "a,b,c;1/2,0,0" },{ "conjClass": "b","trm": "a,b,c;0,1/2,0" },{ "conjClass": "c","trm": "a,b,c;1/2,1/2,0" },{ "conjClass": "d","trm": "a,b,c" } ] } ] }