{ "created": "Thu Oct 10 11:53:34 CDT 2024","hm": "Cmce","nSettings": 24,"nSubgroups": 16,"sg": 64,"subgroups": [ { "det": 1.0,"hm": "C2/m","i": 1,"n": 1,"sg": 12,"subgroupIndex": 2,"trSubtype": "","trType": "t","trms": [ { "conjClass": "a","trm": "-b,a,c" } ] },{ "det": 0.5,"hm": "P21/c","i": 2,"n": 1,"sg": 14,"subgroupIndex": 2,"trSubtype": "","trType": "t","trms": [ { "conjClass": "a","trm": "-1/2a+1/2b,c,a" } ] },{ "det": 1.0,"hm": "C2/c","i": 3,"n": 1,"sg": 15,"subgroupIndex": 2,"trSubtype": "","trType": "t","trms": [ { "conjClass": "a","trm": "a,b,c;1/4,1/4,0" } ] },{ "det": 1.0,"hm": "C2221","i": 4,"n": 1,"sg": 20,"subgroupIndex": 2,"trSubtype": "","trType": "t","trms": [ { "conjClass": "a","trm": "a,b,c;1/4,0,0" } ] },{ "det": 1.0,"hm": "Cmc21","i": 5,"n": 1,"sg": 36,"subgroupIndex": 2,"trSubtype": "","trType": "t","trms": [ { "conjClass": "a","trm": "a,b,c;0,1/4,0" } ] },{ "det": 1.0,"hm": "Aem2","i": 6,"n": 1,"sg": 39,"subgroupIndex": 2,"trSubtype": "","trType": "t","trms": [ { "conjClass": "a","trm": "c,a,b;1/4,0,1/4" } ] },{ "det": 1.0,"hm": "Aea2","i": 7,"n": 1,"sg": 41,"subgroupIndex": 2,"trSubtype": "","trType": "t","trms": [ { "conjClass": "a","trm": "c,b,-a" } ] },{ "det": 1.0,"hm": "Pmna","i": 8,"n": 1,"sg": 53,"subgroupIndex": 2,"trSubtype": "ct","trType": "k","trms": [ { "conjClass": "a","trm": "a,b,c" } ] },{ "det": 1.0,"hm": "Pcca","i": 9,"n": 1,"sg": 54,"subgroupIndex": 2,"trSubtype": "ct","trType": "k","trms": [ { "conjClass": "a","trm": "c,a,b;1/4,1/4,0" } ] },{ "det": 1.0,"hm": "Pbam","i": 10,"n": 1,"sg": 55,"subgroupIndex": 2,"trSubtype": "ct","trType": "k","trms": [ { "conjClass": "a","trm": "b,c,a" } ] },{ "det": 1.0,"hm": "Pccn","i": 11,"n": 1,"sg": 56,"subgroupIndex": 2,"trSubtype": "ct","trType": "k","trms": [ { "conjClass": "a","trm": "c,a,b" } ] },{ "det": 1.0,"hm": "Pbcm","i": 12,"n": 1,"sg": 57,"subgroupIndex": 2,"trSubtype": "ct","trType": "k","trms": [ { "conjClass": "a","trm": "b,c,a;1/4,1/4,0" } ] },{ "det": 1.0,"hm": "Pbcn","i": 13,"n": 1,"sg": 60,"subgroupIndex": 2,"trSubtype": "ct","trType": "k","trms": [ { "conjClass": "a","trm": "c,a,b;1/4,1/4,0" } ] },{ "det": 1.0,"hm": "Pbca","i": 14,"n": 1,"sg": 61,"subgroupIndex": 2,"trSubtype": "ct","trType": "k","trms": [ { "conjClass": "a","trm": "a,b,c" } ] },{ "det": 1.0,"hm": "Pnma","i": 15,"n": 1,"sg": 62,"subgroupIndex": 2,"trSubtype": "ct","trType": "k","trms": [ { "conjClass": "a","trm": "-b,a,c;1/4,1/4,0" } ] },{ "det": 1.0,"hm": "Cmce","i": 16,"n": 9,"sg": 64,"subgroupIndex": 3,"trSubtype": "eu","trType": "k","trms": [ { "conjClass": "a","trm": "a,b,c" },{ "conjClass": "a","trm": "a,b,c;0,0,1" },{ "conjClass": "a","trm": "a,b,c;0,0,2" },{ "conjClass": "b","trm": "a,b,c" },{ "conjClass": "b","trm": "a,b,c;0,1,0" },{ "conjClass": "b","trm": "a,b,c;0,2,0" },{ "conjClass": "c","trm": "a,b,c" },{ "conjClass": "c","trm": "a,b,c;1,0,0" },{ "conjClass": "c","trm": "a,b,c;2,0,0" } ] } ] }