{ "created": "Thu Oct 10 11:54:10 CDT 2024","hm": "Ia-3","nSettings": 8,"nSubgroups": 4,"sg": 206,"subgroups": [ { "det": 1.0,"hm": "Ibca","i": 1,"n": 1,"sg": 73,"subgroupIndex": 3,"trSubtype": "","trType": "t","trms": [ { "conjClass": "a","trm": "a,b,c" } ] },{ "det": 1.5,"hm": "R-3","i": 2,"n": 4,"sg": 148,"subgroupIndex": 4,"trSubtype": "","trType": "t","trms": [ { "conjClass": "a","trm": "-a+b,-b+c,1/2a+1/2b+1/2c" },{ "conjClass": "a","trm": "a+b,-b-c,-1/2a+1/2b-1/2c;0,1/2,1/2" },{ "conjClass": "a","trm": "-a-b,b-c,1/2a-1/2b-1/2c;1/2,1/2,0" },{ "conjClass": "a","trm": "a-b,b+c,-1/2a-1/2b+1/2c;1/2,0,1/2" } ] },{ "det": 1.0,"hm": "I213","i": 3,"n": 1,"sg": 199,"subgroupIndex": 2,"trSubtype": "","trType": "t","trms": [ { "conjClass": "a","trm": "a,b,c" } ] },{ "det": 1.0,"hm": "Pa-3","i": 4,"n": 2,"sg": 205,"subgroupIndex": 2,"trSubtype": "ct","trType": "k","trms": [ { "conjClass": "a","trm": "-b,a,c;3/4,3/4,1/4" },{ "conjClass": "b","trm": "a,b,c" } ] } ] }