{ "HM": "P4122","created": "Tue Apr 09 11:04:14 CDT 2024","nSettings": 10,"nSubgroups": 6,"sg": 91,"subgroups": [ { "det": 1.0,"i": 1,"subgroup": 17,"subgroupHM": "P2221","subgroupIndex": 2,"trSubtype": "","trType": "t","trm": [ "a:a,b,c;0,0,1/4" ] },{ "det": 2.0,"i": 2,"subgroup": 20,"subgroupHM": "C2221","subgroupIndex": 2,"trSubtype": "","trType": "t","trm": [ "a:a-b,a+b,c;0,0,1/8" ] },{ "det": 1.0,"i": 3,"subgroup": 76,"subgroupHM": "P41","subgroupIndex": 2,"trSubtype": "","trType": "t","trm": [ "a:a,b,c" ] },{ "det": 2.0,"i": 4,"subgroup": 91,"subgroupHM": "P4122","subgroupIndex": 2,"trSubtype": "eu","trType": "k","trm": [ "a:a-b,a+b,c;1/2,1/2,3/8","b:a-b,a+b,c;0,0,3/8" ] },{ "det": 2.0,"i": 5,"subgroup": 92,"subgroupHM": "P41212","subgroupIndex": 2,"trSubtype": "eu","trType": "k","trm": [ "a:a-b,a+b,c;0,0,1/4","b:a-b,a+b,c;1/2,1/2,1/4" ] },{ "det": 3.0,"i": 6,"subgroup": 95,"subgroupHM": "P4322","subgroupIndex": 3,"trSubtype": "eu","trType": "k","trm": [ "a:a,b,3c","a:a,b,3c;0,0,1","a:a,b,3c;0,0,2" ] } ] }