{ "created": "Thu Oct 10 11:53:31 CDT 2024","hm": "Pnnn","nSettings": 24,"nSubgroups": 5,"sg": 48,"subgroups": [ { "det": 1.0,"hm": "P2/c","i": 1,"n": 3,"sg": 13,"subgroupIndex": 2,"trSubtype": "","trType": "t","trms": [ { "conjClass": "a","trm": "-b,a,b+c" },{ "conjClass": "b","trm": "c,b,-a-c" },{ "conjClass": "c","trm": "a,c,-a-b" } ] },{ "det": 1.0,"hm": "P222","i": 2,"n": 1,"sg": 16,"subgroupIndex": 2,"trSubtype": "","trType": "t","trms": [ { "conjClass": "a","trm": "a,b,c;1/4,1/4,1/4" } ] },{ "det": 1.0,"hm": "Pnn2","i": 3,"n": 3,"sg": 34,"subgroupIndex": 2,"trSubtype": "","trType": "t","trms": [ { "conjClass": "a","trm": "b,c,a;1/4,1/4,1/4" },{ "conjClass": "b","trm": "c,a,b;1/4,1/4,1/4" },{ "conjClass": "c","trm": "a,b,c;1/4,1/4,1/4" } ] },{ "det": 1.0,"hm": "Pnnn","i": 4,"n": 9,"sg": 48,"subgroupIndex": 3,"trSubtype": "eu","trType": "k","trms": [ { "conjClass": "a","trm": "a,b,c" },{ "conjClass": "a","trm": "a,b,c;0,0,1" },{ "conjClass": "a","trm": "a,b,c;0,0,2" },{ "conjClass": "b","trm": "a,b,c" },{ "conjClass": "b","trm": "a,b,c;0,1,0" },{ "conjClass": "b","trm": "a,b,c;0,2,0" },{ "conjClass": "c","trm": "a,b,c" },{ "conjClass": "c","trm": "a,b,c;1,0,0" },{ "conjClass": "c","trm": "a,b,c;2,0,0" } ] },{ "det": 1.0,"hm": "Fddd","i": 5,"n": 8,"sg": 70,"subgroupIndex": 2,"trSubtype": "eu","trType": "k","trms": [ { "conjClass": "a","trm": "a,b,c;1/2,1/2,1/2" },{ "conjClass": "b","trm": "a,b,c;0,1/2,1/2" },{ "conjClass": "c","trm": "a,b,c;1/2,0,1/2" },{ "conjClass": "d","trm": "a,b,c;1/2,1/2,0" },{ "conjClass": "e","trm": "a,b,c;0,1/2,0" },{ "conjClass": "f","trm": "a,b,c;1/2,0,0" },{ "conjClass": "g","trm": "a,b,c;0,0,1/2" },{ "conjClass": "h","trm": "a,b,c" } ] } ] }