{ "created": "Thu Oct 10 11:54:07 CDT 2024","hm": "P6/mcc","nSettings": 20,"nSubgroups": 10,"sg": 192,"subgroups": [ { "det": 1.0,"hm": "Cccm","i": 1,"n": 3,"sg": 66,"subgroupIndex": 3,"trSubtype": "","trType": "t","trms": [ { "conjClass": "a","trm": "-a+b,-a-b,c" },{ "conjClass": "a","trm": "-a-b,a,c" },{ "conjClass": "a","trm": "a+b,b,c" } ] },{ "det": 1.0,"hm": "P-31c","i": 2,"n": 1,"sg": 163,"subgroupIndex": 2,"trSubtype": "","trType": "t","trms": [ { "conjClass": "a","trm": "a,b,c" } ] },{ "det": 1.0,"hm": "P-3c1","i": 3,"n": 1,"sg": 165,"subgroupIndex": 2,"trSubtype": "","trType": "t","trms": [ { "conjClass": "a","trm": "a,b,c" } ] },{ "det": 1.0,"hm": "P6/m","i": 4,"n": 1,"sg": 175,"subgroupIndex": 2,"trSubtype": "","trType": "t","trms": [ { "conjClass": "a","trm": "a,b,c" } ] },{ "det": 1.0,"hm": "P622","i": 5,"n": 1,"sg": 177,"subgroupIndex": 2,"trSubtype": "","trType": "t","trms": [ { "conjClass": "a","trm": "a,b,c;0,0,1/4" } ] },{ "det": 1.0,"hm": "P6cc","i": 6,"n": 1,"sg": 184,"subgroupIndex": 2,"trSubtype": "","trType": "t","trms": [ { "conjClass": "a","trm": "a,b,c" } ] },{ "det": 1.0,"hm": "P-6c2","i": 7,"n": 1,"sg": 188,"subgroupIndex": 2,"trSubtype": "","trType": "t","trms": [ { "conjClass": "a","trm": "a,b,c;0,0,1/4" } ] },{ "det": 1.0,"hm": "P-62c","i": 8,"n": 1,"sg": 190,"subgroupIndex": 2,"trSubtype": "","trType": "t","trms": [ { "conjClass": "a","trm": "a,b,c;0,0,1/4" } ] },{ "det": 1.0,"hm": "P6/mcc","i": 9,"n": 6,"sg": 192,"subgroupIndex": 3,"trSubtype": "eu","trType": "k","trms": [ { "conjClass": "a","trm": "a-b,a+b,c" },{ "conjClass": "a","trm": "a-b,a+b,c;1,0,0" },{ "conjClass": "a","trm": "a-b,a+b,c;2,0,0" },{ "conjClass": "b","trm": "a,b,c" },{ "conjClass": "b","trm": "a,b,c;0,0,1" },{ "conjClass": "b","trm": "a,b,c;0,0,2" } ] },{ "det": 1.0,"hm": "P6/mcc","i": 10,"n": 4,"sg": 192,"subgroupIndex": 4,"trSubtype": "eu","trType": "k","trms": [ { "conjClass": "a","trm": "a,b,c" },{ "conjClass": "a","trm": "a,b,c;1,0,0" },{ "conjClass": "a","trm": "a,b,c;0,1,0" },{ "conjClass": "a","trm": "a,b,c;1,1,0" } ] } ] }