{ "created": "Thu Oct 10 11:54:11 CDT 2024","hm": "I4132","nSettings": 10,"nSubgroups": 5,"sg": 214,"subgroups": [ { "det": 1.0,"hm": "I4122","i": 1,"n": 3,"sg": 98,"subgroupIndex": 3,"trSubtype": "","trType": "t","trms": [ { "conjClass": "a","trm": "a,b,c;0,1/4,1/8" },{ "conjClass": "a","trm": "b,c,a;1/8,0,1/4" },{ "conjClass": "a","trm": "c,a,b;1/4,1/8,0" } ] },{ "det": 1.5,"hm": "R32","i": 2,"n": 4,"sg": 155,"subgroupIndex": 4,"trSubtype": "","trType": "t","trms": [ { "conjClass": "a","trm": "-a+b,-b+c,1/2a+1/2b+1/2c;1/8,1/8,1/8" },{ "conjClass": "a","trm": "a+b,-b-c,-1/2a+1/2b-1/2c;7/8,5/8,3/8" },{ "conjClass": "a","trm": "-a-b,b-c,1/2a-1/2b-1/2c;5/8,3/8,7/8" },{ "conjClass": "a","trm": "a-b,b+c,-1/2a-1/2b+1/2c;3/8,7/8,5/8" } ] },{ "det": 1.0,"hm": "I213","i": 3,"n": 1,"sg": 199,"subgroupIndex": 2,"trSubtype": "","trType": "t","trms": [ { "conjClass": "a","trm": "a,b,c" } ] },{ "det": 1.0,"hm": "P4332","i": 4,"n": 1,"sg": 212,"subgroupIndex": 2,"trSubtype": "ct","trType": "k","trms": [ { "conjClass": "a","trm": "a,b,c" } ] },{ "det": 1.0,"hm": "P4132","i": 5,"n": 1,"sg": 213,"subgroupIndex": 2,"trSubtype": "ct","trType": "k","trms": [ { "conjClass": "a","trm": "a,b,c" } ] } ] }