{ "created": "Thu Oct 10 11:53:59 CDT 2024","hm": "P-31m","nSettings": 26,"nSubgroups": 10,"sg": 162,"subgroups": [ { "det": 1.0,"hm": "C2/m","i": 1,"n": 3,"sg": 12,"subgroupIndex": 3,"trSubtype": "","trType": "t","trms": [ { "conjClass": "a","trm": "-a-b,a-b,c" },{ "conjClass": "a","trm": "a,a+b,c" },{ "conjClass": "a","trm": "b,-a-b,c" } ] },{ "det": 1.0,"hm": "P-3","i": 2,"n": 1,"sg": 147,"subgroupIndex": 2,"trSubtype": "","trType": "t","trms": [ { "conjClass": "a","trm": "a,b,c" } ] },{ "det": 1.0,"hm": "P312","i": 3,"n": 1,"sg": 149,"subgroupIndex": 2,"trSubtype": "","trType": "t","trms": [ { "conjClass": "a","trm": "a,b,c" } ] },{ "det": 1.0,"hm": "P31m","i": 4,"n": 1,"sg": 157,"subgroupIndex": 2,"trSubtype": "","trType": "t","trms": [ { "conjClass": "a","trm": "a,b,c" } ] },{ "det": 1.0,"hm": "P-31m","i": 5,"n": 2,"sg": 162,"subgroupIndex": 2,"trSubtype": "eu","trType": "k","trms": [ { "conjClass": "a","trm": "a,b,c;0,0,1/2" },{ "conjClass": "b","trm": "a,b,c" } ] },{ "det": 1.0,"hm": "P-31m","i": 6,"n": 3,"sg": 162,"subgroupIndex": 3,"trSubtype": "eu","trType": "k","trms": [ { "conjClass": "a","trm": "a,b,c" },{ "conjClass": "a","trm": "a,b,c;0,0,1" },{ "conjClass": "a","trm": "a,b,c;0,0,2" } ] },{ "det": 1.0,"hm": "P-31m","i": 7,"n": 4,"sg": 162,"subgroupIndex": 4,"trSubtype": "eu","trType": "k","trms": [ { "conjClass": "a","trm": "a,b,c" },{ "conjClass": "a","trm": "a,b,c;1,0,0" },{ "conjClass": "a","trm": "a,b,c;0,1,0" },{ "conjClass": "a","trm": "a,b,c;1,1,0" } ] },{ "det": 1.0,"hm": "P-31c","i": 8,"n": 2,"sg": 163,"subgroupIndex": 2,"trSubtype": "eu","trType": "k","trms": [ { "conjClass": "a","trm": "a,b,c;0,0,1/2" },{ "conjClass": "b","trm": "a,b,c" } ] },{ "det": 2.0,"hm": "P-3m1","i": 9,"n": 3,"sg": 164,"subgroupIndex": 3,"trSubtype": "eu","trType": "k","trms": [ { "conjClass": "a","trm": "a-b,a+b,c" },{ "conjClass": "a","trm": "a-b,a+b,c;1,0,0" },{ "conjClass": "a","trm": "a-b,a+b,c;1,1,0" } ] },{ "det": 2.0,"hm": "R-3m","i": 10,"n": 6,"sg": 166,"subgroupIndex": 3,"trSubtype": "eu","trType": "k","trms": [ { "conjClass": "a","trm": "a+b,-a+b,c" },{ "conjClass": "a","trm": "a+b,-a+b,c;0,0,1" },{ "conjClass": "a","trm": "a+b,-a+b,c;0,0,2" },{ "conjClass": "b","trm": "a-b,a+b,c" },{ "conjClass": "b","trm": "a-b,a+b,c;0,0,1" },{ "conjClass": "b","trm": "a-b,a+b,c;0,0,2" } ] } ] }