{ "created": "Thu Oct 10 11:53:33 CDT 2024","hm": "Pnma","nSettings": 16,"nSubgroups": 7,"sg": 62,"subgroups": [ { "det": 1.0,"hm": "P21/m","i": 1,"n": 1,"sg": 11,"subgroupIndex": 2,"trSubtype": "","trType": "t","trms": [ { "conjClass": "a","trm": "a,b,c" } ] },{ "det": 1.0,"hm": "P21/c","i": 2,"n": 2,"sg": 14,"subgroupIndex": 2,"trSubtype": "","trType": "t","trms": [ { "conjClass": "a","trm": "-b,a,b+c" },{ "conjClass": "b","trm": "b,c,a" } ] },{ "det": 1.0,"hm": "P212121","i": 3,"n": 1,"sg": 19,"subgroupIndex": 2,"trSubtype": "","trType": "t","trms": [ { "conjClass": "a","trm": "a,b,c;0,0,1/4" } ] },{ "det": 1.0,"hm": "Pmc21","i": 4,"n": 1,"sg": 26,"subgroupIndex": 2,"trSubtype": "","trType": "t","trms": [ { "conjClass": "a","trm": "b,c,a;0,1/4,1/4" } ] },{ "det": 1.0,"hm": "Pmn21","i": 5,"n": 1,"sg": 31,"subgroupIndex": 2,"trSubtype": "","trType": "t","trms": [ { "conjClass": "a","trm": "-b,a,c;1/4,1/4,0" } ] },{ "det": 1.0,"hm": "Pna21","i": 6,"n": 1,"sg": 33,"subgroupIndex": 2,"trSubtype": "","trType": "t","trms": [ { "conjClass": "a","trm": "a,-c,b" } ] },{ "det": 1.0,"hm": "Pnma","i": 7,"n": 9,"sg": 62,"subgroupIndex": 3,"trSubtype": "eu","trType": "k","trms": [ { "conjClass": "a","trm": "a,b,c" },{ "conjClass": "a","trm": "a,b,c;0,0,1" },{ "conjClass": "a","trm": "a,b,c;0,0,2" },{ "conjClass": "b","trm": "a,b,c" },{ "conjClass": "b","trm": "a,b,c;0,1,0" },{ "conjClass": "b","trm": "a,b,c;0,2,0" },{ "conjClass": "c","trm": "a,b,c" },{ "conjClass": "c","trm": "a,b,c;1,0,0" },{ "conjClass": "c","trm": "a,b,c;2,0,0" } ] } ] }