{ "HM": "Pnn2","created": "Tue Apr 09 11:03:53 CDT 2024","nSettings": 14,"nSubgroups": 4,"sg": 34,"subgroups": [ { "det": 1.0,"i": 1,"subgroup": 3,"subgroupHM": "P2","subgroupIndex": 2,"trSubtype": "","trType": "t","trm": [ "a:b,c,a" ] },{ "det": 1.0,"i": 2,"subgroup": 7,"subgroupHM": "Pc","subgroupIndex": 2,"trSubtype": "","trType": "t","trm": [ "a:b,a,-b-c;1/4,0,0","b:c,b,-a-c;0,1/4,0" ] },{ "det": 3.0,"i": 3,"subgroup": 34,"subgroupHM": "Pnn2","subgroupIndex": 3,"trSubtype": "eu","trType": "k","trm": [ "a:a,3b,c","a:a,3b,c;0,1,0","a:a,3b,c;0,2,0","b:3a,b,c","b:3a,b,c;1,0,0","b:3a,b,c;2,0,0","c:a,b,3c" ] },{ "det": 8.0,"i": 4,"subgroup": 43,"subgroupHM": "Fdd2","subgroupIndex": 2,"trSubtype": "eu","trType": "k","trm": [ "a:2a,2b,2c;1/2,1/2,0","b:2a,2b,2c;0,1/2,0","c:2a,2b,2c;1/2,0,0","d:2a,2b,2c" ] } ] }