{ "created": "Thu Oct 10 11:53:45 CDT 2024","hm": "P-4m2","nSettings": 18,"nSubgroups": 9,"sg": 115,"subgroups": [ { "det": 2.0,"hm": "C222","i": 1,"n": 1,"sg": 21,"subgroupIndex": 2,"trSubtype": "","trType": "t","trms": [ { "conjClass": "a","trm": "a-b,a+b,c" } ] },{ "det": 1.0,"hm": "Pmm2","i": 2,"n": 1,"sg": 25,"subgroupIndex": 2,"trSubtype": "","trType": "t","trms": [ { "conjClass": "a","trm": "a,b,c" } ] },{ "det": 1.0,"hm": "P-4","i": 3,"n": 1,"sg": 81,"subgroupIndex": 2,"trSubtype": "","trType": "t","trms": [ { "conjClass": "a","trm": "a,b,c" } ] },{ "det": 2.0,"hm": "P-42m","i": 4,"n": 2,"sg": 111,"subgroupIndex": 2,"trSubtype": "eu","trType": "k","trms": [ { "conjClass": "a","trm": "a-b,a+b,c;1/2,1/2,0" },{ "conjClass": "b","trm": "a-b,a+b,c" } ] },{ "det": 2.0,"hm": "P-421m","i": 5,"n": 2,"sg": 113,"subgroupIndex": 2,"trSubtype": "eu","trType": "k","trms": [ { "conjClass": "a","trm": "a-b,a+b,c;1/2,1/2,0" },{ "conjClass": "b","trm": "a-b,a+b,c" } ] },{ "det": 1.0,"hm": "P-4m2","i": 6,"n": 2,"sg": 115,"subgroupIndex": 2,"trSubtype": "eu","trType": "k","trms": [ { "conjClass": "a","trm": "a,b,c;0,0,1/2" },{ "conjClass": "b","trm": "a,b,c" } ] },{ "det": 1.0,"hm": "P-4m2","i": 7,"n": 3,"sg": 115,"subgroupIndex": 3,"trSubtype": "eu","trType": "k","trms": [ { "conjClass": "a","trm": "a,b,c" },{ "conjClass": "a","trm": "a,b,c;0,0,1" },{ "conjClass": "a","trm": "a,b,c;0,0,2" } ] },{ "det": 1.0,"hm": "P-4c2","i": 8,"n": 2,"sg": 116,"subgroupIndex": 2,"trSubtype": "eu","trType": "k","trms": [ { "conjClass": "a","trm": "a,b,c;0,0,1/2" },{ "conjClass": "b","trm": "a,b,c" } ] },{ "det": 2.0,"hm": "I-42m","i": 9,"n": 4,"sg": 121,"subgroupIndex": 2,"trSubtype": "eu","trType": "k","trms": [ { "conjClass": "a","trm": "a-b,a+b,c;1/2,1/2,1/2" },{ "conjClass": "b","trm": "a-b,a+b,c;1/2,1/2,0" },{ "conjClass": "c","trm": "a-b,a+b,c;0,0,1/2" },{ "conjClass": "d","trm": "a-b,a+b,c" } ] } ] }