{ "created": "Thu Oct 10 11:53:38 CDT 2024","hm": "P-4","nSettings": 10,"nSubgroups": 4,"sg": 81,"subgroups": [ { "det": 1.0,"hm": "P2","i": 1,"n": 1,"sg": 3,"subgroupIndex": 2,"trSubtype": "","trType": "t","trms": [ { "conjClass": "a","trm": "b,c,a" } ] },{ "det": 1.0,"hm": "P-4","i": 2,"n": 4,"sg": 81,"subgroupIndex": 2,"trSubtype": "eu","trType": "k","trms": [ { "conjClass": "a","trm": "a-b,a+b,c;1/2,1/2,0" },{ "conjClass": "b","trm": "a-b,a+b,c" },{ "conjClass": "c","trm": "a,b,c;0,0,1/2" },{ "conjClass": "d","trm": "a,b,c" } ] },{ "det": 1.0,"hm": "P-4","i": 3,"n": 3,"sg": 81,"subgroupIndex": 3,"trSubtype": "eu","trType": "k","trms": [ { "conjClass": "a","trm": "a,b,c" },{ "conjClass": "a","trm": "a,b,c;0,0,1" },{ "conjClass": "a","trm": "a,b,c;0,0,2" } ] },{ "det": 2.0,"hm": "I-4","i": 4,"n": 2,"sg": 82,"subgroupIndex": 2,"trSubtype": "eu","trType": "k","trms": [ { "conjClass": "a","trm": "a-b,a+b,c;0,0,1/2" },{ "conjClass": "b","trm": "a-b,a+b,c" } ] } ] }