{ "HM": "P4cc","created": "Tue Apr 09 11:04:18 CDT 2024","nSettings": 8,"nSubgroups": 6,"sg": 103,"subgroups": [ { "det": 1.0,"i": 1,"subgroup": 27,"subgroupHM": "Pcc2","subgroupIndex": 2,"trSubtype": "","trType": "t","trm": [ "a:a,b,c" ] },{ "det": 2.0,"i": 2,"subgroup": 37,"subgroupHM": "Ccc2","subgroupIndex": 2,"trSubtype": "","trType": "t","trm": [ "a:a-b,a+b,c" ] },{ "det": 1.0,"i": 3,"subgroup": 75,"subgroupHM": "P4","subgroupIndex": 2,"trSubtype": "","trType": "t","trm": [ "a:a,b,c" ] },{ "det": 2.0,"i": 4,"subgroup": 103,"subgroupHM": "P4cc","subgroupIndex": 2,"trSubtype": "eu","trType": "k","trm": [ "a:a-b,a+b,c;1/2,1/2,0","b:a-b,a+b,c" ] },{ "det": 3.0,"i": 5,"subgroup": 103,"subgroupHM": "P4cc","subgroupIndex": 3,"trSubtype": "eu","trType": "k","trm": [ "a:a,b,3c" ] },{ "det": 2.0,"i": 6,"subgroup": 104,"subgroupHM": "P4nc","subgroupIndex": 2,"trSubtype": "eu","trType": "k","trm": [ "a:a-b,a+b,c;1/2,1/2,0","b:a-b,a+b,c" ] } ] }