{ "created": "Thu Oct 10 11:53:31 CDT 2024","hm": "Pban","nSettings": 24,"nSubgroups": 8,"sg": 50,"subgroups": [ { "det": 1.0,"hm": "P2/c","i": 1,"n": 3,"sg": 13,"subgroupIndex": 2,"trSubtype": "","trType": "t","trms": [ { "conjClass": "a","trm": "c,a,b" },{ "conjClass": "b","trm": "-a-c,b,a" },{ "conjClass": "c","trm": "a,c,-a-b" } ] },{ "det": 1.0,"hm": "P222","i": 2,"n": 1,"sg": 16,"subgroupIndex": 2,"trSubtype": "","trType": "t","trms": [ { "conjClass": "a","trm": "a,b,c;1/4,1/4,0" } ] },{ "det": 1.0,"hm": "Pnc2","i": 3,"n": 2,"sg": 30,"subgroupIndex": 2,"trSubtype": "","trType": "t","trms": [ { "conjClass": "a","trm": "c,b,-a;1/4,1/4,0" },{ "conjClass": "b","trm": "c,a,b;1/4,1/4,0" } ] },{ "det": 1.0,"hm": "Pba2","i": 4,"n": 1,"sg": 32,"subgroupIndex": 2,"trSubtype": "","trType": "t","trms": [ { "conjClass": "a","trm": "a,b,c;1/4,1/4,0" } ] },{ "det": 1.0,"hm": "Pnnn","i": 5,"n": 2,"sg": 48,"subgroupIndex": 2,"trSubtype": "eu","trType": "k","trms": [ { "conjClass": "a","trm": "a,b,c;0,0,1/2" },{ "conjClass": "b","trm": "a,b,c" } ] },{ "det": 1.0,"hm": "Pban","i": 6,"n": 2,"sg": 50,"subgroupIndex": 2,"trSubtype": "eu","trType": "k","trms": [ { "conjClass": "a","trm": "a,b,c;0,0,1/2" },{ "conjClass": "b","trm": "a,b,c" } ] },{ "det": 1.0,"hm": "Pban","i": 7,"n": 9,"sg": 50,"subgroupIndex": 3,"trSubtype": "eu","trType": "k","trms": [ { "conjClass": "a","trm": "a,b,c" },{ "conjClass": "a","trm": "a,b,c;0,0,1" },{ "conjClass": "a","trm": "a,b,c;0,0,2" },{ "conjClass": "b","trm": "a,b,c" },{ "conjClass": "b","trm": "a,b,c;0,1,0" },{ "conjClass": "b","trm": "a,b,c;0,2,0" },{ "conjClass": "c","trm": "a,b,c" },{ "conjClass": "c","trm": "a,b,c;1,0,0" },{ "conjClass": "c","trm": "a,b,c;2,0,0" } ] },{ "det": 1.0,"hm": "Pnna","i": 8,"n": 4,"sg": 52,"subgroupIndex": 2,"trSubtype": "eu","trType": "k","trms": [ { "conjClass": "a","trm": "b,c,a;0,0,1/2" },{ "conjClass": "b","trm": "b,c,a" },{ "conjClass": "c","trm": "a,-c,b;0,0,1/2" },{ "conjClass": "d","trm": "a,-c,b" } ] } ] }