{ "HM": "P21","created": "Tue Apr 09 11:03:44 CDT 2024","nSettings": 20,"nSubgroups": 3,"sg": 4,"subgroups": [ { "det": 1.0,"i": 1,"subgroup": 1,"subgroupHM": "P1","subgroupIndex": 2,"trSubtype": "","trType": "t","trm": [ "a:a,b,c" ] },{ "det": 2.0,"i": 2,"subgroup": 4,"subgroupHM": "P21","subgroupIndex": 2,"trSubtype": "eu","trType": "k","trm": [ "a:a-c,b,2c;0,0,1/2","b:a-c,b,2c","c:2a,b,c;1/2,0,0","d:2a,b,c","e:a,b,2c;0,0,1/2","f:a,b,2c" ] },{ "det": 3.0,"i": 3,"subgroup": 4,"subgroupHM": "P21","subgroupIndex": 3,"trSubtype": "eu","trType": "k","trm": [ "a:3a,b,c","a:3a,b,c;1,0,0","a:3a,b,c;2,0,0","b:a-2c,b,3c","b:a-2c,b,3c;0,0,1","b:a-2c,b,3c;0,0,2","c:a-c,b,3c","c:a-c,b,3c;0,0,1","c:a-c,b,3c;0,0,2","d:a,b,3c","d:a,b,3c;0,0,1","d:a,b,3c;0,0,2","e:a,3b,c" ] } ] }