{ "created": "Thu Oct 10 11:53:45 CDT 2024","hm": "P-421c","nSettings": 6,"nSubgroups": 4,"sg": 114,"subgroups": [ { "det": 1.0,"hm": "P21212","i": 1,"n": 1,"sg": 18,"subgroupIndex": 2,"trSubtype": "","trType": "t","trms": [ { "conjClass": "a","trm": "a,b,c;0,0,1/4" } ] },{ "det": 2.0,"hm": "Ccc2","i": 2,"n": 1,"sg": 37,"subgroupIndex": 2,"trSubtype": "","trType": "t","trms": [ { "conjClass": "a","trm": "a-b,a+b,c;0,1/2,0" } ] },{ "det": 1.0,"hm": "P-4","i": 3,"n": 1,"sg": 81,"subgroupIndex": 2,"trSubtype": "","trType": "t","trms": [ { "conjClass": "a","trm": "a,b,c" } ] },{ "det": 1.0,"hm": "P-421c","i": 4,"n": 3,"sg": 114,"subgroupIndex": 3,"trSubtype": "eu","trType": "k","trms": [ { "conjClass": "a","trm": "a,b,c" },{ "conjClass": "a","trm": "a,b,c;0,0,1" },{ "conjClass": "a","trm": "a,b,c;0,0,2" } ] } ] }