{ "created": "Thu Oct 10 11:54:02 CDT 2024","hm": "P63","nSettings": 12,"nSubgroups": 6,"sg": 173,"subgroups": [ { "det": 1.0,"hm": "P21","i": 1,"n": 1,"sg": 4,"subgroupIndex": 3,"trSubtype": "","trType": "t","trms": [ { "conjClass": "a","trm": "b,c,a" } ] },{ "det": 1.0,"hm": "P3","i": 2,"n": 1,"sg": 143,"subgroupIndex": 2,"trSubtype": "","trType": "t","trms": [ { "conjClass": "a","trm": "a,b,c" } ] },{ "det": 1.0,"hm": "P61","i": 3,"n": 1,"sg": 169,"subgroupIndex": 3,"trSubtype": "eu","trType": "k","trms": [ { "conjClass": "a","trm": "a,b,c" } ] },{ "det": 1.0,"hm": "P65","i": 4,"n": 1,"sg": 170,"subgroupIndex": 3,"trSubtype": "eu","trType": "k","trms": [ { "conjClass": "a","trm": "a,b,c" } ] },{ "det": 1.0,"hm": "P63","i": 5,"n": 4,"sg": 173,"subgroupIndex": 3,"trSubtype": "eu","trType": "k","trms": [ { "conjClass": "a","trm": "a-b,a+b,c" },{ "conjClass": "a","trm": "a-b,a+b,c;1,0,0" },{ "conjClass": "a","trm": "a-b,a+b,c;2,0,0" },{ "conjClass": "b","trm": "a,b,c" } ] },{ "det": 1.0,"hm": "P63","i": 6,"n": 4,"sg": 173,"subgroupIndex": 4,"trSubtype": "eu","trType": "k","trms": [ { "conjClass": "a","trm": "a,b,c" },{ "conjClass": "a","trm": "a,b,c;1,0,0" },{ "conjClass": "a","trm": "a,b,c;0,1,0" },{ "conjClass": "a","trm": "a,b,c;1,1,0" } ] } ] }