{ "created": "Thu Oct 10 11:53:25 CDT 2024","hm": "P2/m","nSettings": 46,"nSubgroups": 8,"sg": 10,"subgroups": [ { "det": 1.0,"hm": "P-1","i": 1,"n": 1,"sg": 2,"subgroupIndex": 2,"trSubtype": "","trType": "t","trms": [ { "conjClass": "a","trm": "a,b,c" } ] },{ "det": 1.0,"hm": "P2","i": 2,"n": 1,"sg": 3,"subgroupIndex": 2,"trSubtype": "","trType": "t","trms": [ { "conjClass": "a","trm": "a,b,c" } ] },{ "det": 1.0,"hm": "Pm","i": 3,"n": 1,"sg": 6,"subgroupIndex": 2,"trSubtype": "","trType": "t","trms": [ { "conjClass": "a","trm": "a,b,c" } ] },{ "det": 1.0,"hm": "P2/m","i": 4,"n": 8,"sg": 10,"subgroupIndex": 2,"trSubtype": "eu","trType": "k","trms": [ { "conjClass": "a","trm": "a-c,b,c;0,0,1/2" },{ "conjClass": "b","trm": "a-c,b,c" },{ "conjClass": "c","trm": "a,b,c;1/2,0,0" },{ "conjClass": "d","trm": "a,b,c" },{ "conjClass": "e","trm": "a,b,c;0,0,1/2" },{ "conjClass": "f","trm": "a,b,c" },{ "conjClass": "g","trm": "a,b,c;0,1/2,0" },{ "conjClass": "h","trm": "a,b,c" } ] },{ "det": 1.0,"hm": "P2/m","i": 5,"n": 15,"sg": 10,"subgroupIndex": 3,"trSubtype": "eu","trType": "k","trms": [ { "conjClass": "a","trm": "a,b,c" },{ "conjClass": "a","trm": "a,b,c;1,0,0" },{ "conjClass": "a","trm": "a,b,c;2,0,0" },{ "conjClass": "b","trm": "a-c,b,c" },{ "conjClass": "b","trm": "a-c,b,c;0,0,1" },{ "conjClass": "b","trm": "a-c,b,c;0,0,2" },{ "conjClass": "c","trm": "a-c,b,c" },{ "conjClass": "c","trm": "a-c,b,c;0,0,1" },{ "conjClass": "c","trm": "a-c,b,c;0,0,2" },{ "conjClass": "d","trm": "a,b,c" },{ "conjClass": "d","trm": "a,b,c;0,0,1" },{ "conjClass": "d","trm": "a,b,c;0,0,2" },{ "conjClass": "e","trm": "a,b,c" },{ "conjClass": "e","trm": "a,b,c;0,1,0" },{ "conjClass": "e","trm": "a,b,c;0,2,0" } ] },{ "det": 1.0,"hm": "P21/m","i": 6,"n": 2,"sg": 11,"subgroupIndex": 2,"trSubtype": "eu","trType": "k","trms": [ { "conjClass": "a","trm": "a,b,c;0,1/2,0" },{ "conjClass": "b","trm": "a,b,c" } ] },{ "det": 1.0,"hm": "C2/m","i": 7,"n": 12,"sg": 12,"subgroupIndex": 2,"trSubtype": "eu","trType": "k","trms": [ { "conjClass": "a","trm": "a,b,-a+c;0,1/2,0" },{ "conjClass": "b","trm": "a,b,-a+c" },{ "conjClass": "c","trm": "c,b,-a-c;0,1/2,1/2" },{ "conjClass": "d","trm": "c,b,-a-c;0,1/2,0" },{ "conjClass": "e","trm": "c,b,-a-c;0,0,1/2" },{ "conjClass": "f","trm": "c,b,-a-c" },{ "conjClass": "g","trm": "a,b,c;1/2,1/2,0" },{ "conjClass": "h","trm": "a,b,c;1/2,0,0" },{ "conjClass": "i","trm": "a,b,-a+c;1/2,1/2,0" },{ "conjClass": "j","trm": "a,b,-a+c;1/2,0,0" },{ "conjClass": "k","trm": "a,b,c;0,1/2,0" },{ "conjClass": "l","trm": "a,b,c" } ] },{ "det": 1.0,"hm": "P2/c","i": 8,"n": 6,"sg": 13,"subgroupIndex": 2,"trSubtype": "eu","trType": "k","trms": [ { "conjClass": "a","trm": "a-c,b,c;0,0,1/2" },{ "conjClass": "b","trm": "a-c,b,c" },{ "conjClass": "c","trm": "-a-c,b,a;1/2,0,0" },{ "conjClass": "d","trm": "-a-c,b,a" },{ "conjClass": "e","trm": "a,b,c;0,0,1/2" },{ "conjClass": "f","trm": "a,b,c" } ] } ] }