{ "HM": "Pmmn","created": "Tue Apr 09 11:04:03 CDT 2024","nSettings": 24,"nSubgroups": 9,"sg": 59,"subgroups": [ { "det": 1.0,"i": 1,"subgroup": 11,"subgroupHM": "P21/m","subgroupIndex": 2,"trSubtype": "","trType": "t","trm": [ "a:c,a,b","b:a,b,c" ] },{ "det": 1.0,"i": 2,"subgroup": 13,"subgroupHM": "P2/c","subgroupIndex": 2,"trSubtype": "","trType": "t","trm": [ "a:a,c,-a-b" ] },{ "det": 1.0,"i": 3,"subgroup": 18,"subgroupHM": "P21212","subgroupIndex": 2,"trSubtype": "","trType": "t","trm": [ "a:a,b,c;1/4,1/4,0" ] },{ "det": 1.0,"i": 4,"subgroup": 25,"subgroupHM": "Pmm2","subgroupIndex": 2,"trSubtype": "","trType": "t","trm": [ "a:a,b,c;1/4,1/4,0" ] },{ "det": 1.0,"i": 5,"subgroup": 31,"subgroupHM": "Pmn21","subgroupIndex": 2,"trSubtype": "","trType": "t","trm": [ "a:b,c,a;1/4,1/4,0","b:a,-c,b;1/4,1/4,0" ] },{ "det": 2.0,"i": 6,"subgroup": 56,"subgroupHM": "Pccn","subgroupIndex": 2,"trSubtype": "eu","trType": "k","trm": [ "a:a,b,2c;0,0,1/2","b:a,b,2c" ] },{ "det": 2.0,"i": 7,"subgroup": 59,"subgroupHM": "Pmmn","subgroupIndex": 2,"trSubtype": "eu","trType": "k","trm": [ "a:a,b,2c;0,0,1/2","b:a,b,2c" ] },{ "det": 3.0,"i": 8,"subgroup": 59,"subgroupHM": "Pmmn","subgroupIndex": 3,"trSubtype": "eu","trType": "k","trm": [ "a:a,b,3c","a:a,b,3c;0,0,1","a:a,b,3c;0,0,2","b:a,3b,c","b:a,3b,c;0,1,0","b:a,3b,c;0,2,0","c:3a,b,c","c:3a,b,c;1,0,0","c:3a,b,c;2,0,0" ] },{ "det": 2.0,"i": 9,"subgroup": 62,"subgroupHM": "Pnma","subgroupIndex": 2,"trSubtype": "eu","trType": "k","trm": [ "a:2c,a,b;0,0,1/2","b:2c,a,b","c:2c,b,-a;0,0,1/2","d:2c,b,-a" ] } ] }