{ "created": "Thu Oct 10 11:53:26 CDT 2024","hm": "P212121","nSettings": 12,"nSubgroups": 2,"sg": 19,"subgroups": [ { "det": 1.0,"hm": "P21","i": 1,"n": 3,"sg": 4,"subgroupIndex": 2,"trSubtype": "","trType": "t","trms": [ { "conjClass": "a","trm": "c,a,b;0,1/4,0" },{ "conjClass": "b","trm": "a,b,c;0,0,1/4" },{ "conjClass": "c","trm": "b,c,a;1/4,0,0" } ] },{ "det": 1.0,"hm": "P212121","i": 2,"n": 9,"sg": 19,"subgroupIndex": 3,"trSubtype": "eu","trType": "k","trms": [ { "conjClass": "a","trm": "a,b,c" },{ "conjClass": "a","trm": "a,b,c;0,0,1" },{ "conjClass": "a","trm": "a,b,c;0,0,2" },{ "conjClass": "b","trm": "a,b,c" },{ "conjClass": "b","trm": "a,b,c;0,1,0" },{ "conjClass": "b","trm": "a,b,c;0,2,0" },{ "conjClass": "c","trm": "a,b,c" },{ "conjClass": "c","trm": "a,b,c;1,0,0" },{ "conjClass": "c","trm": "a,b,c;2,0,0" } ] } ] }