{ "created": "Thu Oct 10 11:53:30 CDT 2024","hm": "Fdd2","nSettings": 10,"nSubgroups": 3,"sg": 43,"subgroups": [ { "det": 0.5,"hm": "C2","i": 1,"n": 1,"sg": 5,"subgroupIndex": 2,"trSubtype": "","trType": "t","trms": [ { "conjClass": "a","trm": "b,c,1/2a-1/2b" } ] },{ "det": 0.5,"hm": "Cc","i": 2,"n": 2,"sg": 9,"subgroupIndex": 2,"trSubtype": "","trType": "t","trms": [ { "conjClass": "a","trm": "-b,a,1/2b+1/2c;1/8,1/2,1/2" },{ "conjClass": "b","trm": "-c,b,1/2a+1/2c;1/2,1/8,1/2" } ] },{ "det": 1.0,"hm": "Fdd2","i": 3,"n": 7,"sg": 43,"subgroupIndex": 3,"trSubtype": "eu","trType": "k","trms": [ { "conjClass": "a","trm": "a,b,c;1/4,1/4,0" },{ "conjClass": "a","trm": "a,b,c;1/4,5/4,0" },{ "conjClass": "a","trm": "a,b,c;1/4,9/4,0" },{ "conjClass": "b","trm": "a,b,c;1/4,1/4,0" },{ "conjClass": "b","trm": "a,b,c;5/4,1/4,0" },{ "conjClass": "b","trm": "a,b,c;9/4,1/4,0" },{ "conjClass": "c","trm": "a,b,c;1/4,1/4,0" } ] } ] }