{ "created": "Thu Oct 10 11:53:39 CDT 2024","hm": "I4/m","nSettings": 10,"nSubgroups": 8,"sg": 87,"subgroups": [ { "det": 1.0,"hm": "C2/m","i": 1,"n": 1,"sg": 12,"subgroupIndex": 2,"trSubtype": "","trType": "t","trms": [ { "conjClass": "a","trm": "-a-b,c,b" } ] },{ "det": 1.0,"hm": "I4","i": 2,"n": 1,"sg": 79,"subgroupIndex": 2,"trSubtype": "","trType": "t","trms": [ { "conjClass": "a","trm": "a,b,c" } ] },{ "det": 1.0,"hm": "I-4","i": 3,"n": 1,"sg": 82,"subgroupIndex": 2,"trSubtype": "","trType": "t","trms": [ { "conjClass": "a","trm": "a,b,c" } ] },{ "det": 1.0,"hm": "P4/m","i": 4,"n": 1,"sg": 83,"subgroupIndex": 2,"trSubtype": "ct","trType": "k","trms": [ { "conjClass": "a","trm": "a,b,c" } ] },{ "det": 1.0,"hm": "P42/m","i": 5,"n": 1,"sg": 84,"subgroupIndex": 2,"trSubtype": "ct","trType": "k","trms": [ { "conjClass": "a","trm": "a,b,c;0,1/2,0" } ] },{ "det": 1.0,"hm": "P4/n","i": 6,"n": 1,"sg": 85,"subgroupIndex": 2,"trSubtype": "ct","trType": "k","trms": [ { "conjClass": "a","trm": "a,b,c;1/4,1/4,1/4" } ] },{ "det": 1.0,"hm": "P42/n","i": 7,"n": 1,"sg": 86,"subgroupIndex": 2,"trSubtype": "ct","trType": "k","trms": [ { "conjClass": "a","trm": "a,b,c;1/4,1/4,1/4" } ] },{ "det": 1.0,"hm": "I4/m","i": 8,"n": 3,"sg": 87,"subgroupIndex": 3,"trSubtype": "eu","trType": "k","trms": [ { "conjClass": "a","trm": "a,b,c" },{ "conjClass": "a","trm": "a,b,c;0,0,1" },{ "conjClass": "a","trm": "a,b,c;0,0,2" } ] } ] }