{ "created": "Thu Oct 10 11:54:09 CDT 2024","hm": "P213","nSettings": 5,"nSubgroups": 2,"sg": 198,"subgroups": [ { "det": 1.0,"hm": "P212121","i": 1,"n": 1,"sg": 19,"subgroupIndex": 3,"trSubtype": "","trType": "t","trms": [ { "conjClass": "a","trm": "a,b,c" } ] },{ "det": 3.0,"hm": "R3","i": 2,"n": 4,"sg": 146,"subgroupIndex": 4,"trSubtype": "","trType": "t","trms": [ { "conjClass": "a","trm": "a-b,b-c,a+b+c" },{ "conjClass": "a","trm": "-a-b,b+c,-a+b-c;0,1/2,1/2" },{ "conjClass": "a","trm": "a+b,-b+c,a-b-c;1/2,1/2,0" },{ "conjClass": "a","trm": "-a+b,-b-c,-a-b+c;1/2,0,1/2" } ] } ] }