{ "HM": "Fm-3c","created": "Tue Apr 09 11:05:10 CDT 2024","nSettings": 18,"nSubgroups": 7,"sg": 226,"subgroups": [ { "det": 0.5,"i": 1,"subgroup": 140,"subgroupHM": "I4/mcm","subgroupIndex": 3,"trSubtype": "","trType": "t","trm": [ "a:1/2a-1/2b,1/2a+1/2b,c;1/4,1/4,0","a:1/2b-1/2c,1/2b+1/2c,a;0,1/4,1/4","a:-1/2a+1/2c,1/2a+1/2c,b;1/4,0,1/4" ] },{ "det": 0.75,"i": 2,"subgroup": 167,"subgroupHM": "R-3c","subgroupIndex": 4,"trSubtype": "","trType": "t","trm": [ "a:-1/2a+1/2b,-1/2b+1/2c,a+b+c","a:1/2a+1/2b,-1/2b-1/2c,-a+b-c","a:-1/2a-1/2b,1/2b-1/2c,a-b-c","a:1/2a-1/2b,1/2b+1/2c,-a-b+c" ] },{ "det": 1.0,"i": 3,"subgroup": 202,"subgroupHM": "Fm-3","subgroupIndex": 2,"trSubtype": "","trType": "t","trm": [ "a:a,b,c" ] },{ "det": 1.0,"i": 4,"subgroup": 209,"subgroupHM": "F432","subgroupIndex": 2,"trSubtype": "","trType": "t","trm": [ "a:a,b,c;1/4,1/4,1/4" ] },{ "det": 1.0,"i": 5,"subgroup": 219,"subgroupHM": "F-43c","subgroupIndex": 2,"trSubtype": "","trType": "t","trm": [ "a:a,b,c" ] },{ "det": 1.0,"i": 6,"subgroup": 222,"subgroupHM": "Pn-3n","subgroupIndex": 4,"trSubtype": "ct","trType": "k","trm": [ "a:a,b,c","a:a,b,c;1/2,0,1/2","a:a,b,c;0,1/2,1/2","a:a,b,c;1/2,1/2,0" ] },{ "det": 1.0,"i": 7,"subgroup": 223,"subgroupHM": "Pm-3n","subgroupIndex": 4,"trSubtype": "ct","trType": "k","trm": [ "a:a,b,c","a:a,b,c;1/2,1/2,0","a:a,b,c;0,1/2,1/2","a:a,b,c;1/2,0,1/2" ] } ] }