{ "HM": "P432","created": "Tue Apr 09 11:05:05 CDT 2024","nSettings": 18,"nSubgroups": 5,"sg": 207,"subgroups": [ { "det": 1.0,"i": 1,"subgroup": 89,"subgroupHM": "P422","subgroupIndex": 3,"trSubtype": "","trType": "t","trm": [ "a:a,b,c","a:b,c,a","a:c,a,b" ] },{ "det": 3.0,"i": 2,"subgroup": 155,"subgroupHM": "R32","subgroupIndex": 4,"trSubtype": "","trType": "t","trm": [ "a:a-b,b-c,a+b+c","a:-a-b,b+c,-a+b-c","a:a+b,-b+c,a-b-c","a:-a+b,-b-c,-a-b+c" ] },{ "det": 1.0,"i": 3,"subgroup": 195,"subgroupHM": "P23","subgroupIndex": 2,"trSubtype": "","trType": "t","trm": [ "a:a,b,c" ] },{ "det": 8.0,"i": 4,"subgroup": 209,"subgroupHM": "F432","subgroupIndex": 2,"trSubtype": "eu","trType": "k","trm": [ "a:2a,2b,2c;1/2,1/2,1/2","b:2a,2b,2c" ] },{ "det": 8.0,"i": 5,"subgroup": 211,"subgroupHM": "I432","subgroupIndex": 4,"trSubtype": "eu","trType": "k","trm": [ "a:2a,2b,2c;1/2,1/2,1/2","a:2a,2b,2c;3/2,3/2,1/2","a:2a,2b,2c;3/2,1/2,1/2","a:2a,2b,2c;1/2,3/2,1/2","b:2a,2b,2c","b:2a,2b,2c;1,1,0","b:2a,2b,2c;1,0,0","b:2a,2b,2c;0,1,0" ] } ] }