{ "created": "Thu Oct 10 11:53:37 CDT 2024","hm": "P41","nSettings": 4,"nSubgroups": 3,"sg": 76,"subgroups": [ { "det": 1.0,"hm": "P21","i": 1,"n": 1,"sg": 4,"subgroupIndex": 2,"trSubtype": "","trType": "t","trms": [ { "conjClass": "a","trm": "b,c,a" } ] },{ "det": 2.0,"hm": "P41","i": 2,"n": 2,"sg": 76,"subgroupIndex": 2,"trSubtype": "eu","trType": "k","trms": [ { "conjClass": "a","trm": "a-b,a+b,c;1/2,1/2,0" },{ "conjClass": "b","trm": "a-b,a+b,c" } ] },{ "det": 1.0,"hm": "P43","i": 3,"n": 1,"sg": 78,"subgroupIndex": 3,"trSubtype": "eu","trType": "k","trms": [ { "conjClass": "a","trm": "a,b,c" } ] } ] }