{ "HM": "I-43d","created": "Tue Apr 09 11:05:08 CDT 2024","nSettings": 8,"nSubgroups": 3,"sg": 220,"subgroups": [ { "det": 1.0,"i": 1,"subgroup": 122,"subgroupHM": "I-42d","subgroupIndex": 3,"trSubtype": "","trType": "t","trm": [ "a:a,b,c;1/2,1/4,1/8","a:b,c,a;1/8,1/2,1/4","a:c,a,b;1/4,1/8,1/2" ] },{ "det": 1.5,"i": 2,"subgroup": 161,"subgroupHM": "R3c","subgroupIndex": 4,"trSubtype": "","trType": "t","trm": [ "a:-a+b,-b+c,1/2a+1/2b+1/2c","a:a+b,-b-c,-1/2a+1/2b-1/2c;0,1/2,1/2","a:-a-b,b-c,1/2a-1/2b-1/2c;1/2,1/2,0","a:a-b,b+c,-1/2a-1/2b+1/2c;1/2,0,1/2" ] },{ "det": 1.0,"i": 3,"subgroup": 199,"subgroupHM": "I213","subgroupIndex": 2,"trSubtype": "","trType": "t","trm": [ "a:a,b,c" ] } ] }