{ "created": "Thu Oct 10 11:53:30 CDT 2024","hm": "Pmmm","nSettings": 72,"nSubgroups": 10,"sg": 47,"subgroups": [ { "det": 1.0,"hm": "P2/m","i": 1,"n": 3,"sg": 10,"subgroupIndex": 2,"trSubtype": "","trType": "t","trms": [ { "conjClass": "a","trm": "c,a,b" },{ "conjClass": "b","trm": "a,b,c" },{ "conjClass": "c","trm": "b,c,a" } ] },{ "det": 1.0,"hm": "P222","i": 2,"n": 1,"sg": 16,"subgroupIndex": 2,"trSubtype": "","trType": "t","trms": [ { "conjClass": "a","trm": "a,b,c" } ] },{ "det": 1.0,"hm": "Pmm2","i": 3,"n": 3,"sg": 25,"subgroupIndex": 2,"trSubtype": "","trType": "t","trms": [ { "conjClass": "a","trm": "b,c,a" },{ "conjClass": "b","trm": "c,a,b" },{ "conjClass": "c","trm": "a,b,c" } ] },{ "det": 1.0,"hm": "Pmmm","i": 4,"n": 6,"sg": 47,"subgroupIndex": 2,"trSubtype": "eu","trType": "k","trms": [ { "conjClass": "a","trm": "a,b,c;0,0,1/2" },{ "conjClass": "b","trm": "a,b,c" },{ "conjClass": "c","trm": "a,b,c;0,1/2,0" },{ "conjClass": "d","trm": "a,b,c" },{ "conjClass": "e","trm": "a,b,c;1/2,0,0" },{ "conjClass": "f","trm": "a,b,c" } ] },{ "det": 1.0,"hm": "Pmmm","i": 5,"n": 9,"sg": 47,"subgroupIndex": 3,"trSubtype": "eu","trType": "k","trms": [ { "conjClass": "a","trm": "a,b,c" },{ "conjClass": "a","trm": "a,b,c;0,0,1" },{ "conjClass": "a","trm": "a,b,c;0,0,2" },{ "conjClass": "b","trm": "a,b,c" },{ "conjClass": "b","trm": "a,b,c;0,1,0" },{ "conjClass": "b","trm": "a,b,c;0,2,0" },{ "conjClass": "c","trm": "a,b,c" },{ "conjClass": "c","trm": "a,b,c;1,0,0" },{ "conjClass": "c","trm": "a,b,c;2,0,0" } ] },{ "det": 1.0,"hm": "Pccm","i": 6,"n": 6,"sg": 49,"subgroupIndex": 2,"trSubtype": "eu","trType": "k","trms": [ { "conjClass": "a","trm": "a,b,c;0,0,1/2" },{ "conjClass": "b","trm": "a,b,c" },{ "conjClass": "c","trm": "c,a,b;0,1/2,0" },{ "conjClass": "d","trm": "c,a,b" },{ "conjClass": "e","trm": "b,c,a;1/2,0,0" },{ "conjClass": "f","trm": "b,c,a" } ] },{ "det": 1.0,"hm": "Pmma","i": 7,"n": 12,"sg": 51,"subgroupIndex": 2,"trSubtype": "eu","trType": "k","trms": [ { "conjClass": "a","trm": "c,b,-a;0,0,1/2" },{ "conjClass": "b","trm": "c,b,-a" },{ "conjClass": "c","trm": "-b,a,c;0,1/2,0" },{ "conjClass": "d","trm": "-b,a,c" },{ "conjClass": "e","trm": "b,c,a;0,1/2,0" },{ "conjClass": "f","trm": "b,c,a" },{ "conjClass": "g","trm": "a,-c,b;1/2,0,0" },{ "conjClass": "h","trm": "a,-c,b" },{ "conjClass": "i","trm": "c,a,b;0,0,1/2" },{ "conjClass": "j","trm": "c,a,b" },{ "conjClass": "k","trm": "a,b,c;1/2,0,0" },{ "conjClass": "l","trm": "a,b,c" } ] },{ "det": 1.0,"hm": "Cmmm","i": 8,"n": 12,"sg": 65,"subgroupIndex": 2,"trSubtype": "eu","trType": "k","trms": [ { "conjClass": "a","trm": "a,b,c;1/2,0,0" },{ "conjClass": "b","trm": "a,b,c" },{ "conjClass": "c","trm": "c,a,b;0,0,1/2" },{ "conjClass": "d","trm": "c,a,b;1/2,0,1/2" },{ "conjClass": "e","trm": "c,a,b;1/2,0,0" },{ "conjClass": "f","trm": "c,a,b" },{ "conjClass": "g","trm": "b,c,a;0,1/2,0" },{ "conjClass": "h","trm": "b,c,a;0,1/2,1/2" },{ "conjClass": "i","trm": "a,b,c;0,1/2,0" },{ "conjClass": "j","trm": "a,b,c;1/2,1/2,0" },{ "conjClass": "k","trm": "b,c,a;0,0,1/2" },{ "conjClass": "l","trm": "b,c,a" } ] },{ "det": 1.0,"hm": "Cmme","i": 9,"n": 12,"sg": 67,"subgroupIndex": 2,"trSubtype": "eu","trType": "k","trms": [ { "conjClass": "a","trm": "a,b,c;0,1/2,0" },{ "conjClass": "b","trm": "a,b,c;1/2,1/2,0" },{ "conjClass": "c","trm": "c,a,b;0,0,1/2" },{ "conjClass": "d","trm": "c,a,b;1/2,0,1/2" },{ "conjClass": "e","trm": "c,a,b;1/2,0,0" },{ "conjClass": "f","trm": "c,a,b" },{ "conjClass": "g","trm": "b,c,a;0,1/2,0" },{ "conjClass": "h","trm": "b,c,a;0,1/2,1/2" },{ "conjClass": "i","trm": "a,b,c;1/2,0,0" },{ "conjClass": "j","trm": "a,b,c" },{ "conjClass": "k","trm": "b,c,a;0,0,1/2" },{ "conjClass": "l","trm": "b,c,a" } ] },{ "det": 1.0,"hm": "Fmmm","i": 10,"n": 8,"sg": 69,"subgroupIndex": 2,"trSubtype": "eu","trType": "k","trms": [ { "conjClass": "a","trm": "a,b,c;1/2,1/2,1/2" },{ "conjClass": "b","trm": "a,b,c;0,1/2,1/2" },{ "conjClass": "c","trm": "a,b,c;0,1/2,0" },{ "conjClass": "d","trm": "a,b,c;1/2,1/2,0" },{ "conjClass": "e","trm": "a,b,c;0,0,1/2" },{ "conjClass": "f","trm": "a,b,c;1/2,0,1/2" },{ "conjClass": "g","trm": "a,b,c;1/2,0,0" },{ "conjClass": "h","trm": "a,b,c" } ] } ] }