{ "HM": "Ama2","created": "Tue Apr 09 11:03:56 CDT 2024","nSettings": 14,"nSubgroups": 8,"sg": 40,"subgroups": [ { "det": 1.0,"i": 1,"subgroup": 5,"subgroupHM": "C2","subgroupIndex": 2,"trSubtype": "","trType": "t","trm": [ "a:b,c,a" ] },{ "det": 0.5,"i": 2,"subgroup": 6,"subgroupHM": "Pm","subgroupIndex": 2,"trSubtype": "","trType": "t","trm": [ "a:1/2b+1/2c,a,1/2b-1/2c;1/4,0,0" ] },{ "det": 1.0,"i": 3,"subgroup": 9,"subgroupHM": "Cc","subgroupIndex": 2,"trSubtype": "","trType": "t","trm": [ "a:c,b,-a" ] },{ "det": 1.0,"i": 4,"subgroup": 28,"subgroupHM": "Pma2","subgroupIndex": 2,"trSubtype": "ct","trType": "k","trm": [ "a:a,b,c" ] },{ "det": 1.0,"i": 5,"subgroup": 31,"subgroupHM": "Pmn21","subgroupIndex": 2,"trSubtype": "ct","trType": "k","trm": [ "a:a,b,c;1/4,1/4,0" ] },{ "det": 1.0,"i": 6,"subgroup": 33,"subgroupHM": "Pna21","subgroupIndex": 2,"trSubtype": "ct","trType": "k","trm": [ "a:a,b,c;0,1/4,0" ] },{ "det": 1.0,"i": 7,"subgroup": 34,"subgroupHM": "Pnn2","subgroupIndex": 2,"trSubtype": "ct","trType": "k","trm": [ "a:a,b,c" ] },{ "det": 3.0,"i": 8,"subgroup": 40,"subgroupHM": "Ama2","subgroupIndex": 3,"trSubtype": "eu","trType": "k","trm": [ "a:a,3b,c","a:a,3b,c;0,1,0","a:a,3b,c;0,2,0","b:3a,b,c","b:3a,b,c;1,0,0","b:3a,b,c;2,0,0","c:a,b,3c" ] } ] }