{ "created": "Thu Oct 10 11:53:51 CDT 2024","hm": "P42/mcm","nSettings": 18,"nSubgroups": 12,"sg": 132,"subgroups": [ { "det": 1.0,"hm": "Pccm","i": 1,"n": 1,"sg": 49,"subgroupIndex": 2,"trSubtype": "","trType": "t","trms": [ { "conjClass": "a","trm": "a,b,c" } ] },{ "det": 2.0,"hm": "Cmmm","i": 2,"n": 1,"sg": 65,"subgroupIndex": 2,"trSubtype": "","trType": "t","trms": [ { "conjClass": "a","trm": "a-b,a+b,c" } ] },{ "det": 1.0,"hm": "P42/m","i": 3,"n": 1,"sg": 84,"subgroupIndex": 2,"trSubtype": "","trType": "t","trms": [ { "conjClass": "a","trm": "a,b,c" } ] },{ "det": 1.0,"hm": "P4222","i": 4,"n": 1,"sg": 93,"subgroupIndex": 2,"trSubtype": "","trType": "t","trms": [ { "conjClass": "a","trm": "a,b,c;0,0,1/4" } ] },{ "det": 1.0,"hm": "P42cm","i": 5,"n": 1,"sg": 101,"subgroupIndex": 2,"trSubtype": "","trType": "t","trms": [ { "conjClass": "a","trm": "a,b,c" } ] },{ "det": 1.0,"hm": "P-42m","i": 6,"n": 1,"sg": 111,"subgroupIndex": 2,"trSubtype": "","trType": "t","trms": [ { "conjClass": "a","trm": "a,b,c;0,0,1/4" } ] },{ "det": 1.0,"hm": "P-4c2","i": 7,"n": 1,"sg": 116,"subgroupIndex": 2,"trSubtype": "","trType": "t","trms": [ { "conjClass": "a","trm": "a,b,c;0,0,1/4" } ] },{ "det": 2.0,"hm": "P42/mmc","i": 8,"n": 2,"sg": 131,"subgroupIndex": 2,"trSubtype": "eu","trType": "k","trms": [ { "conjClass": "a","trm": "a-b,a+b,c;1/2,1/2,0" },{ "conjClass": "b","trm": "a-b,a+b,c" } ] },{ "det": 1.0,"hm": "P42/mcm","i": 9,"n": 3,"sg": 132,"subgroupIndex": 3,"trSubtype": "eu","trType": "k","trms": [ { "conjClass": "a","trm": "a,b,c" },{ "conjClass": "a","trm": "a,b,c;0,0,1" },{ "conjClass": "a","trm": "a,b,c;0,0,2" } ] },{ "det": 2.0,"hm": "P42/nbc","i": 10,"n": 2,"sg": 133,"subgroupIndex": 2,"trSubtype": "eu","trType": "k","trms": [ { "conjClass": "a","trm": "a-b,a+b,c;0,1/2,0" },{ "conjClass": "b","trm": "a-b,a+b,c;1/2,0,0" } ] },{ "det": 2.0,"hm": "P42/mbc","i": 11,"n": 2,"sg": 135,"subgroupIndex": 2,"trSubtype": "eu","trType": "k","trms": [ { "conjClass": "a","trm": "a-b,a+b,c;1/2,1/2,0" },{ "conjClass": "b","trm": "a-b,a+b,c" } ] },{ "det": 2.0,"hm": "P42/nmc","i": 12,"n": 2,"sg": 137,"subgroupIndex": 2,"trSubtype": "eu","trType": "k","trms": [ { "conjClass": "a","trm": "a-b,a+b,c;0,1/2,0" },{ "conjClass": "b","trm": "a-b,a+b,c;1/2,0,0" } ] } ] }