{ "HM": "I4","created": "Tue Apr 09 11:04:11 CDT 2024","nSettings": 4,"nSubgroups": 4,"sg": 79,"subgroups": [ { "det": 1.0,"i": 1,"subgroup": 5,"subgroupHM": "C2","subgroupIndex": 2,"trSubtype": "","trType": "t","trm": [ "a:-a-b,c,b" ] },{ "det": 1.0,"i": 2,"subgroup": 75,"subgroupHM": "P4","subgroupIndex": 2,"trSubtype": "ct","trType": "k","trm": [ "a:a,b,c" ] },{ "det": 1.0,"i": 3,"subgroup": 77,"subgroupHM": "P42","subgroupIndex": 2,"trSubtype": "ct","trType": "k","trm": [ "a:a,b,c;1/2,0,0" ] },{ "det": 3.0,"i": 4,"subgroup": 79,"subgroupHM": "I4","subgroupIndex": 3,"trSubtype": "eu","trType": "k","trm": [ "a:a,b,3c" ] } ] }