{ "created": "Thu Oct 10 11:54:06 CDT 2024","hm": "P-62c","nSettings": 14,"nSubgroups": 7,"sg": 190,"subgroups": [ { "det": 1.0,"hm": "Ama2","i": 1,"n": 3,"sg": 40,"subgroupIndex": 3,"trSubtype": "","trType": "t","trms": [ { "conjClass": "a","trm": "c,-a+b,-a-b" },{ "conjClass": "a","trm": "c,-a-b,a" },{ "conjClass": "a","trm": "c,a+b,b" } ] },{ "det": 1.0,"hm": "P321","i": 2,"n": 1,"sg": 150,"subgroupIndex": 2,"trSubtype": "","trType": "t","trms": [ { "conjClass": "a","trm": "a,b,c" } ] },{ "det": 1.0,"hm": "P31c","i": 3,"n": 1,"sg": 159,"subgroupIndex": 2,"trSubtype": "","trType": "t","trms": [ { "conjClass": "a","trm": "a,b,c" } ] },{ "det": 1.0,"hm": "P-6","i": 4,"n": 1,"sg": 174,"subgroupIndex": 2,"trSubtype": "","trType": "t","trms": [ { "conjClass": "a","trm": "a,b,c;0,0,1/4" } ] },{ "det": 2.0,"hm": "P-6c2","i": 5,"n": 1,"sg": 188,"subgroupIndex": 3,"trSubtype": "eu","trType": "k","trms": [ { "conjClass": "a","trm": "a-b,a+b,c" } ] },{ "det": 1.0,"hm": "P-62c","i": 6,"n": 3,"sg": 190,"subgroupIndex": 3,"trSubtype": "eu","trType": "k","trms": [ { "conjClass": "a","trm": "a,b,c" },{ "conjClass": "a","trm": "a,b,c;0,0,1" },{ "conjClass": "a","trm": "a,b,c;0,0,2" } ] },{ "det": 1.0,"hm": "P-62c","i": 7,"n": 4,"sg": 190,"subgroupIndex": 4,"trSubtype": "eu","trType": "k","trms": [ { "conjClass": "a","trm": "a,b,c" },{ "conjClass": "a","trm": "a,b,c;1,0,0" },{ "conjClass": "a","trm": "a,b,c;0,1,0" },{ "conjClass": "a","trm": "a,b,c;1,1,0" } ] } ] }