{ "created": "Thu Oct 10 11:53:39 CDT 2024","hm": "P4/n","nSettings": 10,"nSubgroups": 6,"sg": 85,"subgroups": [ { "det": 1.0,"hm": "P2/c","i": 1,"n": 1,"sg": 13,"subgroupIndex": 2,"trSubtype": "","trType": "t","trms": [ { "conjClass": "a","trm": "a,c,-a-b;0,1/2,0" } ] },{ "det": 1.0,"hm": "P4","i": 2,"n": 1,"sg": 75,"subgroupIndex": 2,"trSubtype": "","trType": "t","trms": [ { "conjClass": "a","trm": "a,b,c;1/4,1/4,0" } ] },{ "det": 1.0,"hm": "P-4","i": 3,"n": 1,"sg": 81,"subgroupIndex": 2,"trSubtype": "","trType": "t","trms": [ { "conjClass": "a","trm": "a,b,c;1/4,3/4,0" } ] },{ "det": 1.0,"hm": "P4/n","i": 4,"n": 2,"sg": 85,"subgroupIndex": 2,"trSubtype": "eu","trType": "k","trms": [ { "conjClass": "a","trm": "a,b,c;0,0,1/2" },{ "conjClass": "b","trm": "a,b,c" } ] },{ "det": 1.0,"hm": "P4/n","i": 5,"n": 3,"sg": 85,"subgroupIndex": 3,"trSubtype": "eu","trType": "k","trms": [ { "conjClass": "a","trm": "a,b,c" },{ "conjClass": "a","trm": "a,b,c;0,0,1" },{ "conjClass": "a","trm": "a,b,c;0,0,2" } ] },{ "det": 1.0,"hm": "P42/n","i": 6,"n": 2,"sg": 86,"subgroupIndex": 2,"trSubtype": "eu","trType": "k","trms": [ { "conjClass": "a","trm": "a,b,c;0,1/2,1/2" },{ "conjClass": "b","trm": "a,b,c;0,1/2,0" } ] } ] }