{ "created": "Thu Oct 10 11:53:41 CDT 2024","hm": "P4222","nSettings": 18,"nSubgroups": 9,"sg": 93,"subgroups": [ { "det": 1.0,"hm": "P222","i": 1,"n": 1,"sg": 16,"subgroupIndex": 2,"trSubtype": "","trType": "t","trms": [ { "conjClass": "a","trm": "a,b,c" } ] },{ "det": 2.0,"hm": "C222","i": 2,"n": 1,"sg": 21,"subgroupIndex": 2,"trSubtype": "","trType": "t","trms": [ { "conjClass": "a","trm": "a-b,a+b,c;0,0,1/4" } ] },{ "det": 1.0,"hm": "P42","i": 3,"n": 1,"sg": 77,"subgroupIndex": 2,"trSubtype": "","trType": "t","trms": [ { "conjClass": "a","trm": "a,b,c" } ] },{ "det": 1.0,"hm": "P4122","i": 4,"n": 2,"sg": 91,"subgroupIndex": 2,"trSubtype": "eu","trType": "k","trms": [ { "conjClass": "a","trm": "a,b,c;0,0,1/2" },{ "conjClass": "b","trm": "a,b,c" } ] },{ "det": 2.0,"hm": "P4222","i": 5,"n": 2,"sg": 93,"subgroupIndex": 2,"trSubtype": "eu","trType": "k","trms": [ { "conjClass": "a","trm": "a-b,a+b,c;1/2,1/2,1/4" },{ "conjClass": "b","trm": "a-b,a+b,c;0,0,1/4" } ] },{ "det": 1.0,"hm": "P4222","i": 6,"n": 3,"sg": 93,"subgroupIndex": 3,"trSubtype": "eu","trType": "k","trms": [ { "conjClass": "a","trm": "a,b,c" },{ "conjClass": "a","trm": "a,b,c;0,0,1" },{ "conjClass": "a","trm": "a,b,c;0,0,2" } ] },{ "det": 2.0,"hm": "P42212","i": 7,"n": 2,"sg": 94,"subgroupIndex": 2,"trSubtype": "eu","trType": "k","trms": [ { "conjClass": "a","trm": "a-b,a+b,c;1/2,1/2,0" },{ "conjClass": "b","trm": "a-b,a+b,c" } ] },{ "det": 1.0,"hm": "P4322","i": 8,"n": 2,"sg": 95,"subgroupIndex": 2,"trSubtype": "eu","trType": "k","trms": [ { "conjClass": "a","trm": "a,b,c;0,0,1/2" },{ "conjClass": "b","trm": "a,b,c" } ] },{ "det": 2.0,"hm": "I4122","i": 9,"n": 4,"sg": 98,"subgroupIndex": 2,"trSubtype": "eu","trType": "k","trms": [ { "conjClass": "a","trm": "a-b,a+b,c;1/2,0,1/2" },{ "conjClass": "b","trm": "a-b,a+b,c;1/2,0,0" },{ "conjClass": "c","trm": "a-b,a+b,c;0,1/2,1/2" },{ "conjClass": "d","trm": "a-b,a+b,c;0,1/2,0" } ] } ] }