{ "HM": "P6422","created": "Tue Apr 09 11:04:53 CDT 2024","nSettings": 17,"nSubgroups": 8,"sg": 181,"subgroups": [ { "det": 2.0,"i": 1,"subgroup": 21,"subgroupHM": "C222","subgroupIndex": 3,"trSubtype": "","trType": "t","trm": [ "a:-a+b,-a-b,c;0,0,2/3","a:-a-2b,a,c","a:2a+b,b,c;0,0,1/3" ] },{ "det": 1.0,"i": 2,"subgroup": 151,"subgroupHM": "P3112","subgroupIndex": 2,"trSubtype": "","trType": "t","trm": [ "a:a,b,c;0,0,1/3" ] },{ "det": 1.0,"i": 3,"subgroup": 152,"subgroupHM": "P3121","subgroupIndex": 2,"trSubtype": "","trType": "t","trm": [ "a:a,b,c;0,0,1/6" ] },{ "det": 1.0,"i": 4,"subgroup": 172,"subgroupHM": "P64","subgroupIndex": 2,"trSubtype": "","trType": "t","trm": [ "a:a,b,c" ] },{ "det": 2.0,"i": 5,"subgroup": 179,"subgroupHM": "P6522","subgroupIndex": 2,"trSubtype": "eu","trType": "k","trm": [ "a:a,b,2c","b:a,b,2c;0,0,1/2" ] },{ "det": 2.0,"i": 6,"subgroup": 180,"subgroupHM": "P6222","subgroupIndex": 2,"trSubtype": "eu","trType": "k","trm": [ "a:a,b,2c;0,0,1/2","b:a,b,2c" ] },{ "det": 3.0,"i": 7,"subgroup": 181,"subgroupHM": "P6422","subgroupIndex": 3,"trSubtype": "eu","trType": "k","trm": [ "a:a-b,a+2b,c;0,0,1/6","a:a-b,a+2b,c;1,0,1/6","a:a-b,a+2b,c;2,0,1/6" ] },{ "det": 4.0,"i": 8,"subgroup": 181,"subgroupHM": "P6422","subgroupIndex": 4,"trSubtype": "eu","trType": "k","trm": [ "a:2a,2b,c","a:2a,2b,c;1,0,0","a:2a,2b,c;0,1,0","a:2a,2b,c;1,1,0" ] } ] }