{ "HM": "C2","created": "Tue Apr 09 11:03:44 CDT 2024","nSettings": 20,"nSubgroups": 5,"sg": 5,"subgroups": [ { "det": 0.5,"i": 1,"subgroup": 1,"subgroupHM": "P1","subgroupIndex": 2,"trSubtype": "","trType": "t","trm": [ "a:1/2a-1/2b,1/2a+1/2b,c" ] },{ "det": 1.0,"i": 2,"subgroup": 3,"subgroupHM": "P2","subgroupIndex": 2,"trSubtype": "ct","trType": "k","trm": [ "a:a,b,c" ] },{ "det": 1.0,"i": 3,"subgroup": 4,"subgroupHM": "P21","subgroupIndex": 2,"trSubtype": "ct","trType": "k","trm": [ "a:a,b,c;1/4,0,0" ] },{ "det": 2.0,"i": 4,"subgroup": 5,"subgroupHM": "C2","subgroupIndex": 2,"trSubtype": "eu","trType": "k","trm": [ "a:a-2c,b,2c;0,0,1/2","b:a-2c,b,2c","c:a,b,2c;0,0,1/2","d:a,b,2c" ] },{ "det": 3.0,"i": 5,"subgroup": 5,"subgroupHM": "C2","subgroupIndex": 3,"trSubtype": "eu","trType": "k","trm": [ "a:3a,b,c","a:3a,b,c;1,0,0","a:3a,b,c;2,0,0","b:a-4c,b,3c","b:a-4c,b,3c;0,0,1","b:a-4c,b,3c;0,0,2","c:a-2c,b,3c","c:a-2c,b,3c;0,0,1","c:a-2c,b,3c;0,0,2","d:a,b,3c","d:a,b,3c;0,0,1","d:a,b,3c;0,0,2","e:a,3b,c" ] } ] }