{ "created": "Thu Oct 10 11:53:30 CDT 2024","hm": "Ima2","nSettings": 14,"nSubgroups": 8,"sg": 46,"subgroups": [ { "det": 1.0,"hm": "C2","i": 1,"n": 1,"sg": 5,"subgroupIndex": 2,"trSubtype": "","trType": "t","trms": [ { "conjClass": "a","trm": "-a-b,c,b" } ] },{ "det": 1.0,"hm": "Cm","i": 2,"n": 1,"sg": 8,"subgroupIndex": 2,"trSubtype": "","trType": "t","trms": [ { "conjClass": "a","trm": "-b-c,a,c;1/4,0,0" } ] },{ "det": 1.0,"hm": "Cc","i": 3,"n": 1,"sg": 9,"subgroupIndex": 2,"trSubtype": "","trType": "t","trms": [ { "conjClass": "a","trm": "-a-c,b,a" } ] },{ "det": 1.0,"hm": "Pmc21","i": 4,"n": 1,"sg": 26,"subgroupIndex": 2,"trSubtype": "ct","trType": "k","trms": [ { "conjClass": "a","trm": "a,b,c;1/4,1/4,0" } ] },{ "det": 1.0,"hm": "Pma2","i": 5,"n": 1,"sg": 28,"subgroupIndex": 2,"trSubtype": "ct","trType": "k","trms": [ { "conjClass": "a","trm": "a,b,c" } ] },{ "det": 1.0,"hm": "Pnc2","i": 6,"n": 1,"sg": 30,"subgroupIndex": 2,"trSubtype": "ct","trType": "k","trms": [ { "conjClass": "a","trm": "a,b,c" } ] },{ "det": 1.0,"hm": "Pna21","i": 7,"n": 1,"sg": 33,"subgroupIndex": 2,"trSubtype": "ct","trType": "k","trms": [ { "conjClass": "a","trm": "a,b,c;1/4,1/4,0" } ] },{ "det": 1.0,"hm": "Ima2","i": 8,"n": 7,"sg": 46,"subgroupIndex": 3,"trSubtype": "eu","trType": "k","trms": [ { "conjClass": "a","trm": "a,b,c" },{ "conjClass": "a","trm": "a,b,c;0,1,0" },{ "conjClass": "a","trm": "a,b,c;0,2,0" },{ "conjClass": "b","trm": "a,b,c" },{ "conjClass": "b","trm": "a,b,c;1,0,0" },{ "conjClass": "b","trm": "a,b,c;2,0,0" },{ "conjClass": "c","trm": "a,b,c" } ] } ] }