{ "created": "Thu Oct 10 11:54:10 CDT 2024","hm": "P432","nSettings": 18,"nSubgroups": 5,"sg": 207,"subgroups": [ { "det": 1.0,"hm": "P422","i": 1,"n": 3,"sg": 89,"subgroupIndex": 3,"trSubtype": "","trType": "t","trms": [ { "conjClass": "a","trm": "a,b,c" },{ "conjClass": "a","trm": "b,c,a" },{ "conjClass": "a","trm": "c,a,b" } ] },{ "det": 3.0,"hm": "R32","i": 2,"n": 4,"sg": 155,"subgroupIndex": 4,"trSubtype": "","trType": "t","trms": [ { "conjClass": "a","trm": "a-b,b-c,a+b+c" },{ "conjClass": "a","trm": "-a-b,b+c,-a+b-c" },{ "conjClass": "a","trm": "a+b,-b+c,a-b-c" },{ "conjClass": "a","trm": "-a+b,-b-c,-a-b+c" } ] },{ "det": 1.0,"hm": "P23","i": 3,"n": 1,"sg": 195,"subgroupIndex": 2,"trSubtype": "","trType": "t","trms": [ { "conjClass": "a","trm": "a,b,c" } ] },{ "det": 1.0,"hm": "F432","i": 4,"n": 2,"sg": 209,"subgroupIndex": 2,"trSubtype": "eu","trType": "k","trms": [ { "conjClass": "a","trm": "a,b,c;1/2,1/2,1/2" },{ "conjClass": "b","trm": "a,b,c" } ] },{ "det": 1.0,"hm": "I432","i": 5,"n": 8,"sg": 211,"subgroupIndex": 4,"trSubtype": "eu","trType": "k","trms": [ { "conjClass": "a","trm": "a,b,c;1/2,1/2,1/2" },{ "conjClass": "a","trm": "a,b,c;3/2,3/2,1/2" },{ "conjClass": "a","trm": "a,b,c;3/2,1/2,1/2" },{ "conjClass": "a","trm": "a,b,c;1/2,3/2,1/2" },{ "conjClass": "b","trm": "a,b,c" },{ "conjClass": "b","trm": "a,b,c;1,1,0" },{ "conjClass": "b","trm": "a,b,c;1,0,0" },{ "conjClass": "b","trm": "a,b,c;0,1,0" } ] } ] }