{ "created": "Thu Oct 10 11:53:28 CDT 2024","hm": "Cmm2","nSettings": 22,"nSubgroups": 12,"sg": 35,"subgroups": [ { "det": 0.5,"hm": "P2","i": 1,"n": 1,"sg": 3,"subgroupIndex": 2,"trSubtype": "","trType": "t","trms": [ { "conjClass": "a","trm": "1/2a+1/2b,c,1/2a-1/2b" } ] },{ "det": 1.0,"hm": "Cm","i": 2,"n": 2,"sg": 8,"subgroupIndex": 2,"trSubtype": "","trType": "t","trms": [ { "conjClass": "a","trm": "-b,a,c" },{ "conjClass": "b","trm": "a,b,c" } ] },{ "det": 1.0,"hm": "Pmm2","i": 3,"n": 1,"sg": 25,"subgroupIndex": 2,"trSubtype": "ct","trType": "k","trms": [ { "conjClass": "a","trm": "a,b,c" } ] },{ "det": 1.0,"hm": "Pma2","i": 4,"n": 2,"sg": 28,"subgroupIndex": 2,"trSubtype": "ct","trType": "k","trms": [ { "conjClass": "a","trm": "a,b,c;1/4,1/4,0" },{ "conjClass": "b","trm": "-b,a,c;1/4,1/4,0" } ] },{ "det": 1.0,"hm": "Pba2","i": 5,"n": 1,"sg": 32,"subgroupIndex": 2,"trSubtype": "ct","trType": "k","trms": [ { "conjClass": "a","trm": "a,b,c" } ] },{ "det": 1.0,"hm": "Cmm2","i": 6,"n": 1,"sg": 35,"subgroupIndex": 2,"trSubtype": "eu","trType": "k","trms": [ { "conjClass": "a","trm": "a,b,c" } ] },{ "det": 1.0,"hm": "Cmm2","i": 7,"n": 7,"sg": 35,"subgroupIndex": 3,"trSubtype": "eu","trType": "k","trms": [ { "conjClass": "a","trm": "a,b,c" },{ "conjClass": "a","trm": "a,b,c;0,1,0" },{ "conjClass": "a","trm": "a,b,c;0,2,0" },{ "conjClass": "b","trm": "a,b,c" },{ "conjClass": "b","trm": "a,b,c;1,0,0" },{ "conjClass": "b","trm": "a,b,c;2,0,0" },{ "conjClass": "c","trm": "a,b,c" } ] },{ "det": 1.0,"hm": "Cmc21","i": 8,"n": 2,"sg": 36,"subgroupIndex": 2,"trSubtype": "eu","trType": "k","trms": [ { "conjClass": "a","trm": "-b,a,c" },{ "conjClass": "b","trm": "a,b,c" } ] },{ "det": 1.0,"hm": "Ccc2","i": 9,"n": 1,"sg": 37,"subgroupIndex": 2,"trSubtype": "eu","trType": "k","trms": [ { "conjClass": "a","trm": "a,b,c" } ] },{ "det": 1.0,"hm": "Imm2","i": 10,"n": 1,"sg": 44,"subgroupIndex": 2,"trSubtype": "eu","trType": "k","trms": [ { "conjClass": "a","trm": "a,b,c" } ] },{ "det": 1.0,"hm": "Iba2","i": 11,"n": 1,"sg": 45,"subgroupIndex": 2,"trSubtype": "eu","trType": "k","trms": [ { "conjClass": "a","trm": "a,b,c" } ] },{ "det": 1.0,"hm": "Ima2","i": 12,"n": 2,"sg": 46,"subgroupIndex": 2,"trSubtype": "eu","trType": "k","trms": [ { "conjClass": "a","trm": "-b,a,c;1/4,1/4,0" },{ "conjClass": "b","trm": "a,b,c;1/4,1/4,0" } ] } ] }