{ "HM": "P4bm","created": "Tue Apr 09 11:04:17 CDT 2024","nSettings": 8,"nSubgroups": 8,"sg": 100,"subgroups": [ { "det": 1.0,"i": 1,"subgroup": 32,"subgroupHM": "Pba2","subgroupIndex": 2,"trSubtype": "","trType": "t","trm": [ "a:a,b,c" ] },{ "det": 2.0,"i": 2,"subgroup": 35,"subgroupHM": "Cmm2","subgroupIndex": 2,"trSubtype": "","trType": "t","trm": [ "a:a-b,a+b,c;0,1/2,0" ] },{ "det": 1.0,"i": 3,"subgroup": 75,"subgroupHM": "P4","subgroupIndex": 2,"trSubtype": "","trType": "t","trm": [ "a:a,b,c" ] },{ "det": 2.0,"i": 4,"subgroup": 100,"subgroupHM": "P4bm","subgroupIndex": 2,"trSubtype": "eu","trType": "k","trm": [ "a:a,b,2c" ] },{ "det": 3.0,"i": 5,"subgroup": 100,"subgroupHM": "P4bm","subgroupIndex": 3,"trSubtype": "eu","trType": "k","trm": [ "a:a,b,3c" ] },{ "det": 2.0,"i": 6,"subgroup": 102,"subgroupHM": "P42nm","subgroupIndex": 2,"trSubtype": "eu","trType": "k","trm": [ "a:a,b,2c;0,1/2,0" ] },{ "det": 2.0,"i": 7,"subgroup": 104,"subgroupHM": "P4nc","subgroupIndex": 2,"trSubtype": "eu","trType": "k","trm": [ "a:a,b,2c" ] },{ "det": 2.0,"i": 8,"subgroup": 106,"subgroupHM": "P42bc","subgroupIndex": 2,"trSubtype": "eu","trType": "k","trm": [ "a:a,b,2c" ] } ] }