{ "created": "Thu Oct 10 11:53:33 CDT 2024","hm": "Pmmn","nSettings": 24,"nSubgroups": 9,"sg": 59,"subgroups": [ { "det": 1.0,"hm": "P21/m","i": 1,"n": 2,"sg": 11,"subgroupIndex": 2,"trSubtype": "","trType": "t","trms": [ { "conjClass": "a","trm": "c,a,b" },{ "conjClass": "b","trm": "a,b,c" } ] },{ "det": 1.0,"hm": "P2/c","i": 2,"n": 1,"sg": 13,"subgroupIndex": 2,"trSubtype": "","trType": "t","trms": [ { "conjClass": "a","trm": "a,c,-a-b" } ] },{ "det": 1.0,"hm": "P21212","i": 3,"n": 1,"sg": 18,"subgroupIndex": 2,"trSubtype": "","trType": "t","trms": [ { "conjClass": "a","trm": "a,b,c;1/4,1/4,0" } ] },{ "det": 1.0,"hm": "Pmm2","i": 4,"n": 1,"sg": 25,"subgroupIndex": 2,"trSubtype": "","trType": "t","trms": [ { "conjClass": "a","trm": "a,b,c;1/4,1/4,0" } ] },{ "det": 1.0,"hm": "Pmn21","i": 5,"n": 2,"sg": 31,"subgroupIndex": 2,"trSubtype": "","trType": "t","trms": [ { "conjClass": "a","trm": "b,c,a;1/4,1/4,0" },{ "conjClass": "b","trm": "a,-c,b;1/4,1/4,0" } ] },{ "det": 1.0,"hm": "Pccn","i": 6,"n": 2,"sg": 56,"subgroupIndex": 2,"trSubtype": "eu","trType": "k","trms": [ { "conjClass": "a","trm": "a,b,c;0,0,1/2" },{ "conjClass": "b","trm": "a,b,c" } ] },{ "det": 1.0,"hm": "Pmmn","i": 7,"n": 2,"sg": 59,"subgroupIndex": 2,"trSubtype": "eu","trType": "k","trms": [ { "conjClass": "a","trm": "a,b,c;0,0,1/2" },{ "conjClass": "b","trm": "a,b,c" } ] },{ "det": 1.0,"hm": "Pmmn","i": 8,"n": 9,"sg": 59,"subgroupIndex": 3,"trSubtype": "eu","trType": "k","trms": [ { "conjClass": "a","trm": "a,b,c" },{ "conjClass": "a","trm": "a,b,c;0,0,1" },{ "conjClass": "a","trm": "a,b,c;0,0,2" },{ "conjClass": "b","trm": "a,b,c" },{ "conjClass": "b","trm": "a,b,c;0,1,0" },{ "conjClass": "b","trm": "a,b,c;0,2,0" },{ "conjClass": "c","trm": "a,b,c" },{ "conjClass": "c","trm": "a,b,c;1,0,0" },{ "conjClass": "c","trm": "a,b,c;2,0,0" } ] },{ "det": 1.0,"hm": "Pnma","i": 9,"n": 4,"sg": 62,"subgroupIndex": 2,"trSubtype": "eu","trType": "k","trms": [ { "conjClass": "a","trm": "c,a,b;0,0,1/2" },{ "conjClass": "b","trm": "c,a,b" },{ "conjClass": "c","trm": "c,b,-a;0,0,1/2" },{ "conjClass": "d","trm": "c,b,-a" } ] } ] }