{ "HM": "Pn-3","created": "Tue Apr 09 11:05:03 CDT 2024","nSettings": 8,"nSubgroups": 4,"sg": 201,"subgroups": [ { "det": 1.0,"i": 1,"subgroup": 48,"subgroupHM": "Pnnn","subgroupIndex": 3,"trSubtype": "","trType": "t","trm": [ "a:a,b,c" ] },{ "det": 3.0,"i": 2,"subgroup": 148,"subgroupHM": "R-3","subgroupIndex": 4,"trSubtype": "","trType": "t","trm": [ "a:a-b,b-c,a+b+c","a:-a-b,b+c,-a+b-c;1/2,0,1/2","a:a+b,-b+c,a-b-c;0,1/2,1/2","a:-a+b,-b-c,-a-b+c;1/2,1/2,0" ] },{ "det": 1.0,"i": 3,"subgroup": 195,"subgroupHM": "P23","subgroupIndex": 2,"trSubtype": "","trType": "t","trm": [ "a:a,b,c;1/4,1/4,1/4" ] },{ "det": 8.0,"i": 4,"subgroup": 203,"subgroupHM": "Fd-3","subgroupIndex": 2,"trSubtype": "eu","trType": "k","trm": [ "a:2a,2b,2c;1/2,1/2,1/2","b:2a,2b,2c" ] } ] }