{ "HM": "P-3c1","created": "Tue Apr 09 11:04:47 CDT 2024","nSettings": 16,"nSubgroups": 7,"sg": 165,"subgroups": [ { "det": 2.0,"i": 1,"subgroup": 15,"subgroupHM": "C2/c","subgroupIndex": 3,"trSubtype": "","trType": "t","trm": [ "a:-a+b,-a-b,c","a:-a-2b,a,c","a:2a+b,b,c" ] },{ "det": 1.0,"i": 2,"subgroup": 147,"subgroupHM": "P-3","subgroupIndex": 2,"trSubtype": "","trType": "t","trm": [ "a:a,b,c" ] },{ "det": 1.0,"i": 3,"subgroup": 150,"subgroupHM": "P321","subgroupIndex": 2,"trSubtype": "","trType": "t","trm": [ "a:a,b,c;0,0,1/4" ] },{ "det": 1.0,"i": 4,"subgroup": 158,"subgroupHM": "P3c1","subgroupIndex": 2,"trSubtype": "","trType": "t","trm": [ "a:a,b,c" ] },{ "det": 3.0,"i": 5,"subgroup": 163,"subgroupHM": "P-31c","subgroupIndex": 3,"trSubtype": "eu","trType": "k","trm": [ "a:a-b,a+2b,c","a:a-b,a+2b,c;1,0,0","a:a-b,a+2b,c;1,1,0" ] },{ "det": 3.0,"i": 6,"subgroup": 165,"subgroupHM": "P-3c1","subgroupIndex": 3,"trSubtype": "eu","trType": "k","trm": [ "a:a,b,3c","a:a,b,3c;0,0,1","a:a,b,3c;0,0,2" ] },{ "det": 4.0,"i": 7,"subgroup": 165,"subgroupHM": "P-3c1","subgroupIndex": 4,"trSubtype": "eu","trType": "k","trm": [ "a:2a,2b,c","a:2a,2b,c;1,0,0","a:2a,2b,c;0,1,0","a:2a,2b,c;1,1,0" ] } ] }