{ "created": "Thu Oct 10 11:54:03 CDT 2024","hm": "P6122","nSettings": 13,"nSubgroups": 6,"sg": 178,"subgroups": [ { "det": 1.0,"hm": "C2221","i": 1,"n": 3,"sg": 20,"subgroupIndex": 3,"trSubtype": "","trType": "t","trms": [ { "conjClass": "a","trm": "-a+b,-a-b,c;0,0,5/12" },{ "conjClass": "a","trm": "-a-b,a,c;0,0,3/4" },{ "conjClass": "a","trm": "a+b,b,c;0,0,1/12" } ] },{ "det": 1.0,"hm": "P3112","i": 2,"n": 1,"sg": 151,"subgroupIndex": 2,"trSubtype": "","trType": "t","trms": [ { "conjClass": "a","trm": "a,b,c;0,0,1/12" } ] },{ "det": 1.0,"hm": "P3121","i": 3,"n": 1,"sg": 152,"subgroupIndex": 2,"trSubtype": "","trType": "t","trms": [ { "conjClass": "a","trm": "a,b,c;0,0,1/6" } ] },{ "det": 1.0,"hm": "P61","i": 4,"n": 1,"sg": 169,"subgroupIndex": 2,"trSubtype": "","trType": "t","trms": [ { "conjClass": "a","trm": "a,b,c" } ] },{ "det": 2.0,"hm": "P6122","i": 5,"n": 3,"sg": 178,"subgroupIndex": 3,"trSubtype": "eu","trType": "k","trms": [ { "conjClass": "a","trm": "a-b,a+b,c;0,0,5/12" },{ "conjClass": "a","trm": "a-b,a+b,c;0,0,5/12" },{ "conjClass": "a","trm": "a-b,a+b,c;0,0,5/12" } ] },{ "det": 1.0,"hm": "P6122","i": 6,"n": 4,"sg": 178,"subgroupIndex": 4,"trSubtype": "eu","trType": "k","trms": [ { "conjClass": "a","trm": "a,b,c" },{ "conjClass": "a","trm": "a,b,c;1,0,0" },{ "conjClass": "a","trm": "a,b,c;0,1,0" },{ "conjClass": "a","trm": "a,b,c;1,1,0" } ] } ] }