{ "HM": "P4","created": "Tue Apr 09 11:04:10 CDT 2024","nSettings": 8,"nSubgroups": 5,"sg": 75,"subgroups": [ { "det": 1.0,"i": 1,"subgroup": 3,"subgroupHM": "P2","subgroupIndex": 2,"trSubtype": "","trType": "t","trm": [ "a:b,c,a" ] },{ "det": 2.0,"i": 2,"subgroup": 75,"subgroupHM": "P4","subgroupIndex": 2,"trSubtype": "eu","trType": "k","trm": [ "a:a-b,a+b,c;1/2,1/2,0","b:a-b,a+b,c","c:a,b,2c" ] },{ "det": 3.0,"i": 3,"subgroup": 75,"subgroupHM": "P4","subgroupIndex": 3,"trSubtype": "eu","trType": "k","trm": [ "a:a,b,3c" ] },{ "det": 2.0,"i": 4,"subgroup": 77,"subgroupHM": "P42","subgroupIndex": 2,"trSubtype": "eu","trType": "k","trm": [ "a:a,b,2c" ] },{ "det": 4.0,"i": 5,"subgroup": 79,"subgroupHM": "I4","subgroupIndex": 2,"trSubtype": "eu","trType": "k","trm": [ "a:a-b,a+b,2c;1/2,1/2,0","b:a-b,a+b,2c" ] } ] }