{ "created": "Thu Oct 10 11:53:38 CDT 2024","hm": "P42","nSettings": 8,"nSubgroups": 6,"sg": 77,"subgroups": [ { "det": 1.0,"hm": "P2","i": 1,"n": 1,"sg": 3,"subgroupIndex": 2,"trSubtype": "","trType": "t","trms": [ { "conjClass": "a","trm": "b,c,a" } ] },{ "det": 1.0,"hm": "P41","i": 2,"n": 1,"sg": 76,"subgroupIndex": 2,"trSubtype": "eu","trType": "k","trms": [ { "conjClass": "a","trm": "a,b,c" } ] },{ "det": 2.0,"hm": "P42","i": 3,"n": 2,"sg": 77,"subgroupIndex": 2,"trSubtype": "eu","trType": "k","trms": [ { "conjClass": "a","trm": "a-b,a+b,c;1/2,1/2,0" },{ "conjClass": "b","trm": "a-b,a+b,c" } ] },{ "det": 1.0,"hm": "P42","i": 4,"n": 1,"sg": 77,"subgroupIndex": 3,"trSubtype": "eu","trType": "k","trms": [ { "conjClass": "a","trm": "a,b,c" } ] },{ "det": 1.0,"hm": "P43","i": 5,"n": 1,"sg": 78,"subgroupIndex": 2,"trSubtype": "eu","trType": "k","trms": [ { "conjClass": "a","trm": "a,b,c" } ] },{ "det": 2.0,"hm": "I41","i": 6,"n": 2,"sg": 80,"subgroupIndex": 2,"trSubtype": "eu","trType": "k","trms": [ { "conjClass": "a","trm": "a-b,a+b,c;1/2,0,0" },{ "conjClass": "b","trm": "a-b,a+b,c;0,1/2,0" } ] } ] }