{ "HM": "P6/mcc","created": "Tue Apr 09 11:04:59 CDT 2024","nSettings": 20,"nSubgroups": 10,"sg": 192,"subgroups": [ { "det": 2.0,"i": 1,"subgroup": 66,"subgroupHM": "Cccm","subgroupIndex": 3,"trSubtype": "","trType": "t","trm": [ "a:-a+b,-a-b,c","a:-a-2b,a,c","a:2a+b,b,c" ] },{ "det": 1.0,"i": 2,"subgroup": 163,"subgroupHM": "P-31c","subgroupIndex": 2,"trSubtype": "","trType": "t","trm": [ "a:a,b,c" ] },{ "det": 1.0,"i": 3,"subgroup": 165,"subgroupHM": "P-3c1","subgroupIndex": 2,"trSubtype": "","trType": "t","trm": [ "a:a,b,c" ] },{ "det": 1.0,"i": 4,"subgroup": 175,"subgroupHM": "P6/m","subgroupIndex": 2,"trSubtype": "","trType": "t","trm": [ "a:a,b,c" ] },{ "det": 1.0,"i": 5,"subgroup": 177,"subgroupHM": "P622","subgroupIndex": 2,"trSubtype": "","trType": "t","trm": [ "a:a,b,c;0,0,1/4" ] },{ "det": 1.0,"i": 6,"subgroup": 184,"subgroupHM": "P6cc","subgroupIndex": 2,"trSubtype": "","trType": "t","trm": [ "a:a,b,c" ] },{ "det": 1.0,"i": 7,"subgroup": 188,"subgroupHM": "P-6c2","subgroupIndex": 2,"trSubtype": "","trType": "t","trm": [ "a:a,b,c;0,0,1/4" ] },{ "det": 1.0,"i": 8,"subgroup": 190,"subgroupHM": "P-62c","subgroupIndex": 2,"trSubtype": "","trType": "t","trm": [ "a:a,b,c;0,0,1/4" ] },{ "det": 3.0,"i": 9,"subgroup": 192,"subgroupHM": "P6/mcc","subgroupIndex": 3,"trSubtype": "eu","trType": "k","trm": [ "a:a-b,a+2b,c","a:a-b,a+2b,c;1,0,0","a:a-b,a+2b,c;2,0,0","b:a,b,3c","b:a,b,3c;0,0,1","b:a,b,3c;0,0,2" ] },{ "det": 4.0,"i": 10,"subgroup": 192,"subgroupHM": "P6/mcc","subgroupIndex": 4,"trSubtype": "eu","trType": "k","trm": [ "a:2a,2b,c","a:2a,2b,c;1,0,0","a:2a,2b,c;0,1,0","a:2a,2b,c;1,1,0" ] } ] }