{ "HM": "P4/mmm","created": "Tue Apr 09 11:04:24 CDT 2024","nSettings": 34,"nSubgroups": 17,"sg": 123,"subgroups": [ { "det": 1.0,"i": 1,"subgroup": 47,"subgroupHM": "Pmmm","subgroupIndex": 2,"trSubtype": "","trType": "t","trm": [ "a:a,b,c" ] },{ "det": 2.0,"i": 2,"subgroup": 65,"subgroupHM": "Cmmm","subgroupIndex": 2,"trSubtype": "","trType": "t","trm": [ "a:a-b,a+b,c" ] },{ "det": 1.0,"i": 3,"subgroup": 83,"subgroupHM": "P4/m","subgroupIndex": 2,"trSubtype": "","trType": "t","trm": [ "a:a,b,c" ] },{ "det": 1.0,"i": 4,"subgroup": 89,"subgroupHM": "P422","subgroupIndex": 2,"trSubtype": "","trType": "t","trm": [ "a:a,b,c" ] },{ "det": 1.0,"i": 5,"subgroup": 99,"subgroupHM": "P4mm","subgroupIndex": 2,"trSubtype": "","trType": "t","trm": [ "a:a,b,c" ] },{ "det": 1.0,"i": 6,"subgroup": 111,"subgroupHM": "P-42m","subgroupIndex": 2,"trSubtype": "","trType": "t","trm": [ "a:a,b,c" ] },{ "det": 1.0,"i": 7,"subgroup": 115,"subgroupHM": "P-4m2","subgroupIndex": 2,"trSubtype": "","trType": "t","trm": [ "a:a,b,c" ] },{ "det": 2.0,"i": 8,"subgroup": 123,"subgroupHM": "P4/mmm","subgroupIndex": 2,"trSubtype": "eu","trType": "k","trm": [ "a:a-b,a+b,c;1/2,1/2,0","b:a-b,a+b,c","c:a,b,2c;0,0,1/2","d:a,b,2c" ] },{ "det": 3.0,"i": 9,"subgroup": 123,"subgroupHM": "P4/mmm","subgroupIndex": 3,"trSubtype": "eu","trType": "k","trm": [ "a:a,b,3c","a:a,b,3c;0,0,1","a:a,b,3c;0,0,2" ] },{ "det": 2.0,"i": 10,"subgroup": 124,"subgroupHM": "P4/mcc","subgroupIndex": 2,"trSubtype": "eu","trType": "k","trm": [ "a:a,b,2c;0,0,1/2","b:a,b,2c" ] },{ "det": 2.0,"i": 11,"subgroup": 125,"subgroupHM": "P4/nbm","subgroupIndex": 2,"trSubtype": "eu","trType": "k","trm": [ "a:a-b,a+b,c;0,1/2,0","b:a-b,a+b,c;1/2,0,0" ] },{ "det": 2.0,"i": 12,"subgroup": 127,"subgroupHM": "P4/mbm","subgroupIndex": 2,"trSubtype": "eu","trType": "k","trm": [ "a:a-b,a+b,c;1/2,1/2,0","b:a-b,a+b,c" ] },{ "det": 2.0,"i": 13,"subgroup": 129,"subgroupHM": "P4/nmm","subgroupIndex": 2,"trSubtype": "eu","trType": "k","trm": [ "a:a-b,a+b,c;0,1/2,0","b:a-b,a+b,c;1/2,0,0" ] },{ "det": 2.0,"i": 14,"subgroup": 131,"subgroupHM": "P42/mmc","subgroupIndex": 2,"trSubtype": "eu","trType": "k","trm": [ "a:a,b,2c;0,0,1/2","b:a,b,2c" ] },{ "det": 2.0,"i": 15,"subgroup": 132,"subgroupHM": "P42/mcm","subgroupIndex": 2,"trSubtype": "eu","trType": "k","trm": [ "a:a,b,2c;0,0,1/2","b:a,b,2c" ] },{ "det": 4.0,"i": 16,"subgroup": 139,"subgroupHM": "I4/mmm","subgroupIndex": 2,"trSubtype": "eu","trType": "k","trm": [ "a:a-b,a+b,2c;1/2,1/2,1/2","b:a-b,a+b,2c;1/2,1/2,0","c:a-b,a+b,2c;0,0,1/2","d:a-b,a+b,2c" ] },{ "det": 4.0,"i": 17,"subgroup": 140,"subgroupHM": "I4/mcm","subgroupIndex": 2,"trSubtype": "eu","trType": "k","trm": [ "a:a-b,a+b,2c;1/2,1/2,1/2","b:a-b,a+b,2c;1/2,1/2,0","c:a-b,a+b,2c;0,0,1/2","d:a-b,a+b,2c" ] } ] }