{ "created": "Thu Oct 10 11:53:36 CDT 2024","hm": "Fddd","nSettings": 16,"nSubgroups": 4,"sg": 70,"subgroups": [ { "det": 0.5,"hm": "C2/c","i": 1,"n": 3,"sg": 15,"subgroupIndex": 2,"trSubtype": "","trType": "t","trms": [ { "conjClass": "a","trm": "-b,a,1/2b+1/2c" },{ "conjClass": "b","trm": "-c,b,1/2a+1/2c" },{ "conjClass": "c","trm": "b,c,1/2a-1/2b;0,1/4,1/4" } ] },{ "det": 1.0,"hm": "F222","i": 2,"n": 1,"sg": 22,"subgroupIndex": 2,"trSubtype": "","trType": "t","trms": [ { "conjClass": "a","trm": "a,b,c;1/8,1/8,1/8" } ] },{ "det": 1.0,"hm": "Fdd2","i": 3,"n": 3,"sg": 43,"subgroupIndex": 2,"trSubtype": "","trType": "t","trms": [ { "conjClass": "a","trm": "b,c,a;0,3/8,3/8" },{ "conjClass": "b","trm": "c,a,b;3/8,0,3/8" },{ "conjClass": "c","trm": "a,b,c;3/8,3/8,0" } ] },{ "det": 1.0,"hm": "Fddd","i": 4,"n": 9,"sg": 70,"subgroupIndex": 3,"trSubtype": "eu","trType": "k","trms": [ { "conjClass": "a","trm": "a,b,c;1/4,1/4,0" },{ "conjClass": "a","trm": "a,b,c;1/4,1/4,1" },{ "conjClass": "a","trm": "a,b,c;1/4,1/4,2" },{ "conjClass": "b","trm": "a,b,c;1/4,0,1/4" },{ "conjClass": "b","trm": "a,b,c;1/4,1,1/4" },{ "conjClass": "b","trm": "a,b,c;1/4,2,1/4" },{ "conjClass": "c","trm": "a,b,c;0,1/4,1/4" },{ "conjClass": "c","trm": "a,b,c;1,1/4,1/4" },{ "conjClass": "c","trm": "a,b,c;2,1/4,1/4" } ] } ] }