{ "HM": "Immm","created": "Tue Apr 09 11:04:09 CDT 2024","nSettings": 24,"nSubgroups": 8,"sg": 71,"subgroups": [ { "det": 1.0,"i": 1,"subgroup": 12,"subgroupHM": "C2/m","subgroupIndex": 2,"trSubtype": "","trType": "t","trm": [ "a:-b+c,a,b","b:-a-c,b,a","c:-a-b,c,b" ] },{ "det": 1.0,"i": 2,"subgroup": 23,"subgroupHM": "I222","subgroupIndex": 2,"trSubtype": "","trType": "t","trm": [ "a:a,b,c" ] },{ "det": 1.0,"i": 3,"subgroup": 44,"subgroupHM": "Imm2","subgroupIndex": 2,"trSubtype": "","trType": "t","trm": [ "a:b,c,a","b:c,a,b","c:a,b,c" ] },{ "det": 1.0,"i": 4,"subgroup": 47,"subgroupHM": "Pmmm","subgroupIndex": 2,"trSubtype": "ct","trType": "k","trm": [ "a:a,b,c" ] },{ "det": 1.0,"i": 5,"subgroup": 48,"subgroupHM": "Pnnn","subgroupIndex": 2,"trSubtype": "ct","trType": "k","trm": [ "a:a,b,c;1/4,1/4,1/4" ] },{ "det": 1.0,"i": 6,"subgroup": 58,"subgroupHM": "Pnnm","subgroupIndex": 2,"trSubtype": "ct","trType": "k","trm": [ "a:b,c,a","b:c,a,b","c:a,b,c" ] },{ "det": 1.0,"i": 7,"subgroup": 59,"subgroupHM": "Pmmn","subgroupIndex": 2,"trSubtype": "ct","trType": "k","trm": [ "a:b,c,a;1/4,1/4,1/4","b:c,a,b;1/4,1/4,1/4","c:a,b,c;1/4,1/4,1/4" ] },{ "det": 3.0,"i": 8,"subgroup": 71,"subgroupHM": "Immm","subgroupIndex": 3,"trSubtype": "eu","trType": "k","trm": [ "a:a,b,3c","a:a,b,3c;0,0,1","a:a,b,3c;0,0,2","b:a,3b,c","b:a,3b,c;0,1,0","b:a,3b,c;0,2,0","c:3a,b,c","c:3a,b,c;1,0,0","c:3a,b,c;2,0,0" ] } ] }