{ "created": "Thu Oct 10 11:54:12 CDT 2024","hm": "P-43n","nSettings": 16,"nSubgroups": 4,"sg": 218,"subgroups": [ { "det": 1.0,"hm": "P-42c","i": 1,"n": 3,"sg": 112,"subgroupIndex": 3,"trSubtype": "","trType": "t","trms": [ { "conjClass": "a","trm": "a,b,c;0,1/2,1/4" },{ "conjClass": "a","trm": "b,c,a;1/4,0,1/2" },{ "conjClass": "a","trm": "c,a,b;1/2,1/4,0" } ] },{ "det": 3.0,"hm": "R3c","i": 2,"n": 4,"sg": 161,"subgroupIndex": 4,"trSubtype": "","trType": "t","trms": [ { "conjClass": "a","trm": "a-b,b-c,a+b+c" },{ "conjClass": "a","trm": "-a-b,b+c,-a+b-c" },{ "conjClass": "a","trm": "a+b,-b+c,a-b-c" },{ "conjClass": "a","trm": "-a+b,-b-c,-a-b+c" } ] },{ "det": 1.0,"hm": "P23","i": 3,"n": 1,"sg": 195,"subgroupIndex": 2,"trSubtype": "","trType": "t","trms": [ { "conjClass": "a","trm": "a,b,c" } ] },{ "det": 1.0,"hm": "I-43d","i": 4,"n": 8,"sg": 220,"subgroupIndex": 4,"trSubtype": "eu","trType": "k","trms": [ { "conjClass": "a","trm": "a,b,c;1/2,1/2,1/2" },{ "conjClass": "a","trm": "a,b,c;3/2,3/2,1/2" },{ "conjClass": "a","trm": "a,b,c;3/2,1/2,1/2" },{ "conjClass": "a","trm": "a,b,c;1/2,3/2,1/2" },{ "conjClass": "b","trm": "a,b,c" },{ "conjClass": "b","trm": "a,b,c;1,1,0" },{ "conjClass": "b","trm": "a,b,c;1,0,0" },{ "conjClass": "b","trm": "a,b,c;0,1,0" } ] } ] }