{ "HM": "Iba2","created": "Tue Apr 09 11:03:57 CDT 2024","nSettings": 14,"nSubgroups": 6,"sg": 45,"subgroups": [ { "det": 1.0,"i": 1,"subgroup": 5,"subgroupHM": "C2","subgroupIndex": 2,"trSubtype": "","trType": "t","trm": [ "a:-a-b,c,b" ] },{ "det": 1.0,"i": 2,"subgroup": 9,"subgroupHM": "Cc","subgroupIndex": 2,"trSubtype": "","trType": "t","trm": [ "a:-b-c,a,c","b:a-c,b,c" ] },{ "det": 1.0,"i": 3,"subgroup": 27,"subgroupHM": "Pcc2","subgroupIndex": 2,"trSubtype": "ct","trType": "k","trm": [ "a:a,b,c" ] },{ "det": 1.0,"i": 4,"subgroup": 29,"subgroupHM": "Pca21","subgroupIndex": 2,"trSubtype": "ct","trType": "k","trm": [ "a:-b,a,c;1/4,1/4,0","b:a,b,c;1/4,1/4,0" ] },{ "det": 1.0,"i": 5,"subgroup": 32,"subgroupHM": "Pba2","subgroupIndex": 2,"trSubtype": "ct","trType": "k","trm": [ "a:a,b,c" ] },{ "det": 3.0,"i": 6,"subgroup": 45,"subgroupHM": "Iba2","subgroupIndex": 3,"trSubtype": "eu","trType": "k","trm": [ "a:a,3b,c","a:a,3b,c;0,1,0","a:a,3b,c;0,2,0","b:3a,b,c","b:3a,b,c;1,0,0","b:3a,b,c;2,0,0","c:a,b,3c" ] } ] }