{ "HM": "Pa-3","created": "Tue Apr 09 11:05:04 CDT 2024","nSettings": 6,"nSubgroups": 3,"sg": 205,"subgroups": [ { "det": 1.0,"i": 1,"subgroup": 61,"subgroupHM": "Pbca","subgroupIndex": 3,"trSubtype": "","trType": "t","trm": [ "a:a,b,c" ] },{ "det": 3.0,"i": 2,"subgroup": 148,"subgroupHM": "R-3","subgroupIndex": 4,"trSubtype": "","trType": "t","trm": [ "a:a-b,b-c,a+b+c","a:-a-b,b+c,-a+b-c;0,1/2,1/2","a:a+b,-b+c,a-b-c;1/2,1/2,0","a:-a+b,-b-c,-a-b+c;1/2,0,1/2" ] },{ "det": 1.0,"i": 3,"subgroup": 198,"subgroupHM": "P213","subgroupIndex": 2,"trSubtype": "","trType": "t","trm": [ "a:a,b,c" ] } ] }