{ "created": "Thu Oct 10 11:53:30 CDT 2024","hm": "Iba2","nSettings": 14,"nSubgroups": 6,"sg": 45,"subgroups": [ { "det": 1.0,"hm": "C2","i": 1,"n": 1,"sg": 5,"subgroupIndex": 2,"trSubtype": "","trType": "t","trms": [ { "conjClass": "a","trm": "-a-b,c,b" } ] },{ "det": 1.0,"hm": "Cc","i": 2,"n": 2,"sg": 9,"subgroupIndex": 2,"trSubtype": "","trType": "t","trms": [ { "conjClass": "a","trm": "-b-c,a,c" },{ "conjClass": "b","trm": "a-c,b,c" } ] },{ "det": 1.0,"hm": "Pcc2","i": 3,"n": 1,"sg": 27,"subgroupIndex": 2,"trSubtype": "ct","trType": "k","trms": [ { "conjClass": "a","trm": "a,b,c" } ] },{ "det": 1.0,"hm": "Pca21","i": 4,"n": 2,"sg": 29,"subgroupIndex": 2,"trSubtype": "ct","trType": "k","trms": [ { "conjClass": "a","trm": "-b,a,c;1/4,1/4,0" },{ "conjClass": "b","trm": "a,b,c;1/4,1/4,0" } ] },{ "det": 1.0,"hm": "Pba2","i": 5,"n": 1,"sg": 32,"subgroupIndex": 2,"trSubtype": "ct","trType": "k","trms": [ { "conjClass": "a","trm": "a,b,c" } ] },{ "det": 1.0,"hm": "Iba2","i": 6,"n": 7,"sg": 45,"subgroupIndex": 3,"trSubtype": "eu","trType": "k","trms": [ { "conjClass": "a","trm": "a,b,c" },{ "conjClass": "a","trm": "a,b,c;0,1,0" },{ "conjClass": "a","trm": "a,b,c;0,2,0" },{ "conjClass": "b","trm": "a,b,c" },{ "conjClass": "b","trm": "a,b,c;1,0,0" },{ "conjClass": "b","trm": "a,b,c;2,0,0" },{ "conjClass": "c","trm": "a,b,c" } ] } ] }