{ "HM": "I-43m","created": "Tue Apr 09 11:05:07 CDT 2024","nSettings": 10,"nSubgroups": 5,"sg": 217,"subgroups": [ { "det": 1.0,"i": 1,"subgroup": 121,"subgroupHM": "I-42m","subgroupIndex": 3,"trSubtype": "","trType": "t","trm": [ "a:a,b,c","a:b,c,a","a:c,a,b" ] },{ "det": 1.5,"i": 2,"subgroup": 160,"subgroupHM": "R3m","subgroupIndex": 4,"trSubtype": "","trType": "t","trm": [ "a:-a+b,-b+c,1/2a+1/2b+1/2c","a:a+b,-b-c,-1/2a+1/2b-1/2c","a:-a-b,b-c,1/2a-1/2b-1/2c","a:a-b,b+c,-1/2a-1/2b+1/2c" ] },{ "det": 1.0,"i": 3,"subgroup": 197,"subgroupHM": "I23","subgroupIndex": 2,"trSubtype": "","trType": "t","trm": [ "a:a,b,c" ] },{ "det": 1.0,"i": 4,"subgroup": 215,"subgroupHM": "P-43m","subgroupIndex": 2,"trSubtype": "ct","trType": "k","trm": [ "a:a,b,c" ] },{ "det": 1.0,"i": 5,"subgroup": 218,"subgroupHM": "P-43n","subgroupIndex": 2,"trSubtype": "ct","trType": "k","trm": [ "a:a,b,c" ] } ] }