{ "created": "Thu Oct 10 11:53:42 CDT 2024","hm": "I4122","nSettings": 10,"nSubgroups": 8,"sg": 98,"subgroups": [ { "det": 2.0,"hm": "F222","i": 1,"n": 1,"sg": 22,"subgroupIndex": 2,"trSubtype": "","trType": "t","trms": [ { "conjClass": "a","trm": "a-b,a+b,c" } ] },{ "det": 1.0,"hm": "I212121","i": 2,"n": 1,"sg": 24,"subgroupIndex": 2,"trSubtype": "","trType": "t","trms": [ { "conjClass": "a","trm": "a,b,c;0,1/4,3/8" } ] },{ "det": 1.0,"hm": "I41","i": 3,"n": 1,"sg": 80,"subgroupIndex": 2,"trSubtype": "","trType": "t","trms": [ { "conjClass": "a","trm": "a,b,c" } ] },{ "det": 1.0,"hm": "P4122","i": 4,"n": 1,"sg": 91,"subgroupIndex": 2,"trSubtype": "ct","trType": "k","trms": [ { "conjClass": "a","trm": "a,b,c;3/4,1/4,3/8" } ] },{ "det": 1.0,"hm": "P41212","i": 5,"n": 1,"sg": 92,"subgroupIndex": 2,"trSubtype": "ct","trType": "k","trms": [ { "conjClass": "a","trm": "a,b,c;1/4,1/4,0" } ] },{ "det": 1.0,"hm": "P4322","i": 6,"n": 1,"sg": 95,"subgroupIndex": 2,"trSubtype": "ct","trType": "k","trms": [ { "conjClass": "a","trm": "a,b,c;1/4,1/4,3/8" } ] },{ "det": 1.0,"hm": "P43212","i": 7,"n": 1,"sg": 96,"subgroupIndex": 2,"trSubtype": "ct","trType": "k","trms": [ { "conjClass": "a","trm": "a,b,c;1/4,3/4,1/4" } ] },{ "det": 1.0,"hm": "I4122","i": 8,"n": 3,"sg": 98,"subgroupIndex": 3,"trSubtype": "eu","trType": "k","trms": [ { "conjClass": "a","trm": "a,b,c;1/2,0,1/4" },{ "conjClass": "a","trm": "a,b,c;1/2,0,5/4" },{ "conjClass": "a","trm": "a,b,c;1/2,0,9/4" } ] } ] }