{ "created": "Thu Oct 10 11:53:35 CDT 2024","hm": "Cmme","nSettings": 40,"nSubgroups": 16,"sg": 67,"subgroups": [ { "det": 1.0,"hm": "C2/m","i": 1,"n": 2,"sg": 12,"subgroupIndex": 2,"trSubtype": "","trType": "t","trms": [ { "conjClass": "a","trm": "-b,a,c" },{ "conjClass": "b","trm": "a,b,c;1/4,1/4,0" } ] },{ "det": 0.5,"hm": "P2/c","i": 2,"n": 1,"sg": 13,"subgroupIndex": 2,"trSubtype": "","trType": "t","trms": [ { "conjClass": "a","trm": "-1/2a+1/2b,c,a" } ] },{ "det": 1.0,"hm": "C222","i": 3,"n": 1,"sg": 21,"subgroupIndex": 2,"trSubtype": "","trType": "t","trms": [ { "conjClass": "a","trm": "a,b,c;1/4,0,0" } ] },{ "det": 1.0,"hm": "Cmm2","i": 4,"n": 1,"sg": 35,"subgroupIndex": 2,"trSubtype": "","trType": "t","trms": [ { "conjClass": "a","trm": "a,b,c;0,1/4,0" } ] },{ "det": 1.0,"hm": "Aem2","i": 5,"n": 2,"sg": 39,"subgroupIndex": 2,"trSubtype": "","trType": "t","trms": [ { "conjClass": "a","trm": "c,b,-a" },{ "conjClass": "b","trm": "c,a,b;1/4,0,0" } ] },{ "det": 1.0,"hm": "Pccm","i": 6,"n": 2,"sg": 49,"subgroupIndex": 2,"trSubtype": "ct","trType": "k","trms": [ { "conjClass": "a","trm": "c,a,b;1/4,1/4,0" },{ "conjClass": "b","trm": "b,c,a" } ] },{ "det": 1.0,"hm": "Pmma","i": 7,"n": 2,"sg": 51,"subgroupIndex": 2,"trSubtype": "ct","trType": "k","trms": [ { "conjClass": "a","trm": "a,b,c;1/4,1/4,0" },{ "conjClass": "b","trm": "-b,a,c" } ] },{ "det": 1.0,"hm": "Pcca","i": 8,"n": 2,"sg": 54,"subgroupIndex": 2,"trSubtype": "ct","trType": "k","trms": [ { "conjClass": "a","trm": "a,-c,b" },{ "conjClass": "b","trm": "b,c,a;1/4,1/4,0" } ] },{ "det": 1.0,"hm": "Pbcm","i": 9,"n": 2,"sg": 57,"subgroupIndex": 2,"trSubtype": "ct","trType": "k","trms": [ { "conjClass": "a","trm": "c,b,-a;1/4,1/4,0" },{ "conjClass": "b","trm": "c,a,b" } ] },{ "det": 1.0,"hm": "Cmce","i": 10,"n": 4,"sg": 64,"subgroupIndex": 2,"trSubtype": "eu","trType": "k","trms": [ { "conjClass": "a","trm": "a,b,c;0,0,1/2" },{ "conjClass": "b","trm": "a,b,c" },{ "conjClass": "c","trm": "-b,a,c;1/4,1/4,1/2" },{ "conjClass": "d","trm": "-b,a,c;1/4,1/4,0" } ] },{ "det": 1.0,"hm": "Cmme","i": 11,"n": 2,"sg": 67,"subgroupIndex": 2,"trSubtype": "eu","trType": "k","trms": [ { "conjClass": "a","trm": "a,b,c;0,0,1/2" },{ "conjClass": "b","trm": "a,b,c" } ] },{ "det": 1.0,"hm": "Cmme","i": 12,"n": 9,"sg": 67,"subgroupIndex": 3,"trSubtype": "eu","trType": "k","trms": [ { "conjClass": "a","trm": "a,b,c" },{ "conjClass": "a","trm": "a,b,c;0,0,1" },{ "conjClass": "a","trm": "a,b,c;0,0,2" },{ "conjClass": "b","trm": "a,b,c" },{ "conjClass": "b","trm": "a,b,c;0,1,0" },{ "conjClass": "b","trm": "a,b,c;0,2,0" },{ "conjClass": "c","trm": "a,b,c" },{ "conjClass": "c","trm": "a,b,c;1,0,0" },{ "conjClass": "c","trm": "a,b,c;2,0,0" } ] },{ "det": 1.0,"hm": "Ccce","i": 13,"n": 2,"sg": 68,"subgroupIndex": 2,"trSubtype": "eu","trType": "k","trms": [ { "conjClass": "a","trm": "a,b,c;1/4,1/4,1/2" },{ "conjClass": "b","trm": "a,b,c;1/4,1/4,0" } ] },{ "det": 1.0,"hm": "Ibam","i": 14,"n": 4,"sg": 72,"subgroupIndex": 2,"trSubtype": "eu","trType": "k","trms": [ { "conjClass": "a","trm": "b,c,a;0,0,1/2" },{ "conjClass": "b","trm": "b,c,a" },{ "conjClass": "c","trm": "c,a,b;1/4,1/4,0" },{ "conjClass": "d","trm": "c,a,b;1/4,1/4,1/2" } ] },{ "det": 1.0,"hm": "Ibca","i": 15,"n": 2,"sg": 73,"subgroupIndex": 2,"trSubtype": "eu","trType": "k","trms": [ { "conjClass": "a","trm": "a,b,c;0,0,1/2" },{ "conjClass": "b","trm": "a,b,c" } ] },{ "det": 1.0,"hm": "Imma","i": 16,"n": 2,"sg": 74,"subgroupIndex": 2,"trSubtype": "eu","trType": "k","trms": [ { "conjClass": "a","trm": "a,b,c;0,0,1/2" },{ "conjClass": "b","trm": "a,b,c" } ] } ] }