{ "HM": "R-3","created": "Tue Apr 09 11:04:39 CDT 2024","nSettings": 11,"nSubgroups": 5,"sg": 148,"subgroups": [ { "det": 0.3333333333333333,"i": 1,"subgroup": 2,"subgroupHM": "P-1","subgroupIndex": 3,"trSubtype": "","trType": "t","trm": [ "a:a,b,-1/3a-2/3b+1/3c" ] },{ "det": 1.0,"i": 2,"subgroup": 146,"subgroupHM": "R3","subgroupIndex": 2,"trSubtype": "","trType": "t","trm": [ "a:a,b,c" ] },{ "det": 1.0,"i": 3,"subgroup": 147,"subgroupHM": "P-3","subgroupIndex": 3,"trSubtype": "ct","trType": "k","trm": [ "a:a,b,c","a:a,b,c;2/3,1/3,1/3","a:a,b,c;1/3,2/3,2/3" ] },{ "det": 2.0,"i": 4,"subgroup": 148,"subgroupHM": "R-3","subgroupIndex": 2,"trSubtype": "eu","trType": "k","trm": [ "a:-b,a+b,2c;0,0,1/2","b:-b,a+b,2c" ] },{ "det": 4.0,"i": 5,"subgroup": 148,"subgroupHM": "R-3","subgroupIndex": 4,"trSubtype": "eu","trType": "k","trm": [ "a:-2b,2a+2b,c","a:-2b,2a+2b,c;1,0,0","a:-2b,2a+2b,c;0,1,0","a:-2b,2a+2b,c;1,1,0" ] } ] }