{ "HM": "P61","created": "Tue Apr 09 11:04:48 CDT 2024","nSettings": 9,"nSubgroups": 4,"sg": 169,"subgroups": [ { "det": 1.0,"i": 1,"subgroup": 4,"subgroupHM": "P21","subgroupIndex": 3,"trSubtype": "","trType": "t","trm": [ "a:b,c,a" ] },{ "det": 1.0,"i": 2,"subgroup": 144,"subgroupHM": "P31","subgroupIndex": 2,"trSubtype": "","trType": "t","trm": [ "a:a,b,c" ] },{ "det": 3.0,"i": 3,"subgroup": 169,"subgroupHM": "P61","subgroupIndex": 3,"trSubtype": "eu","trType": "k","trm": [ "a:a-b,a+2b,c","a:a-b,a+2b,c;1,0,0","a:a-b,a+2b,c;2,0,0" ] },{ "det": 4.0,"i": 4,"subgroup": 169,"subgroupHM": "P61","subgroupIndex": 4,"trSubtype": "eu","trType": "k","trm": [ "a:2a,2b,c","a:2a,2b,c;1,0,0","a:2a,2b,c;0,1,0","a:2a,2b,c;1,1,0" ] } ] }