{ "created": "Thu Oct 10 11:53:41 CDT 2024","hm": "P4322","nSettings": 10,"nSubgroups": 6,"sg": 95,"subgroups": [ { "det": 1.0,"hm": "P2221","i": 1,"n": 1,"sg": 17,"subgroupIndex": 2,"trSubtype": "","trType": "t","trms": [ { "conjClass": "a","trm": "a,b,c;0,0,1/4" } ] },{ "det": 2.0,"hm": "C2221","i": 2,"n": 1,"sg": 20,"subgroupIndex": 2,"trSubtype": "","trType": "t","trms": [ { "conjClass": "a","trm": "a-b,a+b,c;0,0,3/8" } ] },{ "det": 1.0,"hm": "P43","i": 3,"n": 1,"sg": 78,"subgroupIndex": 2,"trSubtype": "","trType": "t","trms": [ { "conjClass": "a","trm": "a,b,c" } ] },{ "det": 1.0,"hm": "P4122","i": 4,"n": 3,"sg": 91,"subgroupIndex": 3,"trSubtype": "eu","trType": "k","trms": [ { "conjClass": "a","trm": "a,b,c" },{ "conjClass": "a","trm": "a,b,c;0,0,1" },{ "conjClass": "a","trm": "a,b,c;0,0,2" } ] },{ "det": 2.0,"hm": "P4322","i": 5,"n": 2,"sg": 95,"subgroupIndex": 2,"trSubtype": "eu","trType": "k","trms": [ { "conjClass": "a","trm": "a-b,a+b,c;1/2,1/2,1/8" },{ "conjClass": "b","trm": "a-b,a+b,c;0,0,1/8" } ] },{ "det": 2.0,"hm": "P43212","i": 6,"n": 2,"sg": 96,"subgroupIndex": 2,"trSubtype": "eu","trType": "k","trms": [ { "conjClass": "a","trm": "a-b,a+b,c;1/2,1/2,1/4" },{ "conjClass": "b","trm": "a-b,a+b,c;0,0,1/4" } ] } ] }