{ "created": "Thu Oct 10 11:53:43 CDT 2024","hm": "P42nm","nSettings": 8,"nSubgroups": 6,"sg": 102,"subgroups": [ { "det": 1.0,"hm": "Pnn2","i": 1,"n": 1,"sg": 34,"subgroupIndex": 2,"trSubtype": "","trType": "t","trms": [ { "conjClass": "a","trm": "a,b,c" } ] },{ "det": 2.0,"hm": "Cmm2","i": 2,"n": 1,"sg": 35,"subgroupIndex": 2,"trSubtype": "","trType": "t","trms": [ { "conjClass": "a","trm": "a-b,a+b,c" } ] },{ "det": 1.0,"hm": "P42","i": 3,"n": 1,"sg": 77,"subgroupIndex": 2,"trSubtype": "","trType": "t","trms": [ { "conjClass": "a","trm": "a,b,c;0,1/2,0" } ] },{ "det": 1.0,"hm": "P42nm","i": 4,"n": 1,"sg": 102,"subgroupIndex": 3,"trSubtype": "eu","trType": "k","trms": [ { "conjClass": "a","trm": "a,b,c" } ] },{ "det": 2.0,"hm": "I41md","i": 5,"n": 2,"sg": 109,"subgroupIndex": 2,"trSubtype": "eu","trType": "k","trms": [ { "conjClass": "a","trm": "a-b,a+b,c;1/2,1/2,0" },{ "conjClass": "b","trm": "a-b,a+b,c" } ] },{ "det": 2.0,"hm": "I41cd","i": 6,"n": 2,"sg": 110,"subgroupIndex": 2,"trSubtype": "eu","trType": "k","trms": [ { "conjClass": "a","trm": "a-b,a+b,c;1/2,1/2,0" },{ "conjClass": "b","trm": "a-b,a+b,c" } ] } ] }