{ "created": "Thu Oct 10 11:54:09 CDT 2024","hm": "I23","nSettings": 6,"nSubgroups": 3,"sg": 197,"subgroups": [ { "det": 1.0,"hm": "I222","i": 1,"n": 1,"sg": 23,"subgroupIndex": 3,"trSubtype": "","trType": "t","trms": [ { "conjClass": "a","trm": "a,b,c" } ] },{ "det": 1.5,"hm": "R3","i": 2,"n": 4,"sg": 146,"subgroupIndex": 4,"trSubtype": "","trType": "t","trms": [ { "conjClass": "a","trm": "-a+b,-b+c,1/2a+1/2b+1/2c" },{ "conjClass": "a","trm": "a+b,-b-c,-1/2a+1/2b-1/2c" },{ "conjClass": "a","trm": "-a-b,b-c,1/2a-1/2b-1/2c" },{ "conjClass": "a","trm": "a-b,b+c,-1/2a-1/2b+1/2c" } ] },{ "det": 1.0,"hm": "P23","i": 3,"n": 1,"sg": 195,"subgroupIndex": 2,"trSubtype": "ct","trType": "k","trms": [ { "conjClass": "a","trm": "a,b,c" } ] } ] }