{ "created": "Thu Oct 10 11:53:33 CDT 2024","hm": "Pbca","nSettings": 16,"nSubgroups": 4,"sg": 61,"subgroups": [ { "det": 1.0,"hm": "P21/c","i": 1,"n": 3,"sg": 14,"subgroupIndex": 2,"trSubtype": "","trType": "t","trms": [ { "conjClass": "a","trm": "c,a,b" },{ "conjClass": "b","trm": "a,b,c" },{ "conjClass": "c","trm": "b,c,a" } ] },{ "det": 1.0,"hm": "P212121","i": 2,"n": 1,"sg": 19,"subgroupIndex": 2,"trSubtype": "","trType": "t","trms": [ { "conjClass": "a","trm": "a,b,c" } ] },{ "det": 1.0,"hm": "Pca21","i": 3,"n": 3,"sg": 29,"subgroupIndex": 2,"trSubtype": "","trType": "t","trms": [ { "conjClass": "a","trm": "c,b,-a;0,1/4,0" },{ "conjClass": "b","trm": "a,-c,b;0,0,1/4" },{ "conjClass": "c","trm": "-b,a,c;1/4,0,0" } ] },{ "det": 1.0,"hm": "Pbca","i": 4,"n": 9,"sg": 61,"subgroupIndex": 3,"trSubtype": "eu","trType": "k","trms": [ { "conjClass": "a","trm": "a,b,c" },{ "conjClass": "a","trm": "a,b,c;0,0,1" },{ "conjClass": "a","trm": "a,b,c;0,0,2" },{ "conjClass": "b","trm": "a,b,c" },{ "conjClass": "b","trm": "a,b,c;0,1,0" },{ "conjClass": "b","trm": "a,b,c;0,2,0" },{ "conjClass": "c","trm": "a,b,c" },{ "conjClass": "c","trm": "a,b,c;1,0,0" },{ "conjClass": "c","trm": "a,b,c;2,0,0" } ] } ] }