{ "HM": "P4/nmm","created": "Tue Apr 09 11:04:28 CDT 2024","nSettings": 18,"nSubgroups": 12,"sg": 129,"subgroups": [ { "det": 1.0,"i": 1,"subgroup": 59,"subgroupHM": "Pmmn","subgroupIndex": 2,"trSubtype": "","trType": "t","trm": [ "a:a,b,c" ] },{ "det": 2.0,"i": 2,"subgroup": 67,"subgroupHM": "Cmme","subgroupIndex": 2,"trSubtype": "","trType": "t","trm": [ "a:a-b,a+b,c" ] },{ "det": 1.0,"i": 3,"subgroup": 85,"subgroupHM": "P4/n","subgroupIndex": 2,"trSubtype": "","trType": "t","trm": [ "a:a,b,c" ] },{ "det": 1.0,"i": 4,"subgroup": 90,"subgroupHM": "P4212","subgroupIndex": 2,"trSubtype": "","trType": "t","trm": [ "a:a,b,c;1/4,3/4,0" ] },{ "det": 1.0,"i": 5,"subgroup": 99,"subgroupHM": "P4mm","subgroupIndex": 2,"trSubtype": "","trType": "t","trm": [ "a:a,b,c;1/4,1/4,0" ] },{ "det": 1.0,"i": 6,"subgroup": 113,"subgroupHM": "P-421m","subgroupIndex": 2,"trSubtype": "","trType": "t","trm": [ "a:a,b,c;1/4,3/4,0" ] },{ "det": 1.0,"i": 7,"subgroup": 115,"subgroupHM": "P-4m2","subgroupIndex": 2,"trSubtype": "","trType": "t","trm": [ "a:a,b,c;1/4,3/4,0" ] },{ "det": 2.0,"i": 8,"subgroup": 129,"subgroupHM": "P4/nmm","subgroupIndex": 2,"trSubtype": "eu","trType": "k","trm": [ "a:a,b,2c;0,0,1/2","b:a,b,2c" ] },{ "det": 3.0,"i": 9,"subgroup": 129,"subgroupHM": "P4/nmm","subgroupIndex": 3,"trSubtype": "eu","trType": "k","trm": [ "a:a,b,3c","a:a,b,3c;0,0,1","a:a,b,3c;0,0,2" ] },{ "det": 2.0,"i": 10,"subgroup": 130,"subgroupHM": "P4/ncc","subgroupIndex": 2,"trSubtype": "eu","trType": "k","trm": [ "a:a,b,2c;0,0,1/2","b:a,b,2c" ] },{ "det": 2.0,"i": 11,"subgroup": 137,"subgroupHM": "P42/nmc","subgroupIndex": 2,"trSubtype": "eu","trType": "k","trm": [ "a:a,b,2c;0,0,1/2","b:a,b,2c" ] },{ "det": 2.0,"i": 12,"subgroup": 138,"subgroupHM": "P42/ncm","subgroupIndex": 2,"trSubtype": "eu","trType": "k","trm": [ "a:a,b,2c;0,0,1/2","b:a,b,2c" ] } ] }