{ "created": "Thu Oct 10 11:53:41 CDT 2024","hm": "P43212","nSettings": 6,"nSubgroups": 4,"sg": 96,"subgroups": [ { "det": 1.0,"hm": "P212121","i": 1,"n": 1,"sg": 19,"subgroupIndex": 2,"trSubtype": "","trType": "t","trms": [ { "conjClass": "a","trm": "a,b,c;1/4,0,1/8" } ] },{ "det": 2.0,"hm": "C2221","i": 2,"n": 1,"sg": 20,"subgroupIndex": 2,"trSubtype": "","trType": "t","trms": [ { "conjClass": "a","trm": "a-b,a+b,c;0,0,1/4" } ] },{ "det": 1.0,"hm": "P43","i": 3,"n": 1,"sg": 78,"subgroupIndex": 2,"trSubtype": "","trType": "t","trms": [ { "conjClass": "a","trm": "a,b,c;0,1/2,0" } ] },{ "det": 1.0,"hm": "P41212","i": 4,"n": 3,"sg": 92,"subgroupIndex": 3,"trSubtype": "eu","trType": "k","trms": [ { "conjClass": "a","trm": "a,b,c" },{ "conjClass": "a","trm": "a,b,c;0,0,1" },{ "conjClass": "a","trm": "a,b,c;0,0,2" } ] } ] }