{ "HM": "P42/mbc","created": "Tue Apr 09 11:04:32 CDT 2024","nSettings": 10,"nSubgroups": 8,"sg": 135,"subgroups": [ { "det": 1.0,"i": 1,"subgroup": 55,"subgroupHM": "Pbam","subgroupIndex": 2,"trSubtype": "","trType": "t","trm": [ "a:a,b,c" ] },{ "det": 2.0,"i": 2,"subgroup": 66,"subgroupHM": "Cccm","subgroupIndex": 2,"trSubtype": "","trType": "t","trm": [ "a:a-b,a+b,c;0,1/2,0" ] },{ "det": 1.0,"i": 3,"subgroup": 84,"subgroupHM": "P42/m","subgroupIndex": 2,"trSubtype": "","trType": "t","trm": [ "a:a,b,c" ] },{ "det": 1.0,"i": 4,"subgroup": 94,"subgroupHM": "P42212","subgroupIndex": 2,"trSubtype": "","trType": "t","trm": [ "a:a,b,c;0,1/2,1/4" ] },{ "det": 1.0,"i": 5,"subgroup": 106,"subgroupHM": "P42bc","subgroupIndex": 2,"trSubtype": "","trType": "t","trm": [ "a:a,b,c" ] },{ "det": 1.0,"i": 6,"subgroup": 114,"subgroupHM": "P-421c","subgroupIndex": 2,"trSubtype": "","trType": "t","trm": [ "a:a,b,c;0,0,1/4" ] },{ "det": 1.0,"i": 7,"subgroup": 117,"subgroupHM": "P-4b2","subgroupIndex": 2,"trSubtype": "","trType": "t","trm": [ "a:a,b,c;0,0,1/4" ] },{ "det": 3.0,"i": 8,"subgroup": 135,"subgroupHM": "P42/mbc","subgroupIndex": 3,"trSubtype": "eu","trType": "k","trm": [ "a:a,b,3c","a:a,b,3c;0,0,1","a:a,b,3c;0,0,2" ] } ] }