{ "HM": "I432","created": "Tue Apr 09 11:05:06 CDT 2024","nSettings": 10,"nSubgroups": 5,"sg": 211,"subgroups": [ { "det": 1.0,"i": 1,"subgroup": 97,"subgroupHM": "I422","subgroupIndex": 3,"trSubtype": "","trType": "t","trm": [ "a:a,b,c","a:b,c,a","a:c,a,b" ] },{ "det": 1.5,"i": 2,"subgroup": 155,"subgroupHM": "R32","subgroupIndex": 4,"trSubtype": "","trType": "t","trm": [ "a:-a+b,-b+c,1/2a+1/2b+1/2c","a:a+b,-b-c,-1/2a+1/2b-1/2c","a:-a-b,b-c,1/2a-1/2b-1/2c","a:a-b,b+c,-1/2a-1/2b+1/2c" ] },{ "det": 1.0,"i": 3,"subgroup": 197,"subgroupHM": "I23","subgroupIndex": 2,"trSubtype": "","trType": "t","trm": [ "a:a,b,c" ] },{ "det": 1.0,"i": 4,"subgroup": 207,"subgroupHM": "P432","subgroupIndex": 2,"trSubtype": "ct","trType": "k","trm": [ "a:a,b,c" ] },{ "det": 1.0,"i": 5,"subgroup": 208,"subgroupHM": "P4232","subgroupIndex": 2,"trSubtype": "ct","trType": "k","trm": [ "a:a,b,c" ] } ] }