{ "created": "Thu Oct 10 11:54:11 CDT 2024","hm": "I432","nSettings": 10,"nSubgroups": 5,"sg": 211,"subgroups": [ { "det": 1.0,"hm": "I422","i": 1,"n": 3,"sg": 97,"subgroupIndex": 3,"trSubtype": "","trType": "t","trms": [ { "conjClass": "a","trm": "a,b,c" },{ "conjClass": "a","trm": "b,c,a" },{ "conjClass": "a","trm": "c,a,b" } ] },{ "det": 1.5,"hm": "R32","i": 2,"n": 4,"sg": 155,"subgroupIndex": 4,"trSubtype": "","trType": "t","trms": [ { "conjClass": "a","trm": "-a+b,-b+c,1/2a+1/2b+1/2c" },{ "conjClass": "a","trm": "a+b,-b-c,-1/2a+1/2b-1/2c" },{ "conjClass": "a","trm": "-a-b,b-c,1/2a-1/2b-1/2c" },{ "conjClass": "a","trm": "a-b,b+c,-1/2a-1/2b+1/2c" } ] },{ "det": 1.0,"hm": "I23","i": 3,"n": 1,"sg": 197,"subgroupIndex": 2,"trSubtype": "","trType": "t","trms": [ { "conjClass": "a","trm": "a,b,c" } ] },{ "det": 1.0,"hm": "P432","i": 4,"n": 1,"sg": 207,"subgroupIndex": 2,"trSubtype": "ct","trType": "k","trms": [ { "conjClass": "a","trm": "a,b,c" } ] },{ "det": 1.0,"hm": "P4232","i": 5,"n": 1,"sg": 208,"subgroupIndex": 2,"trSubtype": "ct","trType": "k","trms": [ { "conjClass": "a","trm": "a,b,c" } ] } ] }