{ "HM": "P4212","created": "Tue Apr 09 11:04:14 CDT 2024","nSettings": 10,"nSubgroups": 6,"sg": 90,"subgroups": [ { "det": 1.0,"i": 1,"subgroup": 18,"subgroupHM": "P21212","subgroupIndex": 2,"trSubtype": "","trType": "t","trm": [ "a:a,b,c" ] },{ "det": 2.0,"i": 2,"subgroup": 21,"subgroupHM": "C222","subgroupIndex": 2,"trSubtype": "","trType": "t","trm": [ "a:a-b,a+b,c" ] },{ "det": 1.0,"i": 3,"subgroup": 75,"subgroupHM": "P4","subgroupIndex": 2,"trSubtype": "","trType": "t","trm": [ "a:a,b,c;0,1/2,0" ] },{ "det": 2.0,"i": 4,"subgroup": 90,"subgroupHM": "P4212","subgroupIndex": 2,"trSubtype": "eu","trType": "k","trm": [ "a:a,b,2c;0,0,1/2","b:a,b,2c" ] },{ "det": 3.0,"i": 5,"subgroup": 90,"subgroupHM": "P4212","subgroupIndex": 3,"trSubtype": "eu","trType": "k","trm": [ "a:a,b,3c","a:a,b,3c;0,0,1","a:a,b,3c;0,0,2" ] },{ "det": 2.0,"i": 6,"subgroup": 94,"subgroupHM": "P42212","subgroupIndex": 2,"trSubtype": "eu","trType": "k","trm": [ "a:a,b,2c","b:a,b,2c;0,0,1/2" ] } ] }