{ "HM": "Cm","created": "Tue Apr 09 11:03:45 CDT 2024","nSettings": 14,"nSubgroups": 6,"sg": 8,"subgroups": [ { "det": 0.5,"i": 1,"subgroup": 1,"subgroupHM": "P1","subgroupIndex": 2,"trSubtype": "","trType": "t","trm": [ "a:1/2a-1/2b,1/2a+1/2b,c" ] },{ "det": 1.0,"i": 2,"subgroup": 6,"subgroupHM": "Pm","subgroupIndex": 2,"trSubtype": "ct","trType": "k","trm": [ "a:a,b,c" ] },{ "det": 1.0,"i": 3,"subgroup": 7,"subgroupHM": "Pc","subgroupIndex": 2,"trSubtype": "ct","trType": "k","trm": [ "a:-a-c,b,a;0,1/4,0" ] },{ "det": 2.0,"i": 4,"subgroup": 8,"subgroupHM": "Cm","subgroupIndex": 2,"trSubtype": "eu","trType": "k","trm": [ "a:a-2c,b,2c","b:a,b,2c" ] },{ "det": 3.0,"i": 5,"subgroup": 8,"subgroupHM": "Cm","subgroupIndex": 3,"trSubtype": "eu","trType": "k","trm": [ "a:a,3b,c","a:a,3b,c;0,1,0","a:a,3b,c;0,2,0","b:3a,b,c","c:a-4c,b,3c","d:a-2c,b,3c","e:a,b,3c" ] },{ "det": 2.0,"i": 6,"subgroup": 9,"subgroupHM": "Cc","subgroupIndex": 2,"trSubtype": "eu","trType": "k","trm": [ "a:a-2c,b,2c","b:a,b,2c" ] } ] }