{ "created": "Thu Oct 10 11:53:24 CDT 2024","hm": "P1","nSettings": 20,"nSubgroups": 2,"sg": 1,"subgroups": [ { "det": 1.0,"hm": "P1","i": 1,"n": 7,"sg": 1,"subgroupIndex": 2,"trSubtype": "eu","trType": "k","trms": [ { "conjClass": "a","trm": "a,a+b,a+c" },{ "conjClass": "b","trm": "a,a+b,c" },{ "conjClass": "c","trm": "a,b,a+c" },{ "conjClass": "d","trm": "a,b,b+c" },{ "conjClass": "e","trm": "a,b,c" },{ "conjClass": "f","trm": "a,b,c" },{ "conjClass": "g","trm": "a,b,c" } ] },{ "det": 1.0,"hm": "P1","i": 2,"n": 13,"sg": 1,"subgroupIndex": 3,"trSubtype": "eu","trType": "k","trms": [ { "conjClass": "a","trm": "a,a+b,c" },{ "conjClass": "b","trm": "a,a+b,c" },{ "conjClass": "c","trm": "a,b,c" },{ "conjClass": "d","trm": "a,b,c" },{ "conjClass": "e","trm": "a,b,b+c" },{ "conjClass": "f","trm": "a,b,b+c" },{ "conjClass": "g","trm": "a,b,c" },{ "conjClass": "h","trm": "a,a+b,a+c" },{ "conjClass": "i","trm": "a,a+b,a+c" },{ "conjClass": "j","trm": "a,a+b,a+c" },{ "conjClass": "k","trm": "a,a+b,a+c" },{ "conjClass": "l","trm": "a,b,a+c" },{ "conjClass": "m","trm": "a,b,a+c" } ] } ] }