{ "HM": "Pnnm","created": "Tue Apr 09 11:04:03 CDT 2024","nSettings": 16,"nSubgroups": 6,"sg": 58,"subgroups": [ { "det": 1.0,"i": 1,"subgroup": 10,"subgroupHM": "P2/m","subgroupIndex": 2,"trSubtype": "","trType": "t","trm": [ "a:b,c,a" ] },{ "det": 1.0,"i": 2,"subgroup": 14,"subgroupHM": "P21/c","subgroupIndex": 2,"trSubtype": "","trType": "t","trm": [ "a:-b,a,b+c","b:c,b,-a-c" ] },{ "det": 1.0,"i": 3,"subgroup": 18,"subgroupHM": "P21212","subgroupIndex": 2,"trSubtype": "","trType": "t","trm": [ "a:a,b,c;0,0,1/4" ] },{ "det": 1.0,"i": 4,"subgroup": 31,"subgroupHM": "Pmn21","subgroupIndex": 2,"trSubtype": "","trType": "t","trm": [ "a:-c,b,a;0,1/4,0","b:c,a,b;1/4,0,0" ] },{ "det": 1.0,"i": 5,"subgroup": 34,"subgroupHM": "Pnn2","subgroupIndex": 2,"trSubtype": "","trType": "t","trm": [ "a:a,b,c" ] },{ "det": 3.0,"i": 6,"subgroup": 58,"subgroupHM": "Pnnm","subgroupIndex": 3,"trSubtype": "eu","trType": "k","trm": [ "a:a,b,3c","a:a,b,3c;0,0,1","a:a,b,3c;0,0,2","b:a,3b,c","b:a,3b,c;0,1,0","b:a,3b,c;0,2,0","c:3a,b,c","c:3a,b,c;1,0,0","c:3a,b,c;2,0,0" ] } ] }