{ "created": "Thu Oct 10 11:54:14 CDT 2024","hm": "Ia-3d","nSettings": 10,"nSubgroups": 5,"sg": 230,"subgroups": [ { "det": 1.0,"hm": "I41/acd","i": 1,"n": 3,"sg": 142,"subgroupIndex": 3,"trSubtype": "","trType": "t","trms": [ { "conjClass": "a","trm": "a,b,c" },{ "conjClass": "a","trm": "b,c,a" },{ "conjClass": "a","trm": "c,a,b" } ] },{ "det": 1.5,"hm": "R-3c","i": 2,"n": 4,"sg": 167,"subgroupIndex": 4,"trSubtype": "","trType": "t","trms": [ { "conjClass": "a","trm": "-a+b,-b+c,1/2a+1/2b+1/2c" },{ "conjClass": "a","trm": "a+b,-b-c,-1/2a+1/2b-1/2c;0,1/2,1/2" },{ "conjClass": "a","trm": "-a-b,b-c,1/2a-1/2b-1/2c;1/2,1/2,0" },{ "conjClass": "a","trm": "a-b,b+c,-1/2a-1/2b+1/2c;1/2,0,1/2" } ] },{ "det": 1.0,"hm": "Ia-3","i": 3,"n": 1,"sg": 206,"subgroupIndex": 2,"trSubtype": "","trType": "t","trms": [ { "conjClass": "a","trm": "a,b,c" } ] },{ "det": 1.0,"hm": "I4132","i": 4,"n": 1,"sg": 214,"subgroupIndex": 2,"trSubtype": "","trType": "t","trms": [ { "conjClass": "a","trm": "a,b,c" } ] },{ "det": 1.0,"hm": "I-43d","i": 5,"n": 1,"sg": 220,"subgroupIndex": 2,"trSubtype": "","trType": "t","trms": [ { "conjClass": "a","trm": "a,b,c" } ] } ] }