{ "created": "Thu Oct 10 11:53:47 CDT 2024","hm": "I-42m","nSettings": 10,"nSubgroups": 8,"sg": 121,"subgroups": [ { "det": 1.0,"hm": "I222","i": 1,"n": 1,"sg": 23,"subgroupIndex": 2,"trSubtype": "","trType": "t","trms": [ { "conjClass": "a","trm": "a,b,c" } ] },{ "det": 2.0,"hm": "Fmm2","i": 2,"n": 1,"sg": 42,"subgroupIndex": 2,"trSubtype": "","trType": "t","trms": [ { "conjClass": "a","trm": "a-b,a+b,c" } ] },{ "det": 1.0,"hm": "I-4","i": 3,"n": 1,"sg": 82,"subgroupIndex": 2,"trSubtype": "","trType": "t","trms": [ { "conjClass": "a","trm": "a,b,c" } ] },{ "det": 1.0,"hm": "P-42m","i": 4,"n": 1,"sg": 111,"subgroupIndex": 2,"trSubtype": "ct","trType": "k","trms": [ { "conjClass": "a","trm": "a,b,c" } ] },{ "det": 1.0,"hm": "P-42c","i": 5,"n": 1,"sg": 112,"subgroupIndex": 2,"trSubtype": "ct","trType": "k","trms": [ { "conjClass": "a","trm": "a,b,c;0,1/2,1/4" } ] },{ "det": 1.0,"hm": "P-421m","i": 6,"n": 1,"sg": 113,"subgroupIndex": 2,"trSubtype": "ct","trType": "k","trms": [ { "conjClass": "a","trm": "a,b,c;0,1/2,1/4" } ] },{ "det": 1.0,"hm": "P-421c","i": 7,"n": 1,"sg": 114,"subgroupIndex": 2,"trSubtype": "ct","trType": "k","trms": [ { "conjClass": "a","trm": "a,b,c" } ] },{ "det": 1.0,"hm": "I-42m","i": 8,"n": 3,"sg": 121,"subgroupIndex": 3,"trSubtype": "eu","trType": "k","trms": [ { "conjClass": "a","trm": "a,b,c" },{ "conjClass": "a","trm": "a,b,c;0,0,1" },{ "conjClass": "a","trm": "a,b,c;0,0,2" } ] } ] }