{ "created": "Thu Oct 10 11:53:36 CDT 2024","hm": "Fmmm","nSettings": 40,"nSubgroups": 10,"sg": 69,"subgroups": [ { "det": 0.5,"hm": "C2/m","i": 1,"n": 3,"sg": 12,"subgroupIndex": 2,"trSubtype": "","trType": "t","trms": [ { "conjClass": "a","trm": "-b,a,1/2b+1/2c" },{ "conjClass": "b","trm": "a,b,-1/2a+1/2c" },{ "conjClass": "c","trm": "b,c,1/2a-1/2b" } ] },{ "det": 1.0,"hm": "F222","i": 2,"n": 1,"sg": 22,"subgroupIndex": 2,"trSubtype": "","trType": "t","trms": [ { "conjClass": "a","trm": "a,b,c" } ] },{ "det": 1.0,"hm": "Fmm2","i": 3,"n": 3,"sg": 42,"subgroupIndex": 2,"trSubtype": "","trType": "t","trms": [ { "conjClass": "a","trm": "b,c,a" },{ "conjClass": "b","trm": "c,a,b" },{ "conjClass": "c","trm": "a,b,c" } ] },{ "det": 1.0,"hm": "Cmcm","i": 4,"n": 6,"sg": 63,"subgroupIndex": 2,"trSubtype": "ct","trType": "k","trms": [ { "conjClass": "a","trm": "-b,a,c;1/4,0,1/4" },{ "conjClass": "b","trm": "a,b,c;0,1/4,1/4" },{ "conjClass": "c","trm": "c,a,b;1/4,1/4,0" },{ "conjClass": "d","trm": "a,-c,b;0,1/4,1/4" },{ "conjClass": "e","trm": "b,c,a;1/4,0,1/4" },{ "conjClass": "f","trm": "c,b,-a;1/4,1/4,0" } ] },{ "det": 1.0,"hm": "Cmce","i": 5,"n": 6,"sg": 64,"subgroupIndex": 2,"trSubtype": "ct","trType": "k","trms": [ { "conjClass": "a","trm": "a,b,c" },{ "conjClass": "b","trm": "a,-c,b" },{ "conjClass": "c","trm": "-b,a,c" },{ "conjClass": "d","trm": "b,c,a" },{ "conjClass": "e","trm": "c,a,b" },{ "conjClass": "f","trm": "c,b,-a" } ] },{ "det": 1.0,"hm": "Cmmm","i": 6,"n": 3,"sg": 65,"subgroupIndex": 2,"trSubtype": "ct","trType": "k","trms": [ { "conjClass": "a","trm": "a,b,c" },{ "conjClass": "b","trm": "c,a,b" },{ "conjClass": "c","trm": "b,c,a" } ] },{ "det": 1.0,"hm": "Cccm","i": 7,"n": 3,"sg": 66,"subgroupIndex": 2,"trSubtype": "ct","trType": "k","trms": [ { "conjClass": "a","trm": "b,c,a;0,1/4,1/4" },{ "conjClass": "b","trm": "c,a,b;1/4,0,1/4" },{ "conjClass": "c","trm": "a,b,c;1/4,1/4,0" } ] },{ "det": 1.0,"hm": "Cmme","i": 8,"n": 3,"sg": 67,"subgroupIndex": 2,"trSubtype": "ct","trType": "k","trms": [ { "conjClass": "a","trm": "b,c,a;1/4,0,1/4" },{ "conjClass": "b","trm": "c,a,b;1/4,1/4,0" },{ "conjClass": "c","trm": "a,b,c;0,1/4,1/4" } ] },{ "det": 1.0,"hm": "Ccce","i": 9,"n": 3,"sg": 68,"subgroupIndex": 2,"trSubtype": "ct","trType": "k","trms": [ { "conjClass": "a","trm": "a,b,c;0,1/4,1/4" },{ "conjClass": "b","trm": "c,a,b;1/4,1/4,0" },{ "conjClass": "c","trm": "c,b,-a;1/4,1/4,0" } ] },{ "det": 1.0,"hm": "Fmmm","i": 10,"n": 9,"sg": 69,"subgroupIndex": 3,"trSubtype": "eu","trType": "k","trms": [ { "conjClass": "a","trm": "a,b,c" },{ "conjClass": "a","trm": "a,b,c;0,0,1" },{ "conjClass": "a","trm": "a,b,c;0,0,2" },{ "conjClass": "b","trm": "a,b,c" },{ "conjClass": "b","trm": "a,b,c;0,1,0" },{ "conjClass": "b","trm": "a,b,c;0,2,0" },{ "conjClass": "c","trm": "a,b,c" },{ "conjClass": "c","trm": "a,b,c;1,0,0" },{ "conjClass": "c","trm": "a,b,c;2,0,0" } ] } ] }