{ "HM": "I-4m2","created": "Tue Apr 09 11:04:23 CDT 2024","nSettings": 10,"nSubgroups": 6,"sg": 119,"subgroups": [ { "det": 2.0,"i": 1,"subgroup": 22,"subgroupHM": "F222","subgroupIndex": 2,"trSubtype": "","trType": "t","trm": [ "a:a-b,a+b,c" ] },{ "det": 1.0,"i": 2,"subgroup": 44,"subgroupHM": "Imm2","subgroupIndex": 2,"trSubtype": "","trType": "t","trm": [ "a:a,b,c" ] },{ "det": 1.0,"i": 3,"subgroup": 82,"subgroupHM": "I-4","subgroupIndex": 2,"trSubtype": "","trType": "t","trm": [ "a:a,b,c" ] },{ "det": 1.0,"i": 4,"subgroup": 115,"subgroupHM": "P-4m2","subgroupIndex": 2,"trSubtype": "ct","trType": "k","trm": [ "a:a,b,c;0,1/2,1/4","b:a,b,c" ] },{ "det": 1.0,"i": 5,"subgroup": 118,"subgroupHM": "P-4n2","subgroupIndex": 2,"trSubtype": "ct","trType": "k","trm": [ "a:a,b,c;0,1/2,1/4","b:a,b,c" ] },{ "det": 3.0,"i": 6,"subgroup": 119,"subgroupHM": "I-4m2","subgroupIndex": 3,"trSubtype": "eu","trType": "k","trm": [ "a:a,b,3c","a:a,b,3c;0,0,1","a:a,b,3c;0,0,2" ] } ] }