{ "created": "Thu Oct 10 11:53:54 CDT 2024","hm": "I41/acd","nSettings": 10,"nSubgroups": 8,"sg": 142,"subgroups": [ { "det": 2.0,"hm": "Fddd","i": 1,"n": 1,"sg": 70,"subgroupIndex": 2,"trSubtype": "","trType": "t","trms": [ { "conjClass": "a","trm": "a-b,a+b,c;1/4,1/4,1/4" } ] },{ "det": 1.0,"hm": "Ibca","i": 2,"n": 1,"sg": 73,"subgroupIndex": 2,"trSubtype": "","trType": "t","trms": [ { "conjClass": "a","trm": "a,b,c" } ] },{ "det": 1.0,"hm": "I41/a","i": 3,"n": 1,"sg": 88,"subgroupIndex": 2,"trSubtype": "","trType": "t","trms": [ { "conjClass": "a","trm": "a,b,c;0,1/2,0" } ] },{ "det": 1.0,"hm": "I4122","i": 4,"n": 1,"sg": 98,"subgroupIndex": 2,"trSubtype": "","trType": "t","trms": [ { "conjClass": "a","trm": "a,b,c;0,1/4,1/8" } ] },{ "det": 1.0,"hm": "I41cd","i": 5,"n": 1,"sg": 110,"subgroupIndex": 2,"trSubtype": "","trType": "t","trms": [ { "conjClass": "a","trm": "a,b,c;0,1/4,0" } ] },{ "det": 1.0,"hm": "I-4c2","i": 6,"n": 1,"sg": 120,"subgroupIndex": 2,"trSubtype": "","trType": "t","trms": [ { "conjClass": "a","trm": "a,b,c;0,1/4,3/8" } ] },{ "det": 1.0,"hm": "I-42d","i": 7,"n": 1,"sg": 122,"subgroupIndex": 2,"trSubtype": "","trType": "t","trms": [ { "conjClass": "a","trm": "a,b,c;0,3/4,1/8" } ] },{ "det": 1.0,"hm": "I41/acd","i": 8,"n": 3,"sg": 142,"subgroupIndex": 3,"trSubtype": "eu","trType": "k","trms": [ { "conjClass": "a","trm": "a,b,c;1/2,0,0" },{ "conjClass": "a","trm": "a,b,c;1/2,0,1" },{ "conjClass": "a","trm": "a,b,c;1/2,0,2" } ] } ] }