{ "created": "Thu Oct 10 11:53:50 CDT 2024","hm": "P42/mmc","nSettings": 18,"nSubgroups": 12,"sg": 131,"subgroups": [ { "det": 1.0,"hm": "Pmmm","i": 1,"n": 1,"sg": 47,"subgroupIndex": 2,"trSubtype": "","trType": "t","trms": [ { "conjClass": "a","trm": "a,b,c" } ] },{ "det": 2.0,"hm": "Cccm","i": 2,"n": 1,"sg": 66,"subgroupIndex": 2,"trSubtype": "","trType": "t","trms": [ { "conjClass": "a","trm": "a-b,a+b,c" } ] },{ "det": 1.0,"hm": "P42/m","i": 3,"n": 1,"sg": 84,"subgroupIndex": 2,"trSubtype": "","trType": "t","trms": [ { "conjClass": "a","trm": "a,b,c" } ] },{ "det": 1.0,"hm": "P4222","i": 4,"n": 1,"sg": 93,"subgroupIndex": 2,"trSubtype": "","trType": "t","trms": [ { "conjClass": "a","trm": "a,b,c" } ] },{ "det": 1.0,"hm": "P42mc","i": 5,"n": 1,"sg": 105,"subgroupIndex": 2,"trSubtype": "","trType": "t","trms": [ { "conjClass": "a","trm": "a,b,c" } ] },{ "det": 1.0,"hm": "P-42c","i": 6,"n": 1,"sg": 112,"subgroupIndex": 2,"trSubtype": "","trType": "t","trms": [ { "conjClass": "a","trm": "a,b,c;0,0,1/4" } ] },{ "det": 1.0,"hm": "P-4m2","i": 7,"n": 1,"sg": 115,"subgroupIndex": 2,"trSubtype": "","trType": "t","trms": [ { "conjClass": "a","trm": "a,b,c;0,0,1/4" } ] },{ "det": 1.0,"hm": "P42/mmc","i": 8,"n": 3,"sg": 131,"subgroupIndex": 3,"trSubtype": "eu","trType": "k","trms": [ { "conjClass": "a","trm": "a,b,c" },{ "conjClass": "a","trm": "a,b,c;0,0,1" },{ "conjClass": "a","trm": "a,b,c;0,0,2" } ] },{ "det": 2.0,"hm": "P42/mcm","i": 9,"n": 2,"sg": 132,"subgroupIndex": 2,"trSubtype": "eu","trType": "k","trms": [ { "conjClass": "a","trm": "a-b,a+b,c;1/2,1/2,0" },{ "conjClass": "b","trm": "a-b,a+b,c" } ] },{ "det": 2.0,"hm": "P42/nnm","i": 10,"n": 2,"sg": 134,"subgroupIndex": 2,"trSubtype": "eu","trType": "k","trms": [ { "conjClass": "a","trm": "a-b,a+b,c;0,1/2,0" },{ "conjClass": "b","trm": "a-b,a+b,c;1/2,0,0" } ] },{ "det": 2.0,"hm": "P42/mnm","i": 11,"n": 2,"sg": 136,"subgroupIndex": 2,"trSubtype": "eu","trType": "k","trms": [ { "conjClass": "a","trm": "a-b,a+b,c;1/2,1/2,0" },{ "conjClass": "b","trm": "a-b,a+b,c" } ] },{ "det": 2.0,"hm": "P42/ncm","i": 12,"n": 2,"sg": 138,"subgroupIndex": 2,"trSubtype": "eu","trType": "k","trms": [ { "conjClass": "a","trm": "a-b,a+b,c;0,1/2,0" },{ "conjClass": "b","trm": "a-b,a+b,c;1/2,0,0" } ] } ] }