{ "HM": "Pbca","created": "Tue Apr 09 11:04:04 CDT 2024","nSettings": 16,"nSubgroups": 4,"sg": 61,"subgroups": [ { "det": 1.0,"i": 1,"subgroup": 14,"subgroupHM": "P21/c","subgroupIndex": 2,"trSubtype": "","trType": "t","trm": [ "a:c,a,b","b:a,b,c","c:b,c,a" ] },{ "det": 1.0,"i": 2,"subgroup": 19,"subgroupHM": "P212121","subgroupIndex": 2,"trSubtype": "","trType": "t","trm": [ "a:a,b,c" ] },{ "det": 1.0,"i": 3,"subgroup": 29,"subgroupHM": "Pca21","subgroupIndex": 2,"trSubtype": "","trType": "t","trm": [ "a:c,b,-a;0,1/4,0","b:a,-c,b;0,0,1/4","c:-b,a,c;1/4,0,0" ] },{ "det": 3.0,"i": 4,"subgroup": 61,"subgroupHM": "Pbca","subgroupIndex": 3,"trSubtype": "eu","trType": "k","trm": [ "a:a,b,3c","a:a,b,3c;0,0,1","a:a,b,3c;0,0,2","b:a,3b,c","b:a,3b,c;0,1,0","b:a,3b,c;0,2,0","c:3a,b,c","c:3a,b,c;1,0,0","c:3a,b,c;2,0,0" ] } ] }