{ "created": "Thu Oct 10 11:53:47 CDT 2024","hm": "I-42d","nSettings": 6,"nSubgroups": 4,"sg": 122,"subgroups": [ { "det": 1.0,"hm": "I212121","i": 1,"n": 1,"sg": 24,"subgroupIndex": 2,"trSubtype": "","trType": "t","trms": [ { "conjClass": "a","trm": "a,b,c;0,1/4,3/8" } ] },{ "det": 2.0,"hm": "Fdd2","i": 2,"n": 1,"sg": 43,"subgroupIndex": 2,"trSubtype": "","trType": "t","trms": [ { "conjClass": "a","trm": "a-b,a+b,c;0,1/2,0" } ] },{ "det": 1.0,"hm": "I-4","i": 3,"n": 1,"sg": 82,"subgroupIndex": 2,"trSubtype": "","trType": "t","trms": [ { "conjClass": "a","trm": "a,b,c" } ] },{ "det": 1.0,"hm": "I-42d","i": 4,"n": 3,"sg": 122,"subgroupIndex": 3,"trSubtype": "eu","trType": "k","trms": [ { "conjClass": "a","trm": "a,b,c;1/2,0,1/4" },{ "conjClass": "a","trm": "a,b,c;1/2,0,5/4" },{ "conjClass": "a","trm": "a,b,c;1/2,0,9/4" } ] } ] }