{ "created": "Thu Oct 10 11:54:14 CDT 2024","hm": "Fd-3c","nSettings": 10,"nSubgroups": 5,"sg": 228,"subgroups": [ { "det": 0.5,"hm": "I41/acd","i": 1,"n": 3,"sg": 142,"subgroupIndex": 3,"trSubtype": "","trType": "t","trms": [ { "conjClass": "a","trm": "1/2a-1/2b,1/2a+1/2b,c" },{ "conjClass": "a","trm": "1/2b-1/2c,1/2b+1/2c,a" },{ "conjClass": "a","trm": "-1/2a+1/2c,1/2a+1/2c,b" } ] },{ "det": 0.75,"hm": "R-3c","i": 2,"n": 4,"sg": 167,"subgroupIndex": 4,"trSubtype": "","trType": "t","trms": [ { "conjClass": "a","trm": "-1/2a+1/2b,-1/2b+1/2c,a+b+c" },{ "conjClass": "a","trm": "1/2a+1/2b,-1/2b-1/2c,-a+b-c;1/4,0,1/4" },{ "conjClass": "a","trm": "-1/2a-1/2b,1/2b-1/2c,a-b-c;0,1/4,1/4" },{ "conjClass": "a","trm": "1/2a-1/2b,1/2b+1/2c,-a-b+c;1/4,1/4,0" } ] },{ "det": 1.0,"hm": "Fd-3","i": 3,"n": 1,"sg": 203,"subgroupIndex": 2,"trSubtype": "","trType": "t","trms": [ { "conjClass": "a","trm": "a,b,c" } ] },{ "det": 1.0,"hm": "F4132","i": 4,"n": 1,"sg": 210,"subgroupIndex": 2,"trSubtype": "","trType": "t","trms": [ { "conjClass": "a","trm": "a,b,c;1/8,1/8,1/8" } ] },{ "det": 1.0,"hm": "F-43c","i": 5,"n": 1,"sg": 219,"subgroupIndex": 2,"trSubtype": "","trType": "t","trms": [ { "conjClass": "a","trm": "a,b,c;1/8,1/8,1/8" } ] } ] }