{ "HM": "P31c","created": "Tue Apr 09 11:04:44 CDT 2024","nSettings": 12,"nSubgroups": 6,"sg": 159,"subgroups": [ { "det": 2.0,"i": 1,"subgroup": 9,"subgroupHM": "Cc","subgroupIndex": 3,"trSubtype": "","trType": "t","trm": [ "a:-a-b,a-b,c","a:a,a+2b,c","a:b,-2a-b,c" ] },{ "det": 1.0,"i": 2,"subgroup": 143,"subgroupHM": "P3","subgroupIndex": 2,"trSubtype": "","trType": "t","trm": [ "a:a,b,c" ] },{ "det": 3.0,"i": 3,"subgroup": 158,"subgroupHM": "P3c1","subgroupIndex": 3,"trSubtype": "eu","trType": "k","trm": [ "a:a-b,a+2b,c" ] },{ "det": 3.0,"i": 4,"subgroup": 159,"subgroupHM": "P31c","subgroupIndex": 3,"trSubtype": "eu","trType": "k","trm": [ "a:a,b,3c" ] },{ "det": 4.0,"i": 5,"subgroup": 159,"subgroupHM": "P31c","subgroupIndex": 4,"trSubtype": "eu","trType": "k","trm": [ "a:2a,2b,c","a:2a,2b,c;1,0,0","a:2a,2b,c;0,1,0","a:2a,2b,c;1,1,0" ] },{ "det": 9.0,"i": 6,"subgroup": 161,"subgroupHM": "R3c","subgroupIndex": 3,"trSubtype": "eu","trType": "k","trm": [ "a:2a+b,-a+b,3c","b:a-b,a+2b,3c" ] } ] }