{ "created": "Thu Oct 10 11:54:03 CDT 2024","hm": "P622","nSettings": 26,"nSubgroups": 10,"sg": 177,"subgroups": [ { "det": 1.0,"hm": "C222","i": 1,"n": 3,"sg": 21,"subgroupIndex": 3,"trSubtype": "","trType": "t","trms": [ { "conjClass": "a","trm": "a-b,a+b,c" },{ "conjClass": "a","trm": "-a-b,a,c" },{ "conjClass": "a","trm": "a+b,b,c" } ] },{ "det": 1.0,"hm": "P312","i": 2,"n": 1,"sg": 149,"subgroupIndex": 2,"trSubtype": "","trType": "t","trms": [ { "conjClass": "a","trm": "a,b,c" } ] },{ "det": 1.0,"hm": "P321","i": 3,"n": 1,"sg": 150,"subgroupIndex": 2,"trSubtype": "","trType": "t","trms": [ { "conjClass": "a","trm": "a,b,c" } ] },{ "det": 1.0,"hm": "P6","i": 4,"n": 1,"sg": 168,"subgroupIndex": 2,"trSubtype": "","trType": "t","trms": [ { "conjClass": "a","trm": "a,b,c" } ] },{ "det": 1.0,"hm": "P622","i": 5,"n": 2,"sg": 177,"subgroupIndex": 2,"trSubtype": "eu","trType": "k","trms": [ { "conjClass": "a","trm": "a,b,c;0,0,1/2" },{ "conjClass": "b","trm": "a,b,c" } ] },{ "det": 1.0,"hm": "P622","i": 6,"n": 6,"sg": 177,"subgroupIndex": 3,"trSubtype": "eu","trType": "k","trms": [ { "conjClass": "a","trm": "a-b,a+b,c" },{ "conjClass": "a","trm": "a-b,a+b,c;1,0,0" },{ "conjClass": "a","trm": "a-b,a+b,c;2,0,0" },{ "conjClass": "b","trm": "a,b,c" },{ "conjClass": "b","trm": "a,b,c;0,0,1" },{ "conjClass": "b","trm": "a,b,c;0,0,2" } ] },{ "det": 1.0,"hm": "P622","i": 7,"n": 4,"sg": 177,"subgroupIndex": 4,"trSubtype": "eu","trType": "k","trms": [ { "conjClass": "a","trm": "a,b,c" },{ "conjClass": "a","trm": "a,b,c;1,0,0" },{ "conjClass": "a","trm": "a,b,c;0,1,0" },{ "conjClass": "a","trm": "a,b,c;1,1,0" } ] },{ "det": 1.0,"hm": "P6222","i": 8,"n": 3,"sg": 180,"subgroupIndex": 3,"trSubtype": "eu","trType": "k","trms": [ { "conjClass": "a","trm": "a,b,c" },{ "conjClass": "a","trm": "a,b,c;0,0,1" },{ "conjClass": "a","trm": "a,b,c;0,0,2" } ] },{ "det": 1.0,"hm": "P6422","i": 9,"n": 3,"sg": 181,"subgroupIndex": 3,"trSubtype": "eu","trType": "k","trms": [ { "conjClass": "a","trm": "a,b,c" },{ "conjClass": "a","trm": "a,b,c;0,0,1" },{ "conjClass": "a","trm": "a,b,c;0,0,2" } ] },{ "det": 1.0,"hm": "P6322","i": 10,"n": 2,"sg": 182,"subgroupIndex": 2,"trSubtype": "eu","trType": "k","trms": [ { "conjClass": "a","trm": "a,b,c;0,0,1/2" },{ "conjClass": "b","trm": "a,b,c" } ] } ] }