{ "created": "Thu Oct 10 11:54:14 CDT 2024","hm": "Im-3m","nSettings": 14,"nSubgroups": 9,"sg": 229,"subgroups": [ { "det": 1.0,"hm": "I4/mmm","i": 1,"n": 3,"sg": 139,"subgroupIndex": 3,"trSubtype": "","trType": "t","trms": [ { "conjClass": "a","trm": "a,b,c" },{ "conjClass": "a","trm": "b,c,a" },{ "conjClass": "a","trm": "c,a,b" } ] },{ "det": 1.5,"hm": "R-3m","i": 2,"n": 4,"sg": 166,"subgroupIndex": 4,"trSubtype": "","trType": "t","trms": [ { "conjClass": "a","trm": "-a+b,-b+c,1/2a+1/2b+1/2c" },{ "conjClass": "a","trm": "a+b,-b-c,-1/2a+1/2b-1/2c" },{ "conjClass": "a","trm": "-a-b,b-c,1/2a-1/2b-1/2c" },{ "conjClass": "a","trm": "a-b,b+c,-1/2a-1/2b+1/2c" } ] },{ "det": 1.0,"hm": "Im-3","i": 3,"n": 1,"sg": 204,"subgroupIndex": 2,"trSubtype": "","trType": "t","trms": [ { "conjClass": "a","trm": "a,b,c" } ] },{ "det": 1.0,"hm": "I432","i": 4,"n": 1,"sg": 211,"subgroupIndex": 2,"trSubtype": "","trType": "t","trms": [ { "conjClass": "a","trm": "a,b,c" } ] },{ "det": 1.0,"hm": "I-43m","i": 5,"n": 1,"sg": 217,"subgroupIndex": 2,"trSubtype": "","trType": "t","trms": [ { "conjClass": "a","trm": "a,b,c" } ] },{ "det": 1.0,"hm": "Pm-3m","i": 6,"n": 1,"sg": 221,"subgroupIndex": 2,"trSubtype": "ct","trType": "k","trms": [ { "conjClass": "a","trm": "a,b,c" } ] },{ "det": 1.0,"hm": "Pn-3n","i": 7,"n": 1,"sg": 222,"subgroupIndex": 2,"trSubtype": "ct","trType": "k","trms": [ { "conjClass": "a","trm": "a,b,c;1/4,1/4,1/4" } ] },{ "det": 1.0,"hm": "Pm-3n","i": 8,"n": 1,"sg": 223,"subgroupIndex": 2,"trSubtype": "ct","trType": "k","trms": [ { "conjClass": "a","trm": "a,b,c" } ] },{ "det": 1.0,"hm": "Pn-3m","i": 9,"n": 1,"sg": 224,"subgroupIndex": 2,"trSubtype": "ct","trType": "k","trms": [ { "conjClass": "a","trm": "a,b,c;1/4,1/4,1/4" } ] } ] }