{ "created": "Thu Oct 10 11:54:10 CDT 2024","hm": "Fd-3","nSettings": 6,"nSubgroups": 3,"sg": 203,"subgroups": [ { "det": 1.0,"hm": "Fddd","i": 1,"n": 1,"sg": 70,"subgroupIndex": 3,"trSubtype": "","trType": "t","trms": [ { "conjClass": "a","trm": "a,b,c" } ] },{ "det": 0.75,"hm": "R-3","i": 2,"n": 4,"sg": 148,"subgroupIndex": 4,"trSubtype": "","trType": "t","trms": [ { "conjClass": "a","trm": "-1/2a+1/2b,-1/2b+1/2c,a+b+c" },{ "conjClass": "a","trm": "1/2a+1/2b,-1/2b-1/2c,-a+b-c;1/4,0,1/4" },{ "conjClass": "a","trm": "-1/2a-1/2b,1/2b-1/2c,a-b-c;0,1/4,1/4" },{ "conjClass": "a","trm": "1/2a-1/2b,1/2b+1/2c,-a-b+c;1/4,1/4,0" } ] },{ "det": 1.0,"hm": "F23","i": 3,"n": 1,"sg": 196,"subgroupIndex": 2,"trSubtype": "","trType": "t","trms": [ { "conjClass": "a","trm": "a,b,c;1/8,1/8,1/8" } ] } ] }