{ "created": "Thu Oct 10 11:53:55 CDT 2024","hm": "P31","nSettings": 9,"nSubgroups": 4,"sg": 144,"subgroups": [ { "det": 1.0,"hm": "P1","i": 1,"n": 1,"sg": 1,"subgroupIndex": 3,"trSubtype": "","trType": "t","trms": [ { "conjClass": "a","trm": "a,b,c" } ] },{ "det": 2.0,"hm": "P31","i": 2,"n": 3,"sg": 144,"subgroupIndex": 3,"trSubtype": "eu","trType": "k","trms": [ { "conjClass": "a","trm": "a-b,a+b,c;1/3,2/3,0" },{ "conjClass": "b","trm": "a-b,a+b,c;2/3,1/3,0" },{ "conjClass": "c","trm": "a-b,a+b,c" } ] },{ "det": 1.0,"hm": "P31","i": 3,"n": 4,"sg": 144,"subgroupIndex": 4,"trSubtype": "eu","trType": "k","trms": [ { "conjClass": "a","trm": "a,b,c" },{ "conjClass": "a","trm": "a,b,c;1,0,0" },{ "conjClass": "a","trm": "a,b,c;0,1,0" },{ "conjClass": "a","trm": "a,b,c;1,1,0" } ] },{ "det": 1.0,"hm": "P32","i": 4,"n": 1,"sg": 145,"subgroupIndex": 2,"trSubtype": "eu","trType": "k","trms": [ { "conjClass": "a","trm": "a,b,c" } ] } ] }