{ "created": "Thu Oct 10 11:53:38 CDT 2024","hm": "I41","nSettings": 4,"nSubgroups": 4,"sg": 80,"subgroups": [ { "det": 1.0,"hm": "C2","i": 1,"n": 1,"sg": 5,"subgroupIndex": 2,"trSubtype": "","trType": "t","trms": [ { "conjClass": "a","trm": "-a-b,c,b" } ] },{ "det": 1.0,"hm": "P41","i": 2,"n": 1,"sg": 76,"subgroupIndex": 2,"trSubtype": "ct","trType": "k","trms": [ { "conjClass": "a","trm": "a,b,c;3/4,1/4,0" } ] },{ "det": 1.0,"hm": "P43","i": 3,"n": 1,"sg": 78,"subgroupIndex": 2,"trSubtype": "ct","trType": "k","trms": [ { "conjClass": "a","trm": "a,b,c;3/4,3/4,0" } ] },{ "det": 1.0,"hm": "I41","i": 4,"n": 1,"sg": 80,"subgroupIndex": 3,"trSubtype": "eu","trType": "k","trms": [ { "conjClass": "a","trm": "a,b,c;1/2,0,0" } ] } ] }