{ "HM": "Imma","created": "Tue Apr 09 11:04:10 CDT 2024","nSettings": 24,"nSubgroups": 10,"sg": 74,"subgroups": [ { "det": 1.0,"i": 1,"subgroup": 12,"subgroupHM": "C2/m","subgroupIndex": 2,"trSubtype": "","trType": "t","trm": [ "a:-b-c,a,c","b:-a-c,b,a;1/4,1/4,1/4" ] },{ "det": 1.0,"i": 2,"subgroup": 15,"subgroupHM": "C2/c","subgroupIndex": 2,"trSubtype": "","trType": "t","trm": [ "a:-a-b,c,b" ] },{ "det": 1.0,"i": 3,"subgroup": 24,"subgroupHM": "I212121","subgroupIndex": 2,"trSubtype": "","trType": "t","trm": [ "a:a,b,c;0,0,1/4" ] },{ "det": 1.0,"i": 4,"subgroup": 44,"subgroupHM": "Imm2","subgroupIndex": 2,"trSubtype": "","trType": "t","trm": [ "a:a,b,c;0,1/4,0" ] },{ "det": 1.0,"i": 5,"subgroup": 46,"subgroupHM": "Ima2","subgroupIndex": 2,"trSubtype": "","trType": "t","trm": [ "a:b,c,a","b:-a,c,b;1/4,0,1/4" ] },{ "det": 1.0,"i": 6,"subgroup": 51,"subgroupHM": "Pmma","subgroupIndex": 2,"trSubtype": "ct","trType": "k","trm": [ "a:-b,a,c","b:a,b,c;1/4,1/4,1/4" ] },{ "det": 1.0,"i": 7,"subgroup": 52,"subgroupHM": "Pnna","subgroupIndex": 2,"trSubtype": "ct","trType": "k","trm": [ "a:-b,a,c","b:a,b,c;1/4,1/4,1/4" ] },{ "det": 1.0,"i": 8,"subgroup": 53,"subgroupHM": "Pmna","subgroupIndex": 2,"trSubtype": "ct","trType": "k","trm": [ "a:a,b,c","b:-b,a,c;1/4,1/4,1/4" ] },{ "det": 1.0,"i": 9,"subgroup": 62,"subgroupHM": "Pnma","subgroupIndex": 2,"trSubtype": "ct","trType": "k","trm": [ "a:-b,a,c;1/4,1/4,1/4","b:a,b,c" ] },{ "det": 3.0,"i": 10,"subgroup": 74,"subgroupHM": "Imma","subgroupIndex": 3,"trSubtype": "eu","trType": "k","trm": [ "a:a,b,3c","a:a,b,3c;0,0,1","a:a,b,3c;0,0,2","b:a,3b,c","b:a,3b,c;0,1,0","b:a,3b,c;0,2,0","c:3a,b,c","c:3a,b,c;1,0,0","c:3a,b,c;2,0,0" ] } ] }