{ "HM": "Fddd","created": "Tue Apr 09 11:04:08 CDT 2024","nSettings": 16,"nSubgroups": 4,"sg": 70,"subgroups": [ { "det": 0.5,"i": 1,"subgroup": 15,"subgroupHM": "C2/c","subgroupIndex": 2,"trSubtype": "","trType": "t","trm": [ "a:-b,a,1/2b+1/2c","b:-c,b,1/2a+1/2c","c:b,c,1/2a-1/2b;0,1/4,1/4" ] },{ "det": 1.0,"i": 2,"subgroup": 22,"subgroupHM": "F222","subgroupIndex": 2,"trSubtype": "","trType": "t","trm": [ "a:a,b,c;1/8,1/8,1/8" ] },{ "det": 1.0,"i": 3,"subgroup": 43,"subgroupHM": "Fdd2","subgroupIndex": 2,"trSubtype": "","trType": "t","trm": [ "a:b,c,a;0,3/8,3/8","b:c,a,b;3/8,0,3/8","c:a,b,c;3/8,3/8,0" ] },{ "det": 3.0,"i": 4,"subgroup": 70,"subgroupHM": "Fddd","subgroupIndex": 3,"trSubtype": "eu","trType": "k","trm": [ "a:a,b,3c;1/4,1/4,0","a:a,b,3c;1/4,1/4,1","a:a,b,3c;1/4,1/4,2","b:a,3b,c;1/4,0,1/4","b:a,3b,c;1/4,1,1/4","b:a,3b,c;1/4,2,1/4","c:3a,b,c;0,1/4,1/4","c:3a,b,c;1,1/4,1/4","c:3a,b,c;2,1/4,1/4" ] } ] }