{ "HM": "Cmmm","created": "Tue Apr 09 11:04:06 CDT 2024","nSettings": 40,"nSubgroups": 18,"sg": 65,"subgroups": [ { "det": 0.5,"i": 1,"subgroup": 10,"subgroupHM": "P2/m","subgroupIndex": 2,"trSubtype": "","trType": "t","trm": [ "a:1/2a+1/2b,c,1/2a-1/2b" ] },{ "det": 1.0,"i": 2,"subgroup": 12,"subgroupHM": "C2/m","subgroupIndex": 2,"trSubtype": "","trType": "t","trm": [ "a:-b,a,c","b:a,b,c" ] },{ "det": 1.0,"i": 3,"subgroup": 21,"subgroupHM": "C222","subgroupIndex": 2,"trSubtype": "","trType": "t","trm": [ "a:a,b,c" ] },{ "det": 1.0,"i": 4,"subgroup": 35,"subgroupHM": "Cmm2","subgroupIndex": 2,"trSubtype": "","trType": "t","trm": [ "a:a,b,c" ] },{ "det": 1.0,"i": 5,"subgroup": 38,"subgroupHM": "Amm2","subgroupIndex": 2,"trSubtype": "","trType": "t","trm": [ "a:c,b,-a","b:c,a,b" ] },{ "det": 1.0,"i": 6,"subgroup": 47,"subgroupHM": "Pmmm","subgroupIndex": 2,"trSubtype": "ct","trType": "k","trm": [ "a:a,b,c" ] },{ "det": 1.0,"i": 7,"subgroup": 50,"subgroupHM": "Pban","subgroupIndex": 2,"trSubtype": "ct","trType": "k","trm": [ "a:a,b,c;1/4,1/4,0" ] },{ "det": 1.0,"i": 8,"subgroup": 51,"subgroupHM": "Pmma","subgroupIndex": 2,"trSubtype": "ct","trType": "k","trm": [ "a:b,c,a;1/4,1/4,0","b:a,-c,b;1/4,1/4,0" ] },{ "det": 1.0,"i": 9,"subgroup": 53,"subgroupHM": "Pmna","subgroupIndex": 2,"trSubtype": "ct","trType": "k","trm": [ "a:a,-c,b","b:b,c,a" ] },{ "det": 1.0,"i": 10,"subgroup": 55,"subgroupHM": "Pbam","subgroupIndex": 2,"trSubtype": "ct","trType": "k","trm": [ "a:a,b,c" ] },{ "det": 1.0,"i": 11,"subgroup": 59,"subgroupHM": "Pmmn","subgroupIndex": 2,"trSubtype": "ct","trType": "k","trm": [ "a:a,b,c;1/4,1/4,0" ] },{ "det": 2.0,"i": 12,"subgroup": 63,"subgroupHM": "Cmcm","subgroupIndex": 2,"trSubtype": "eu","trType": "k","trm": [ "a:a,b,2c;0,0,1/2","b:a,b,2c","c:-b,a,2c;0,0,1/2","d:-b,a,2c" ] },{ "det": 2.0,"i": 13,"subgroup": 65,"subgroupHM": "Cmmm","subgroupIndex": 2,"trSubtype": "eu","trType": "k","trm": [ "a:a,b,2c;0,0,1/2","b:a,b,2c" ] },{ "det": 3.0,"i": 14,"subgroup": 65,"subgroupHM": "Cmmm","subgroupIndex": 3,"trSubtype": "eu","trType": "k","trm": [ "a:a,b,3c","a:a,b,3c;0,0,1","a:a,b,3c;0,0,2","b:a,3b,c","b:a,3b,c;0,1,0","b:a,3b,c;0,2,0","c:3a,b,c","c:3a,b,c;1,0,0","c:3a,b,c;2,0,0" ] },{ "det": 2.0,"i": 15,"subgroup": 66,"subgroupHM": "Cccm","subgroupIndex": 2,"trSubtype": "eu","trType": "k","trm": [ "a:a,b,2c;0,0,1/2","b:a,b,2c" ] },{ "det": 2.0,"i": 16,"subgroup": 71,"subgroupHM": "Immm","subgroupIndex": 2,"trSubtype": "eu","trType": "k","trm": [ "a:a,b,2c;0,0,1/2","b:a,b,2c" ] },{ "det": 2.0,"i": 17,"subgroup": 72,"subgroupHM": "Ibam","subgroupIndex": 2,"trSubtype": "eu","trType": "k","trm": [ "a:a,b,2c;0,0,1/2","b:a,b,2c" ] },{ "det": 2.0,"i": 18,"subgroup": 74,"subgroupHM": "Imma","subgroupIndex": 2,"trSubtype": "eu","trType": "k","trm": [ "a:a,-2c,b;0,0,1/2","b:a,-2c,b","c:b,2c,a;0,0,1/2","d:b,2c,a" ] } ] }