{ "created": "Thu Oct 10 11:53:34 CDT 2024","hm": "Cmmm","nSettings": 40,"nSubgroups": 18,"sg": 65,"subgroups": [ { "det": 0.5,"hm": "P2/m","i": 1,"n": 1,"sg": 10,"subgroupIndex": 2,"trSubtype": "","trType": "t","trms": [ { "conjClass": "a","trm": "1/2a+1/2b,c,1/2a-1/2b" } ] },{ "det": 1.0,"hm": "C2/m","i": 2,"n": 2,"sg": 12,"subgroupIndex": 2,"trSubtype": "","trType": "t","trms": [ { "conjClass": "a","trm": "-b,a,c" },{ "conjClass": "b","trm": "a,b,c" } ] },{ "det": 1.0,"hm": "C222","i": 3,"n": 1,"sg": 21,"subgroupIndex": 2,"trSubtype": "","trType": "t","trms": [ { "conjClass": "a","trm": "a,b,c" } ] },{ "det": 1.0,"hm": "Cmm2","i": 4,"n": 1,"sg": 35,"subgroupIndex": 2,"trSubtype": "","trType": "t","trms": [ { "conjClass": "a","trm": "a,b,c" } ] },{ "det": 1.0,"hm": "Amm2","i": 5,"n": 2,"sg": 38,"subgroupIndex": 2,"trSubtype": "","trType": "t","trms": [ { "conjClass": "a","trm": "c,b,-a" },{ "conjClass": "b","trm": "c,a,b" } ] },{ "det": 1.0,"hm": "Pmmm","i": 6,"n": 1,"sg": 47,"subgroupIndex": 2,"trSubtype": "ct","trType": "k","trms": [ { "conjClass": "a","trm": "a,b,c" } ] },{ "det": 1.0,"hm": "Pban","i": 7,"n": 1,"sg": 50,"subgroupIndex": 2,"trSubtype": "ct","trType": "k","trms": [ { "conjClass": "a","trm": "a,b,c;1/4,1/4,0" } ] },{ "det": 1.0,"hm": "Pmma","i": 8,"n": 2,"sg": 51,"subgroupIndex": 2,"trSubtype": "ct","trType": "k","trms": [ { "conjClass": "a","trm": "b,c,a;1/4,1/4,0" },{ "conjClass": "b","trm": "a,-c,b;1/4,1/4,0" } ] },{ "det": 1.0,"hm": "Pmna","i": 9,"n": 2,"sg": 53,"subgroupIndex": 2,"trSubtype": "ct","trType": "k","trms": [ { "conjClass": "a","trm": "a,-c,b" },{ "conjClass": "b","trm": "b,c,a" } ] },{ "det": 1.0,"hm": "Pbam","i": 10,"n": 1,"sg": 55,"subgroupIndex": 2,"trSubtype": "ct","trType": "k","trms": [ { "conjClass": "a","trm": "a,b,c" } ] },{ "det": 1.0,"hm": "Pmmn","i": 11,"n": 1,"sg": 59,"subgroupIndex": 2,"trSubtype": "ct","trType": "k","trms": [ { "conjClass": "a","trm": "a,b,c;1/4,1/4,0" } ] },{ "det": 1.0,"hm": "Cmcm","i": 12,"n": 4,"sg": 63,"subgroupIndex": 2,"trSubtype": "eu","trType": "k","trms": [ { "conjClass": "a","trm": "a,b,c;0,0,1/2" },{ "conjClass": "b","trm": "a,b,c" },{ "conjClass": "c","trm": "-b,a,c;0,0,1/2" },{ "conjClass": "d","trm": "-b,a,c" } ] },{ "det": 1.0,"hm": "Cmmm","i": 13,"n": 2,"sg": 65,"subgroupIndex": 2,"trSubtype": "eu","trType": "k","trms": [ { "conjClass": "a","trm": "a,b,c;0,0,1/2" },{ "conjClass": "b","trm": "a,b,c" } ] },{ "det": 1.0,"hm": "Cmmm","i": 14,"n": 9,"sg": 65,"subgroupIndex": 3,"trSubtype": "eu","trType": "k","trms": [ { "conjClass": "a","trm": "a,b,c" },{ "conjClass": "a","trm": "a,b,c;0,0,1" },{ "conjClass": "a","trm": "a,b,c;0,0,2" },{ "conjClass": "b","trm": "a,b,c" },{ "conjClass": "b","trm": "a,b,c;0,1,0" },{ "conjClass": "b","trm": "a,b,c;0,2,0" },{ "conjClass": "c","trm": "a,b,c" },{ "conjClass": "c","trm": "a,b,c;1,0,0" },{ "conjClass": "c","trm": "a,b,c;2,0,0" } ] },{ "det": 1.0,"hm": "Cccm","i": 15,"n": 2,"sg": 66,"subgroupIndex": 2,"trSubtype": "eu","trType": "k","trms": [ { "conjClass": "a","trm": "a,b,c;0,0,1/2" },{ "conjClass": "b","trm": "a,b,c" } ] },{ "det": 1.0,"hm": "Immm","i": 16,"n": 2,"sg": 71,"subgroupIndex": 2,"trSubtype": "eu","trType": "k","trms": [ { "conjClass": "a","trm": "a,b,c;0,0,1/2" },{ "conjClass": "b","trm": "a,b,c" } ] },{ "det": 1.0,"hm": "Ibam","i": 17,"n": 2,"sg": 72,"subgroupIndex": 2,"trSubtype": "eu","trType": "k","trms": [ { "conjClass": "a","trm": "a,b,c;0,0,1/2" },{ "conjClass": "b","trm": "a,b,c" } ] },{ "det": 1.0,"hm": "Imma","i": 18,"n": 4,"sg": 74,"subgroupIndex": 2,"trSubtype": "eu","trType": "k","trms": [ { "conjClass": "a","trm": "a,-c,b;0,0,1/2" },{ "conjClass": "b","trm": "a,-c,b" },{ "conjClass": "c","trm": "b,c,a;0,0,1/2" },{ "conjClass": "d","trm": "b,c,a" } ] } ] }