{ "created": "Thu Oct 10 11:54:08 CDT 2024","hm": "P63/mmc","nSettings": 20,"nSubgroups": 11,"sg": 194,"subgroups": [ { "det": 1.0,"hm": "Cmcm","i": 1,"n": 3,"sg": 63,"subgroupIndex": 3,"trSubtype": "","trType": "t","trms": [ { "conjClass": "a","trm": "-a-b,a-b,c" },{ "conjClass": "a","trm": "a,a+b,c" },{ "conjClass": "a","trm": "b,-a-b,c" } ] },{ "det": 1.0,"hm": "P-31c","i": 2,"n": 1,"sg": 163,"subgroupIndex": 2,"trSubtype": "","trType": "t","trms": [ { "conjClass": "a","trm": "a,b,c" } ] },{ "det": 1.0,"hm": "P-3m1","i": 3,"n": 1,"sg": 164,"subgroupIndex": 2,"trSubtype": "","trType": "t","trms": [ { "conjClass": "a","trm": "a,b,c" } ] },{ "det": 1.0,"hm": "P63/m","i": 4,"n": 1,"sg": 176,"subgroupIndex": 2,"trSubtype": "","trType": "t","trms": [ { "conjClass": "a","trm": "a,b,c" } ] },{ "det": 1.0,"hm": "P6322","i": 5,"n": 1,"sg": 182,"subgroupIndex": 2,"trSubtype": "","trType": "t","trms": [ { "conjClass": "a","trm": "a,b,c" } ] },{ "det": 1.0,"hm": "P63mc","i": 6,"n": 1,"sg": 186,"subgroupIndex": 2,"trSubtype": "","trType": "t","trms": [ { "conjClass": "a","trm": "a,b,c" } ] },{ "det": 1.0,"hm": "P-6m2","i": 7,"n": 1,"sg": 187,"subgroupIndex": 2,"trSubtype": "","trType": "t","trms": [ { "conjClass": "a","trm": "a,b,c;0,0,1/4" } ] },{ "det": 1.0,"hm": "P-62c","i": 8,"n": 1,"sg": 190,"subgroupIndex": 2,"trSubtype": "","trType": "t","trms": [ { "conjClass": "a","trm": "a,b,c" } ] },{ "det": 2.0,"hm": "P63/mcm","i": 9,"n": 3,"sg": 193,"subgroupIndex": 3,"trSubtype": "eu","trType": "k","trms": [ { "conjClass": "a","trm": "a-b,a+b,c" },{ "conjClass": "a","trm": "a-b,a+b,c;1,0,0" },{ "conjClass": "a","trm": "a-b,a+b,c;1,1,0" } ] },{ "det": 1.0,"hm": "P63/mmc","i": 10,"n": 3,"sg": 194,"subgroupIndex": 3,"trSubtype": "eu","trType": "k","trms": [ { "conjClass": "a","trm": "a,b,c" },{ "conjClass": "a","trm": "a,b,c;0,0,1" },{ "conjClass": "a","trm": "a,b,c;0,0,2" } ] },{ "det": 1.0,"hm": "P63/mmc","i": 11,"n": 4,"sg": 194,"subgroupIndex": 4,"trSubtype": "eu","trType": "k","trms": [ { "conjClass": "a","trm": "a,b,c" },{ "conjClass": "a","trm": "a,b,c;1,0,0" },{ "conjClass": "a","trm": "a,b,c;0,1,0" },{ "conjClass": "a","trm": "a,b,c;1,1,0" } ] } ] }