{ "HM": "Pcca","created": "Tue Apr 09 11:04:01 CDT 2024","nSettings": 24,"nSubgroups": 11,"sg": 54,"subgroups": [ { "det": 1.0,"i": 1,"subgroup": 13,"subgroupHM": "P2/c","subgroupIndex": 2,"trSubtype": "","trType": "t","trm": [ "a:a,b,c","b:b,c,a" ] },{ "det": 1.0,"i": 2,"subgroup": 14,"subgroupHM": "P21/c","subgroupIndex": 2,"trSubtype": "","trType": "t","trm": [ "a:-b,a,c" ] },{ "det": 1.0,"i": 3,"subgroup": 17,"subgroupHM": "P2221","subgroupIndex": 2,"trSubtype": "","trType": "t","trm": [ "a:b,c,a;0,0,1/4" ] },{ "det": 1.0,"i": 4,"subgroup": 27,"subgroupHM": "Pcc2","subgroupIndex": 2,"trSubtype": "","trType": "t","trm": [ "a:a,b,c;1/4,0,0" ] },{ "det": 1.0,"i": 5,"subgroup": 29,"subgroupHM": "Pca21","subgroupIndex": 2,"trSubtype": "","trType": "t","trm": [ "a:c,b,-a;0,0,1/4" ] },{ "det": 1.0,"i": 6,"subgroup": 32,"subgroupHM": "Pba2","subgroupIndex": 2,"trSubtype": "","trType": "t","trm": [ "a:a,-c,b;0,0,1/4" ] },{ "det": 2.0,"i": 7,"subgroup": 52,"subgroupHM": "Pnna","subgroupIndex": 2,"trSubtype": "eu","trType": "k","trm": [ "a:c,a,2b;0,1/2,0","b:c,a,2b" ] },{ "det": 2.0,"i": 8,"subgroup": 54,"subgroupHM": "Pcca","subgroupIndex": 2,"trSubtype": "eu","trType": "k","trm": [ "a:a,2b,c;0,1/2,0","b:a,2b,c" ] },{ "det": 3.0,"i": 9,"subgroup": 54,"subgroupHM": "Pcca","subgroupIndex": 3,"trSubtype": "eu","trType": "k","trm": [ "a:a,b,3c","a:a,b,3c;0,0,1","a:a,b,3c;0,0,2","b:a,3b,c","b:a,3b,c;0,1,0","b:a,3b,c;0,2,0","c:3a,b,c","c:3a,b,c;1,0,0","c:3a,b,c;2,0,0" ] },{ "det": 2.0,"i": 10,"subgroup": 56,"subgroupHM": "Pccn","subgroupIndex": 2,"trSubtype": "eu","trType": "k","trm": [ "a:a,2b,c;0,1/2,0","b:a,2b,c" ] },{ "det": 2.0,"i": 11,"subgroup": 60,"subgroupHM": "Pbcn","subgroupIndex": 2,"trSubtype": "eu","trType": "k","trm": [ "a:2b,c,a;0,1/2,0","b:2b,c,a" ] } ] }