{ "HM": "P63/mmc","created": "Tue Apr 09 11:05:01 CDT 2024","nSettings": 20,"nSubgroups": 11,"sg": 194,"subgroups": [ { "det": 2.0,"i": 1,"subgroup": 63,"subgroupHM": "Cmcm","subgroupIndex": 3,"trSubtype": "","trType": "t","trm": [ "a:-a-b,a-b,c","a:a,a+2b,c","a:b,-2a-b,c" ] },{ "det": 1.0,"i": 2,"subgroup": 163,"subgroupHM": "P-31c","subgroupIndex": 2,"trSubtype": "","trType": "t","trm": [ "a:a,b,c" ] },{ "det": 1.0,"i": 3,"subgroup": 164,"subgroupHM": "P-3m1","subgroupIndex": 2,"trSubtype": "","trType": "t","trm": [ "a:a,b,c" ] },{ "det": 1.0,"i": 4,"subgroup": 176,"subgroupHM": "P63/m","subgroupIndex": 2,"trSubtype": "","trType": "t","trm": [ "a:a,b,c" ] },{ "det": 1.0,"i": 5,"subgroup": 182,"subgroupHM": "P6322","subgroupIndex": 2,"trSubtype": "","trType": "t","trm": [ "a:a,b,c" ] },{ "det": 1.0,"i": 6,"subgroup": 186,"subgroupHM": "P63mc","subgroupIndex": 2,"trSubtype": "","trType": "t","trm": [ "a:a,b,c" ] },{ "det": 1.0,"i": 7,"subgroup": 187,"subgroupHM": "P-6m2","subgroupIndex": 2,"trSubtype": "","trType": "t","trm": [ "a:a,b,c;0,0,1/4" ] },{ "det": 1.0,"i": 8,"subgroup": 190,"subgroupHM": "P-62c","subgroupIndex": 2,"trSubtype": "","trType": "t","trm": [ "a:a,b,c" ] },{ "det": 3.0,"i": 9,"subgroup": 193,"subgroupHM": "P63/mcm","subgroupIndex": 3,"trSubtype": "eu","trType": "k","trm": [ "a:a-b,a+2b,c","a:a-b,a+2b,c;1,0,0","a:a-b,a+2b,c;1,1,0" ] },{ "det": 3.0,"i": 10,"subgroup": 194,"subgroupHM": "P63/mmc","subgroupIndex": 3,"trSubtype": "eu","trType": "k","trm": [ "a:a,b,3c","a:a,b,3c;0,0,1","a:a,b,3c;0,0,2" ] },{ "det": 4.0,"i": 11,"subgroup": 194,"subgroupHM": "P63/mmc","subgroupIndex": 4,"trSubtype": "eu","trType": "k","trm": [ "a:2a,2b,c","a:2a,2b,c;1,0,0","a:2a,2b,c;0,1,0","a:2a,2b,c;1,1,0" ] } ] }