{ "created": "Thu Oct 10 11:53:27 CDT 2024","hm": "F222","nSettings": 24,"nSubgroups": 4,"sg": 22,"subgroups": [ { "det": 0.5,"hm": "C2","i": 1,"n": 3,"sg": 5,"subgroupIndex": 2,"trSubtype": "","trType": "t","trms": [ { "conjClass": "a","trm": "c,a,1/2b-1/2c" },{ "conjClass": "b","trm": "a,b,-1/2a+1/2c" },{ "conjClass": "c","trm": "b,c,1/2a-1/2b" } ] },{ "det": 1.0,"hm": "C2221","i": 2,"n": 6,"sg": 20,"subgroupIndex": 2,"trSubtype": "ct","trType": "k","trms": [ { "conjClass": "a","trm": "a,b,c;1/4,0,0" },{ "conjClass": "b","trm": "a,b,c;0,1/4,1/4" },{ "conjClass": "c","trm": "c,a,b;1/4,1/4,0" },{ "conjClass": "d","trm": "c,a,b;0,0,1/4" },{ "conjClass": "e","trm": "b,c,a;0,1/4,0" },{ "conjClass": "f","trm": "b,c,a;1/4,0,1/4" } ] },{ "det": 1.0,"hm": "C222","i": 3,"n": 6,"sg": 21,"subgroupIndex": 2,"trSubtype": "ct","trType": "k","trms": [ { "conjClass": "a","trm": "a,b,c;1/4,1/4,1/4" },{ "conjClass": "b","trm": "a,b,c" },{ "conjClass": "c","trm": "c,a,b;1/4,1/4,1/4" },{ "conjClass": "d","trm": "c,a,b" },{ "conjClass": "e","trm": "b,c,a;1/4,1/4,1/4" },{ "conjClass": "f","trm": "b,c,a" } ] },{ "det": 1.0,"hm": "F222","i": 4,"n": 9,"sg": 22,"subgroupIndex": 3,"trSubtype": "eu","trType": "k","trms": [ { "conjClass": "a","trm": "a,b,c" },{ "conjClass": "a","trm": "a,b,c;0,0,1" },{ "conjClass": "a","trm": "a,b,c;0,0,2" },{ "conjClass": "b","trm": "a,b,c" },{ "conjClass": "b","trm": "a,b,c;0,1,0" },{ "conjClass": "b","trm": "a,b,c;0,2,0" },{ "conjClass": "c","trm": "a,b,c" },{ "conjClass": "c","trm": "a,b,c;1,0,0" },{ "conjClass": "c","trm": "a,b,c;2,0,0" } ] } ] }