{ "created": "Thu Oct 10 11:54:05 CDT 2024","hm": "P-6m2","nSettings": 26,"nSubgroups": 9,"sg": 187,"subgroups": [ { "det": 1.0,"hm": "Amm2","i": 1,"n": 3,"sg": 38,"subgroupIndex": 3,"trSubtype": "","trType": "t","trms": [ { "conjClass": "a","trm": "c,-a-b,a-b" },{ "conjClass": "a","trm": "c,a,a+b" },{ "conjClass": "a","trm": "c,b,-a-b" } ] },{ "det": 1.0,"hm": "P312","i": 2,"n": 1,"sg": 149,"subgroupIndex": 2,"trSubtype": "","trType": "t","trms": [ { "conjClass": "a","trm": "a,b,c" } ] },{ "det": 1.0,"hm": "P3m1","i": 3,"n": 1,"sg": 156,"subgroupIndex": 2,"trSubtype": "","trType": "t","trms": [ { "conjClass": "a","trm": "a,b,c" } ] },{ "det": 1.0,"hm": "P-6","i": 4,"n": 1,"sg": 174,"subgroupIndex": 2,"trSubtype": "","trType": "t","trms": [ { "conjClass": "a","trm": "a,b,c" } ] },{ "det": 1.0,"hm": "P-6m2","i": 5,"n": 2,"sg": 187,"subgroupIndex": 2,"trSubtype": "eu","trType": "k","trms": [ { "conjClass": "a","trm": "a,b,c;0,0,1/2" },{ "conjClass": "b","trm": "a,b,c" } ] },{ "det": 1.0,"hm": "P-6m2","i": 6,"n": 3,"sg": 187,"subgroupIndex": 3,"trSubtype": "eu","trType": "k","trms": [ { "conjClass": "a","trm": "a,b,c" },{ "conjClass": "a","trm": "a,b,c;0,0,1" },{ "conjClass": "a","trm": "a,b,c;0,0,2" } ] },{ "det": 1.0,"hm": "P-6m2","i": 7,"n": 4,"sg": 187,"subgroupIndex": 4,"trSubtype": "eu","trType": "k","trms": [ { "conjClass": "a","trm": "a,b,c" },{ "conjClass": "a","trm": "a,b,c;1,0,0" },{ "conjClass": "a","trm": "a,b,c;0,1,0" },{ "conjClass": "a","trm": "a,b,c;1,1,0" } ] },{ "det": 1.0,"hm": "P-6c2","i": 8,"n": 2,"sg": 188,"subgroupIndex": 2,"trSubtype": "eu","trType": "k","trms": [ { "conjClass": "a","trm": "a,b,c;0,0,1/2" },{ "conjClass": "b","trm": "a,b,c" } ] },{ "det": 2.0,"hm": "P-62m","i": 9,"n": 9,"sg": 189,"subgroupIndex": 3,"trSubtype": "eu","trType": "k","trms": [ { "conjClass": "a","trm": "a-b,a+b,c;1/3,2/3,0" },{ "conjClass": "a","trm": "a-b,a+b,c;4/3,2/3,0" },{ "conjClass": "a","trm": "a-b,a+b,c;7/3,2/3,0" },{ "conjClass": "b","trm": "a-b,a+b,c;2/3,1/3,0" },{ "conjClass": "b","trm": "a-b,a+b,c;2/3,4/3,0" },{ "conjClass": "b","trm": "a-b,a+b,c;2/3,7/3,0" },{ "conjClass": "c","trm": "a-b,a+b,c" },{ "conjClass": "c","trm": "a-b,a+b,c;1,0,0" },{ "conjClass": "c","trm": "a-b,a+b,c;1,1,0" } ] } ] }