{ "created": "Thu Oct 10 11:53:38 CDT 2024","hm": "I-4","nSettings": 6,"nSubgroups": 3,"sg": 82,"subgroups": [ { "det": 1.0,"hm": "C2","i": 1,"n": 1,"sg": 5,"subgroupIndex": 2,"trSubtype": "","trType": "t","trms": [ { "conjClass": "a","trm": "-a-b,c,b" } ] },{ "det": 1.0,"hm": "P-4","i": 2,"n": 2,"sg": 81,"subgroupIndex": 2,"trSubtype": "ct","trType": "k","trms": [ { "conjClass": "a","trm": "a,b,c;1/2,0,1/4" },{ "conjClass": "b","trm": "a,b,c" } ] },{ "det": 1.0,"hm": "I-4","i": 3,"n": 3,"sg": 82,"subgroupIndex": 3,"trSubtype": "eu","trType": "k","trms": [ { "conjClass": "a","trm": "a,b,c" },{ "conjClass": "a","trm": "a,b,c;0,0,1" },{ "conjClass": "a","trm": "a,b,c;0,0,2" } ] } ] }