{ "created": "Thu Oct 10 11:53:33 CDT 2024","hm": "Pbcn","nSettings": 16,"nSubgroups": 7,"sg": 60,"subgroups": [ { "det": 1.0,"hm": "P2/c","i": 1,"n": 1,"sg": 13,"subgroupIndex": 2,"trSubtype": "","trType": "t","trms": [ { "conjClass": "a","trm": "a,b,c" } ] },{ "det": 1.0,"hm": "P21/c","i": 2,"n": 2,"sg": 14,"subgroupIndex": 2,"trSubtype": "","trType": "t","trms": [ { "conjClass": "a","trm": "c,a,b" },{ "conjClass": "b","trm": "a,c,-a-b" } ] },{ "det": 1.0,"hm": "P21212","i": 3,"n": 1,"sg": 18,"subgroupIndex": 2,"trSubtype": "","trType": "t","trms": [ { "conjClass": "a","trm": "c,a,b;0,1/4,1/4" } ] },{ "det": 1.0,"hm": "Pca21","i": 4,"n": 1,"sg": 29,"subgroupIndex": 2,"trSubtype": "","trType": "t","trms": [ { "conjClass": "a","trm": "-b,a,c;1/4,1/4,0" } ] },{ "det": 1.0,"hm": "Pnc2","i": 5,"n": 1,"sg": 30,"subgroupIndex": 2,"trSubtype": "","trType": "t","trms": [ { "conjClass": "a","trm": "c,a,b;0,0,1/4" } ] },{ "det": 1.0,"hm": "Pna21","i": 6,"n": 1,"sg": 33,"subgroupIndex": 2,"trSubtype": "","trType": "t","trms": [ { "conjClass": "a","trm": "c,b,-a;0,1/4,0" } ] },{ "det": 1.0,"hm": "Pbcn","i": 7,"n": 9,"sg": 60,"subgroupIndex": 3,"trSubtype": "eu","trType": "k","trms": [ { "conjClass": "a","trm": "a,b,c" },{ "conjClass": "a","trm": "a,b,c;0,0,1" },{ "conjClass": "a","trm": "a,b,c;0,0,2" },{ "conjClass": "b","trm": "a,b,c" },{ "conjClass": "b","trm": "a,b,c;0,1,0" },{ "conjClass": "b","trm": "a,b,c;0,2,0" },{ "conjClass": "c","trm": "a,b,c" },{ "conjClass": "c","trm": "a,b,c;1,0,0" },{ "conjClass": "c","trm": "a,b,c;2,0,0" } ] } ] }