{ "created": "Thu Oct 10 11:54:12 CDT 2024","hm": "F-43c","nSettings": 16,"nSubgroups": 4,"sg": 219,"subgroups": [ { "det": 0.5,"hm": "I-4c2","i": 1,"n": 3,"sg": 120,"subgroupIndex": 3,"trSubtype": "","trType": "t","trms": [ { "conjClass": "a","trm": "1/2a-1/2b,1/2a+1/2b,c;0,0,1/4" },{ "conjClass": "a","trm": "1/2b-1/2c,1/2b+1/2c,a;1/4,0,0" },{ "conjClass": "a","trm": "-1/2a+1/2c,1/2a+1/2c,b;0,1/4,0" } ] },{ "det": 0.75,"hm": "R3c","i": 2,"n": 4,"sg": 161,"subgroupIndex": 4,"trSubtype": "","trType": "t","trms": [ { "conjClass": "a","trm": "-1/2a+1/2b,-1/2b+1/2c,a+b+c" },{ "conjClass": "a","trm": "1/2a+1/2b,-1/2b-1/2c,-a+b-c" },{ "conjClass": "a","trm": "-1/2a-1/2b,1/2b-1/2c,a-b-c" },{ "conjClass": "a","trm": "1/2a-1/2b,1/2b+1/2c,-a-b+c" } ] },{ "det": 1.0,"hm": "F23","i": 3,"n": 1,"sg": 196,"subgroupIndex": 2,"trSubtype": "","trType": "t","trms": [ { "conjClass": "a","trm": "a,b,c" } ] },{ "det": 1.0,"hm": "P-43n","i": 4,"n": 8,"sg": 218,"subgroupIndex": 4,"trSubtype": "ct","trType": "k","trms": [ { "conjClass": "a","trm": "a,b,c;1/4,1/4,1/4" },{ "conjClass": "a","trm": "a,b,c;3/4,1/4,3/4" },{ "conjClass": "a","trm": "a,b,c;1/4,3/4,3/4" },{ "conjClass": "a","trm": "a,b,c;3/4,3/4,1/4" },{ "conjClass": "b","trm": "a,b,c" },{ "conjClass": "b","trm": "a,b,c;1/2,1/2,0" },{ "conjClass": "b","trm": "a,b,c;0,1/2,1/2" },{ "conjClass": "b","trm": "a,b,c;1/2,0,1/2" } ] } ] }