{ "created": "Thu Oct 10 11:54:10 CDT 2024","hm": "Pa-3","nSettings": 6,"nSubgroups": 3,"sg": 205,"subgroups": [ { "det": 1.0,"hm": "Pbca","i": 1,"n": 1,"sg": 61,"subgroupIndex": 3,"trSubtype": "","trType": "t","trms": [ { "conjClass": "a","trm": "a,b,c" } ] },{ "det": 3.0,"hm": "R-3","i": 2,"n": 4,"sg": 148,"subgroupIndex": 4,"trSubtype": "","trType": "t","trms": [ { "conjClass": "a","trm": "a-b,b-c,a+b+c" },{ "conjClass": "a","trm": "-a-b,b+c,-a+b-c;0,1/2,1/2" },{ "conjClass": "a","trm": "a+b,-b+c,a-b-c;1/2,1/2,0" },{ "conjClass": "a","trm": "-a+b,-b-c,-a-b+c;1/2,0,1/2" } ] },{ "det": 1.0,"hm": "P213","i": 3,"n": 1,"sg": 198,"subgroupIndex": 2,"trSubtype": "","trType": "t","trms": [ { "conjClass": "a","trm": "a,b,c" } ] } ] }